2025-12-16 18:00:49,801 [INFO] Activator:176 - 


2025-12-16 18:00:49,802 [INFO] Activator:177 - !SESSION log4j initialized
2025-12-16 18:00:52,064 [INFO] LogOutputStream:77 - [STDOUT_REDIRECT] 
2025-12-16 18:09:50,696 [INFO] Activator:176 - 


2025-12-16 18:09:50,698 [INFO] Activator:177 - !SESSION log4j initialized
2025-12-16 18:09:55,407 [INFO] LogOutputStream:77 - [STDOUT_REDIRECT] 
2025-12-16 18:09:57,528 [INFO] ApplicationProperties:184 - Using Application install path: C:\ST\STM32CubeIDE_1.19.0\STM32CubeIDE\plugins\com.st.stm32cube.common.mx_6.15.0.202507011659
2025-12-16 18:09:57,615 [INFO] DbMcusXml:78 - Set database path to: C:\ST\STM32CubeIDE_1.19.0\STM32CubeIDE\plugins\com.st.stm32cube.common.mx_6.15.0.202507011659\\db\/mcu/
2025-12-16 18:09:57,616 [INFO] ApiDb:274 - Set plugin database path to: C:\ST\STM32CubeIDE_1.19.0\STM32CubeIDE\plugins\com.st.stm32cube.common.mx_6.15.0.202507011659\\db\/plugins/boardmanager/
2025-12-16 18:09:57,617 [WARN] ApiDb:259 - Overriding images path with different value:  => C:\ST\STM32CubeIDE_1.19.0\STM32CubeIDE\plugins\com.st.stm32cube.common.mx_6.15.0.202507011659\\db\/plugins/mcufinder/images/
2025-12-16 18:09:57,631 [INFO] ApiDb:250 - Set database path to: C:\Users\Fabio Marçal\.stmcufinder\plugins\mcufinder//mcu/
2025-12-16 18:09:57,634 [INFO] DbMcusAds:125 - Set database path to: C:\Users\Fabio Marçal\.stmcufinder\plugins\mcufinder//mcu/
2025-12-16 18:09:57,640 [INFO] CrossReferenceDbSqlite:203 - Set database path to: C:\Users\Fabio Marçal\.stmcufinder\plugins\mcufinder//mcu/cs/
2025-12-16 18:09:57,955 [INFO] RulesReader:64 - Compatibility file has been processed (317 Rules)
2025-12-16 18:09:58,163 [INFO] DbMcusXml:78 - Set database path to: C:\ST\STM32CubeIDE_1.19.0\STM32CubeIDE\plugins\com.st.stm32cube.common.mx_6.15.0.202507011659\\db\/mcu/
2025-12-16 18:09:58,163 [INFO] ApiDb:274 - Set plugin database path to: C:\ST\STM32CubeIDE_1.19.0\STM32CubeIDE\plugins\com.st.stm32cube.common.mx_6.15.0.202507011659\\db\/plugins/boardmanager/
2025-12-16 18:09:58,163 [INFO] ApiDb:261 - Set plugin images path to: C:\ST\STM32CubeIDE_1.19.0\STM32CubeIDE\plugins\com.st.stm32cube.common.mx_6.15.0.202507011659\\db\/plugins/mcufinder/images/
2025-12-16 18:09:58,163 [WARN] DbFile:41 - Overriding database path with different value: C:\Users\Fabio Marçal\.stmcufinder\plugins\mcufinder/ => C:\Users\Fabio Marçal\.stmcufinder\plugins\mcufinder
2025-12-16 18:09:58,164 [INFO] ApiDb:250 - Set database path to: C:\Users\Fabio Marçal\.stmcufinder\plugins\mcufinder//mcu/
2025-12-16 18:09:58,164 [WARN] DbFile:41 - Overriding database path with different value: C:\Users\Fabio Marçal\.stmcufinder\plugins\mcufinder/ => C:\Users\Fabio Marçal\.stmcufinder\plugins\mcufinder
2025-12-16 18:09:58,164 [INFO] DbMcusAds:125 - Set database path to: C:\Users\Fabio Marçal\.stmcufinder\plugins\mcufinder//mcu/
2025-12-16 18:09:58,164 [WARN] DbFile:41 - Overriding database path with different value: C:\Users\Fabio Marçal\.stmcufinder\plugins\mcufinder/ => C:\Users\Fabio Marçal\.stmcufinder\plugins\mcufinder
2025-12-16 18:09:58,164 [WARN] DbFile:41 - Overriding database path with different value: C:\Users\Fabio Marçal\.stmcufinder\plugins\mcufinder/ => C:\Users\Fabio Marçal\.stmcufinder\plugins\mcufinder
2025-12-16 18:09:58,164 [INFO] CrossReferenceDbSqlite:203 - Set database path to: C:\Users\Fabio Marçal\.stmcufinder\plugins\mcufinder//mcu/cs/
2025-12-16 18:09:58,307 [INFO] MainPanel:274 - HeapMemory: 282066944
2025-12-16 18:09:58,570 [INFO] DbMcusXml:78 - Set database path to: C:\ST\STM32CubeIDE_1.19.0\STM32CubeIDE\plugins\com.st.stm32cube.common.mx_6.15.0.202507011659\\db\/mcu/
2025-12-16 18:09:58,572 [INFO] ApiDb:274 - Set plugin database path to: C:\ST\STM32CubeIDE_1.19.0\STM32CubeIDE\plugins\com.st.stm32cube.common.mx_6.15.0.202507011659\\db\/plugins/boardmanager/
2025-12-16 18:09:58,572 [INFO] ApiDb:261 - Set plugin images path to: C:\ST\STM32CubeIDE_1.19.0\STM32CubeIDE\plugins\com.st.stm32cube.common.mx_6.15.0.202507011659\\db\/plugins/mcufinder/images/
2025-12-16 18:09:58,574 [WARN] DbFile:41 - Overriding database path with different value: C:\Users\Fabio Marçal\.stmcufinder\plugins\mcufinder/ => C:\Users\Fabio Marçal\.stmcufinder\plugins\mcufinder
2025-12-16 18:09:58,574 [INFO] ApiDb:250 - Set database path to: C:\Users\Fabio Marçal\.stmcufinder\plugins\mcufinder//mcu/
2025-12-16 18:09:58,574 [WARN] DbFile:41 - Overriding database path with different value: C:\Users\Fabio Marçal\.stmcufinder\plugins\mcufinder/ => C:\Users\Fabio Marçal\.stmcufinder\plugins\mcufinder
2025-12-16 18:09:58,574 [INFO] DbMcusAds:125 - Set database path to: C:\Users\Fabio Marçal\.stmcufinder\plugins\mcufinder//mcu/
2025-12-16 18:09:58,574 [WARN] DbFile:41 - Overriding database path with different value: C:\Users\Fabio Marçal\.stmcufinder\plugins\mcufinder/ => C:\Users\Fabio Marçal\.stmcufinder\plugins\mcufinder
2025-12-16 18:09:58,574 [WARN] DbFile:41 - Overriding database path with different value: C:\Users\Fabio Marçal\.stmcufinder\plugins\mcufinder/ => C:\Users\Fabio Marçal\.stmcufinder\plugins\mcufinder
2025-12-16 18:09:58,574 [INFO] CrossReferenceDbSqlite:203 - Set database path to: C:\Users\Fabio Marçal\.stmcufinder\plugins\mcufinder//mcu/cs/
2025-12-16 18:09:58,611 [INFO] ApplicationProperties:184 - Using Application install path: C:\ST\STM32CubeIDE_1.19.0\STM32CubeIDE\plugins\com.st.stm32cube.common.mx_6.15.0.202507011659
2025-12-16 18:09:58,614 [INFO] PluginManage:196 - Search for loadable plugins [exclusion list=, ]
2025-12-16 18:09:58,619 [INFO] PluginManage:310 - Check plugin analytics
2025-12-16 18:09:59,240 [INFO] AnalyticsPlugin:253 - Accepted Software Licenses: 
2025-12-16 18:09:59,241 [INFO] AnalyticsPlugin:255 - Accepted CMSIS Pack Licenses: 
2025-12-16 18:09:59,241 [INFO] AnalyticsPlugin:257 - Accepted Firmware Licenses: FW.G0.1.6.0,FW.G4.1.6.0,FW.H7.1.12.0
2025-12-16 18:09:59,251 [INFO] PluginManage:359 - Loaded plugin analytics (category:tool,tabindex:-1)
2025-12-16 18:09:59,251 [INFO] PluginManage:310 - Check plugin cadmodel
2025-12-16 18:09:59,273 [INFO] CADModel:105 - Init CAD model plugin
2025-12-16 18:09:59,273 [INFO] PluginManage:359 - Loaded plugin cadmodel (category:power,tabindex:5)
2025-12-16 18:09:59,274 [INFO] PluginManage:310 - Check plugin clock
2025-12-16 18:09:59,297 [INFO] PluginManage:359 - Loaded plugin clock (category:base,tabindex:2)
2025-12-16 18:09:59,297 [INFO] PluginManage:310 - Check plugin ddr
2025-12-16 18:09:59,303 [INFO] PluginManage:359 - Loaded plugin ddr (category:tool,tabindex:6)
2025-12-16 18:09:59,303 [INFO] PluginManage:310 - Check plugin filemanager
2025-12-16 18:09:59,622 [INFO] PluginManage:359 - Loaded plugin filemanager (category:base,tabindex:10)
2025-12-16 18:09:59,622 [INFO] PluginManage:310 - Check plugin ipmanager
2025-12-16 18:09:59,637 [INFO] PluginManage:359 - Loaded plugin ipmanager (category:base,tabindex:5)
2025-12-16 18:09:59,637 [INFO] PluginManage:310 - Check plugin lpbam
2025-12-16 18:09:59,654 [INFO] PluginManage:359 - Loaded plugin lpbam (category:base,tabindex:0)
2025-12-16 18:09:59,654 [INFO] PluginManage:310 - Check plugin memorymap
2025-12-16 18:09:59,708 [INFO] PluginManage:359 - Loaded plugin memorymap (category:base,tabindex:4)
2025-12-16 18:09:59,708 [INFO] PluginManage:310 - Check plugin pinoutandconfiguration
2025-12-16 18:09:59,729 [INFO] PluginManage:359 - Loaded plugin pinoutandconfiguration (category:base,tabindex:1)
2025-12-16 18:09:59,729 [INFO] PluginManage:310 - Check plugin pinoutconfig
2025-12-16 18:09:59,997 [WARN] SupportedApi:132 - Cannot load RTOS API schema: s4s-elt-must-match.1: The content of 'definitions' must match (annotation?, (simpleType | complexType)?, (unique | key | keyref)*)). A problem was found starting at: attribute.
2025-12-16 18:10:00,507 [INFO] PluginManage:359 - Loaded plugin pinoutconfig (category:base,tabindex:0)
2025-12-16 18:10:00,507 [INFO] PluginManage:310 - Check plugin power
2025-12-16 18:10:00,525 [INFO] PluginManage:359 - Loaded plugin power (category:power,tabindex:4)
2025-12-16 18:10:00,525 [INFO] PluginManage:310 - Check plugin projectmanager
2025-12-16 18:10:00,552 [INFO] PluginManage:359 - Loaded plugin projectmanager (category:projectmanager,tabindex:4)
2025-12-16 18:10:00,552 [INFO] PluginManage:310 - Check plugin rif
2025-12-16 18:10:00,581 [INFO] PluginManage:359 - Loaded plugin rif (category:base,tabindex:3)
2025-12-16 18:10:00,581 [INFO] PluginManage:310 - Check plugin thirdparty
2025-12-16 18:10:00,915 [WARN] IntegrityCheckThread:84 - waiting for thirdparty lock release [integrity check]
2025-12-16 18:10:00,915 [INFO] IntegrityCheckThread:86 - entering critical section [integrity check]
2025-12-16 18:10:00,915 [INFO] ThirdPartyUpdaterWithRetryManager:70 - Updater plugin not ready yet. [1/15]
2025-12-16 18:10:00,916 [INFO] PluginManage:359 - Loaded plugin thirdparty (category:base,tabindex:-1)
2025-12-16 18:10:00,916 [INFO] PluginManage:310 - Check plugin tools
2025-12-16 18:10:00,922 [INFO] PluginManage:359 - Loaded plugin tools (category:base,tabindex:7)
2025-12-16 18:10:00,922 [INFO] PluginManage:310 - Check plugin tutovideos
2025-12-16 18:10:01,400 [INFO] PluginManage:359 - Loaded plugin tutovideos (category:base,tabindex:-1)
2025-12-16 18:10:01,400 [INFO] PluginManage:310 - Check plugin updater
2025-12-16 18:10:01,427 [INFO] PluginManage:359 - Loaded plugin updater (category:base,tabindex:12)
2025-12-16 18:10:01,427 [INFO] PluginManage:310 - Check plugin userauth
2025-12-16 18:10:01,437 [INFO] UserAuth:118 - Init User Auth plugin
2025-12-16 18:10:01,440 [INFO] PluginManage:359 - Loaded plugin userauth (category:base,tabindex:14)
2025-12-16 18:10:01,441 [INFO] PluginManage:283 - PluginManage : Loaded plugins [18]
2025-12-16 18:10:01,714 [INFO] PinOutPanel:1589 - setPackage(No Configuration,No Configuration)
2025-12-16 18:10:01,794 [INFO] CADModel:165 - CPN selected for project level
2025-12-16 18:10:01,794 [INFO] CADModel:114 - Register for checkConnection events
2025-12-16 18:10:01,808 [INFO] IPUIPlugin:80 - create IPUIPlugin
2025-12-16 18:10:01,808 [INFO] PluginManager:220 - loadIPPluginJar : add adc
2025-12-16 18:10:01,811 [INFO] IPUIPlugin:80 - create IPUIPlugin
2025-12-16 18:10:01,811 [INFO] PluginManager:220 - loadIPPluginJar : add aes
2025-12-16 18:10:01,813 [INFO] IPUIPlugin:80 - create IPUIPlugin
2025-12-16 18:10:01,814 [INFO] PluginManager:220 - loadIPPluginJar : add can
2025-12-16 18:10:01,815 [INFO] IPUIPlugin:80 - create IPUIPlugin
2025-12-16 18:10:01,815 [INFO] PluginManager:220 - loadIPPluginJar : add comp
2025-12-16 18:10:01,817 [INFO] IPUIPlugin:80 - create IPUIPlugin
2025-12-16 18:10:01,817 [INFO] PluginManager:220 - loadIPPluginJar : add cryp
2025-12-16 18:10:01,820 [INFO] IPUIPlugin:80 - create IPUIPlugin
2025-12-16 18:10:01,820 [INFO] PluginManager:220 - loadIPPluginJar : add ddr_ctrl_phy
2025-12-16 18:10:01,822 [INFO] IPUIPlugin:80 - create IPUIPlugin
2025-12-16 18:10:01,822 [INFO] PluginManager:220 - loadIPPluginJar : add dfsdm
2025-12-16 18:10:01,828 [INFO] IPUIPlugin:80 - create IPUIPlugin
2025-12-16 18:10:01,829 [INFO] PluginManager:220 - loadIPPluginJar : add dma
2025-12-16 18:10:01,833 [INFO] IPUIPlugin:80 - create IPUIPlugin
2025-12-16 18:10:01,833 [INFO] PluginManager:220 - loadIPPluginJar : add dma3
2025-12-16 18:10:01,836 [INFO] IPUIPlugin:80 - create IPUIPlugin
2025-12-16 18:10:01,836 [INFO] PluginManager:220 - loadIPPluginJar : add extmemmanager
2025-12-16 18:10:01,838 [INFO] IPUIPlugin:80 - create IPUIPlugin
2025-12-16 18:10:01,838 [INFO] PluginManager:220 - loadIPPluginJar : add fatfs
2025-12-16 18:10:01,843 [INFO] IPUIPlugin:80 - create IPUIPlugin
2025-12-16 18:10:01,843 [INFO] PluginManager:220 - loadIPPluginJar : add fmc
2025-12-16 18:10:01,852 [INFO] IPUIPlugin:80 - create IPUIPlugin
2025-12-16 18:10:01,853 [INFO] PluginManager:220 - loadIPPluginJar : add freertos
2025-12-16 18:10:01,855 [INFO] IPUIPlugin:80 - create IPUIPlugin
2025-12-16 18:10:01,855 [INFO] PluginManager:220 - loadIPPluginJar : add genericplugin
2025-12-16 18:10:01,857 [INFO] IPUIPlugin:80 - create IPUIPlugin
2025-12-16 18:10:01,857 [INFO] PluginManager:220 - loadIPPluginJar : add gfxmmu
2025-12-16 18:10:01,860 [INFO] IPUIPlugin:80 - create IPUIPlugin
2025-12-16 18:10:01,861 [INFO] PluginManager:220 - loadIPPluginJar : add gic
2025-12-16 18:10:01,864 [INFO] IPUIPlugin:80 - create IPUIPlugin
2025-12-16 18:10:01,864 [INFO] PluginManager:220 - loadIPPluginJar : add gpio
2025-12-16 18:10:01,866 [INFO] IPUIPlugin:80 - create IPUIPlugin
2025-12-16 18:10:01,866 [INFO] PluginManager:220 - loadIPPluginJar : add gtzc
2025-12-16 18:10:01,867 [INFO] IPUIPlugin:80 - create IPUIPlugin
2025-12-16 18:10:01,868 [INFO] PluginManager:220 - loadIPPluginJar : add hash
2025-12-16 18:10:01,869 [INFO] IPUIPlugin:80 - create IPUIPlugin
2025-12-16 18:10:01,870 [INFO] PluginManager:220 - loadIPPluginJar : add i2c
2025-12-16 18:10:01,872 [INFO] IPUIPlugin:80 - create IPUIPlugin
2025-12-16 18:10:01,872 [INFO] PluginManager:220 - loadIPPluginJar : add i2s
2025-12-16 18:10:01,875 [INFO] IPUIPlugin:80 - create IPUIPlugin
2025-12-16 18:10:01,875 [INFO] PluginManager:220 - loadIPPluginJar : add i3c
2025-12-16 18:10:01,878 [INFO] IPUIPlugin:80 - create IPUIPlugin
2025-12-16 18:10:01,878 [INFO] PluginManager:220 - loadIPPluginJar : add ipddr
2025-12-16 18:10:01,884 [INFO] IPUIPlugin:80 - create IPUIPlugin
2025-12-16 18:10:01,884 [INFO] PluginManager:220 - loadIPPluginJar : add linkedlist
2025-12-16 18:10:01,888 [INFO] IPUIPlugin:80 - create IPUIPlugin
2025-12-16 18:10:01,888 [INFO] PluginManager:220 - loadIPPluginJar : add lorawan
2025-12-16 18:10:01,889 [INFO] IPUIPlugin:80 - create IPUIPlugin
2025-12-16 18:10:01,890 [INFO] PluginManager:220 - loadIPPluginJar : add ltdc
2025-12-16 18:10:01,896 [INFO] IPUIPlugin:80 - create IPUIPlugin
2025-12-16 18:10:01,896 [INFO] PluginManager:220 - loadIPPluginJar : add mdma
2025-12-16 18:10:01,899 [INFO] IPUIPlugin:80 - create IPUIPlugin
2025-12-16 18:10:01,899 [INFO] PluginManager:220 - loadIPPluginJar : add nvic
2025-12-16 18:10:01,901 [INFO] IPUIPlugin:80 - create IPUIPlugin
2025-12-16 18:10:01,901 [INFO] PluginManager:220 - loadIPPluginJar : add opamp
2025-12-16 18:10:01,904 [INFO] IPUIPlugin:80 - create IPUIPlugin
2025-12-16 18:10:01,905 [INFO] PluginManager:220 - loadIPPluginJar : add openamp
2025-12-16 18:10:01,907 [INFO] IPUIPlugin:80 - create IPUIPlugin
2025-12-16 18:10:01,908 [INFO] PluginManager:220 - loadIPPluginJar : add pdm2pcm
2025-12-16 18:10:01,913 [INFO] IPUIPlugin:80 - create IPUIPlugin
2025-12-16 18:10:01,915 [INFO] PluginManager:220 - loadIPPluginJar : add plateformsettings
2025-12-16 18:10:01,916 [INFO] IPUIPlugin:80 - create IPUIPlugin
2025-12-16 18:10:01,916 [INFO] PluginManager:220 - loadIPPluginJar : add quadspi
2025-12-16 18:10:01,918 [INFO] IPUIPlugin:80 - create IPUIPlugin
2025-12-16 18:10:01,919 [INFO] PluginManager:220 - loadIPPluginJar : add radio
2025-12-16 18:10:01,921 [INFO] IPUIPlugin:80 - create IPUIPlugin
2025-12-16 18:10:01,921 [INFO] PluginManager:220 - loadIPPluginJar : add resmgrutility
2025-12-16 18:10:01,924 [INFO] IPUIPlugin:80 - create IPUIPlugin
2025-12-16 18:10:01,924 [INFO] PluginManager:220 - loadIPPluginJar : add sai
2025-12-16 18:10:01,926 [INFO] IPUIPlugin:80 - create IPUIPlugin
2025-12-16 18:10:01,926 [INFO] PluginManager:220 - loadIPPluginJar : add spi
2025-12-16 18:10:01,931 [INFO] IPUIPlugin:80 - create IPUIPlugin
2025-12-16 18:10:01,931 [INFO] PluginManager:220 - loadIPPluginJar : add stm32_wpan
2025-12-16 18:10:01,932 [INFO] IPUIPlugin:80 - create IPUIPlugin
2025-12-16 18:10:01,932 [INFO] PluginManager:220 - loadIPPluginJar : add tim
2025-12-16 18:10:01,934 [INFO] IPUIPlugin:80 - create IPUIPlugin
2025-12-16 18:10:01,934 [INFO] PluginManager:220 - loadIPPluginJar : add touchsensing
2025-12-16 18:10:01,936 [INFO] IPUIPlugin:80 - create IPUIPlugin
2025-12-16 18:10:01,936 [INFO] PluginManager:220 - loadIPPluginJar : add tracer_emb
2025-12-16 18:10:01,937 [INFO] IPUIPlugin:80 - create IPUIPlugin
2025-12-16 18:10:01,937 [INFO] PluginManager:220 - loadIPPluginJar : add ts
2025-12-16 18:10:01,938 [INFO] IPUIPlugin:80 - create IPUIPlugin
2025-12-16 18:10:01,938 [INFO] PluginManager:220 - loadIPPluginJar : add tsc
2025-12-16 18:10:01,939 [INFO] IPUIPlugin:80 - create IPUIPlugin
2025-12-16 18:10:01,940 [INFO] PluginManager:220 - loadIPPluginJar : add ucpd
2025-12-16 18:10:01,941 [INFO] IPUIPlugin:80 - create IPUIPlugin
2025-12-16 18:10:01,941 [INFO] PluginManager:220 - loadIPPluginJar : add usart
2025-12-16 18:10:01,944 [INFO] IPUIPlugin:80 - create IPUIPlugin
2025-12-16 18:10:01,944 [INFO] PluginManager:220 - loadIPPluginJar : add usbx
2025-12-16 18:10:02,064 [FATAL] Updater:351 - Updater called before beeing initialized
2025-12-16 18:10:02,100 [INFO] RulesReader:64 - Compatibility file has been processed (317 Rules)
2025-12-16 18:10:02,118 [INFO] RulesReader:64 - Compatibility file has been processed (317 Rules)
2025-12-16 18:10:02,132 [INFO] CADModel:165 - CPN selected for project level
2025-12-16 18:10:02,132 [INFO] CADModel:114 - Register for checkConnection events
2025-12-16 18:10:02,132 [FATAL] Updater:351 - Updater called before beeing initialized
2025-12-16 18:10:02,132 [ERROR] CADModel:125 - Updater not yet initialized, retry later 
2025-12-16 18:10:02,278 [FATAL] Updater:351 - Updater called before beeing initialized
2025-12-16 18:10:02,279 [INFO] CADModel:165 - CPN selected for project level
2025-12-16 18:10:02,280 [INFO] CADModel:114 - Register for checkConnection events
2025-12-16 18:10:02,280 [FATAL] Updater:351 - Updater called before beeing initialized
2025-12-16 18:10:02,280 [ERROR] CADModel:125 - Updater not yet initialized, retry later 
2025-12-16 18:10:02,304 [FATAL] Updater:351 - Updater called before beeing initialized
2025-12-16 18:10:02,403 [FATAL] Updater:351 - Updater called before beeing initialized
2025-12-16 18:10:02,417 [INFO] DbMcusAds:53 - JSON generation date=Tue Dec 16 00:11:46 CET 2025 (1765840306612)
2025-12-16 18:10:02,417 [FATAL] Updater:351 - Updater called before beeing initialized
2025-12-16 18:10:02,445 [WARN] DetailPanel:346 - Failed to get advertising image, set to default
2025-12-16 18:10:02,524 [FATAL] Updater:351 - Updater called before beeing initialized
2025-12-16 18:10:02,526 [FATAL] Updater:351 - Updater called before beeing initialized
2025-12-16 18:10:02,526 [FATAL] Updater:351 - Updater called before beeing initialized
2025-12-16 18:10:02,527 [WARN] DetailPanel:346 - Failed to get advertising image, set to default
2025-12-16 18:10:02,528 [FATAL] Updater:351 - Updater called before beeing initialized
2025-12-16 18:10:02,572 [ERROR] Updater:1198 - MainUpdater not yet initialized. External WinMGr cannot be set.
2025-12-16 18:10:02,574 [INFO] Updater:1134 - Updater Version found : 6.15.0
2025-12-16 18:10:02,591 [INFO] ApplicationProperties:184 - Using Application install path: C:\ST\STM32CubeIDE_1.19.0\STM32CubeIDE\plugins\com.st.stm32cube.common.mx_6.15.0.202507011659
2025-12-16 18:10:03,918 [INFO] ThirdPartyUpdaterWithRetryManager:70 - Updater plugin not ready yet. [2/15]
2025-12-16 18:10:04,171 [ERROR] LogOutputStream:75 - [STDERR_REDIRECT] Dec 16, 2025 6:10:04 PM java.util.prefs.WindowsPreferences <init>
2025-12-16 18:10:04,172 [ERROR] LogOutputStream:75 - [STDERR_REDIRECT] WARNING: Could not open/create prefs root node Software\JavaSoft\Prefs at root 0xffffffff80000002. Windows RegCreateKeyEx(...) returned error code 5.
2025-12-16 18:10:04,172 [ERROR] LogOutputStream:75 - [STDERR_REDIRECT] 
2025-12-16 18:10:04,871 [INFO] MainUpdater:2872 - connection check result : 10
2025-12-16 18:10:04,873 [INFO] MainUpdater:289 - Updater Check For Update Now.
2025-12-16 18:10:04,873 [INFO] MicroXplorer:498 - Change Database Version : DB.6.0.150
2025-12-16 18:10:04,883 [INFO] McuFinderGlobals:63 - Set McuFinder mode to 2 (CubeIDE integrated)
2025-12-16 18:10:04,895 [INFO] UserAuth:487 - Internet connection configuration mode: 1
2025-12-16 18:10:04,930 [INFO] JxBrowserEngine:152 - Initiate JxBrowser Engine with user profile folder
2025-12-16 18:10:05,104 [INFO] CheckServerUpdateThread:120 - End of CheckServer Thread
2025-12-16 18:10:06,468 [INFO] WebApp:169 - Instantiating new browser for Auth
2025-12-16 18:10:06,809 [INFO] McuFinderGlobals:63 - Set McuFinder mode to 2 (CubeIDE integrated)
2025-12-16 18:10:07,177 [INFO] WebApp:463 - Apply proxy settings
2025-12-16 18:10:07,178 [INFO] WebApp:548 - Chromium requires no authentication
2025-12-16 18:10:07,186 [INFO] WebApp:491 - Direct internet connection detected
2025-12-16 18:10:07,219 [INFO] WebApp:900 - Register for checkConnection events
2025-12-16 18:10:07,220 [INFO] WebApp:463 - Apply proxy settings
2025-12-16 18:10:07,220 [INFO] WebApp:548 - Chromium requires no authentication
2025-12-16 18:10:07,220 [INFO] WebApp:491 - Direct internet connection detected
2025-12-16 18:10:07,241 [WARN] PackLoader:240 - Cannot read IP mode file for STMicroelectronics.FP-SNS-MOTENVWB1.1.4.0
2025-12-16 18:10:07,268 [WARN] PackLoader:240 - Cannot read IP mode file for STMicroelectronics.FP-ATR-ASTRA1.2.0.2
2025-12-16 18:10:07,285 [WARN] PackLoader:240 - Cannot read IP mode file for STMicroelectronics.FP-ATR-ASTRA1.2.0.1
2025-12-16 18:10:07,305 [WARN] PackLoader:240 - Cannot read IP mode file for STMicroelectronics.X-CUBE-SMBUS.2.1.0
2025-12-16 18:10:07,324 [WARN] PackLoader:240 - Cannot read IP mode file for STMicroelectronics.X-CUBE-WB05N.1.1.0
2025-12-16 18:10:07,342 [WARN] PackLoader:240 - Cannot read IP mode file for STMicroelectronics.X-CUBE-ST60.1.0.0
2025-12-16 18:10:07,396 [WARN] PackLoader:240 - Cannot read IP mode file for STMicroelectronics.X-CUBE-AZRTOS-F7.1.1.0
2025-12-16 18:10:07,415 [WARN] PackLoader:240 - Cannot read IP mode file for STMicroelectronics.FP-SNS-MOTENV1.5.1.0
2025-12-16 18:10:07,432 [WARN] PackLoader:240 - Cannot read IP mode file for STMicroelectronics.FP-SNS-FLIGHT1.5.0.2
2025-12-16 18:10:07,463 [WARN] PackLoader:240 - Cannot read IP mode file for Infineon.AIROC-Wi-Fi-Bluetooth-STM32.1.7.0
2025-12-16 18:10:07,502 [WARN] PackLoader:240 - Cannot read IP mode file for STMicroelectronics.X-CUBE-AZRTOS-H7.3.4.0
2025-12-16 18:10:07,522 [WARN] PackLoader:240 - Cannot read IP mode file for STMicroelectronics.X-CUBE-DISPLAY.3.0.0
2025-12-16 18:10:07,540 [WARN] PackLoader:240 - Cannot read IP mode file for STMicroelectronics.X-CUBE-BLE1.7.0.0
2025-12-16 18:10:07,557 [WARN] PackLoader:240 - Cannot read IP mode file for STMicroelectronics.X-CUBE-NFC10.1.0.0
2025-12-16 18:10:07,579 [WARN] PackLoader:240 - Cannot read IP mode file for STMicroelectronics.X-CUBE-BLEMGR.4.0.0
2025-12-16 18:10:07,595 [WARN] PackLoader:240 - Cannot read IP mode file for STMicroelectronics.X-CUBE-ST60.1.1.0
2025-12-16 18:10:07,614 [WARN] PackLoader:240 - Cannot read IP mode file for emotas.I-CUBE-CANOPEN.1.3.0
2025-12-16 18:10:07,632 [INFO] WebApp:225 - Starting web application
2025-12-16 18:10:07,632 [INFO] WebApp:593 - Web application path used C:\ST\STM32CubeIDE_1.19.0\STM32CubeIDE\plugins\com.st.stm32cube.common.mx_6.15.0.202507011659\db\plugins\mcufinder\reactClient1\index.html
2025-12-16 18:10:07,632 [WARN] PackLoader:240 - Cannot read IP mode file for STMicroelectronics.X-CUBE-GNSS1.7.1.0
2025-12-16 18:10:07,644 [INFO] WebApp:191 - Connection restablished
2025-12-16 18:10:07,652 [WARN] PackLoader:240 - Cannot read IP mode file for STMicroelectronics.X-CUBE-AI.10.0.0
2025-12-16 18:10:07,670 [WARN] PackLoader:240 - Cannot read IP mode file for STMicroelectronics.FP-SNS-STBOX1.2.1.0
2025-12-16 18:10:07,687 [WARN] PackLoader:240 - Cannot read IP mode file for STMicroelectronics.FP-SNS-SMARTAG2.1.2.0
2025-12-16 18:10:07,703 [WARN] PackLoader:240 - Cannot read IP mode file for STMicroelectronics.FP-SNS-FLIGHT1.5.1.0
2025-12-16 18:10:07,747 [WARN] PackLoader:240 - Cannot read IP mode file for STMicroelectronics.X-CUBE-MEMS1.11.1.0
2025-12-16 18:10:07,853 [INFO] UserAuth:487 - Internet connection configuration mode: 1
2025-12-16 18:10:07,878 [INFO] LogOutputStream:77 - [STDOUT_REDIRECT] 1 : Invalid condition id : UX_CORESTACK_Condition cause : null
2025-12-16 18:10:07,879 [INFO] LogOutputStream:77 - [STDOUT_REDIRECT] 1 : Invalid condition id : UX_CORESTACK_Condition cause : null
2025-12-16 18:10:07,881 [INFO] LogOutputStream:77 - [STDOUT_REDIRECT] 1 : Invalid condition id : UX_CORESTACK_Condition cause : null
2025-12-16 18:10:07,883 [INFO] LogOutputStream:77 - [STDOUT_REDIRECT] 1 : Invalid condition id : UX_CORESTACK_Condition cause : null
2025-12-16 18:10:07,884 [INFO] LogOutputStream:77 - [STDOUT_REDIRECT] 1 : Invalid condition id : UX_CORESTACK_Condition cause : null
2025-12-16 18:10:07,886 [WARN] PackLoader:240 - Cannot read IP mode file for STMicroelectronics.X-CUBE-AZRTOS-WL.2.0.0
2025-12-16 18:10:07,902 [WARN] PackLoader:240 - Cannot read IP mode file for STMicroelectronics.FP-SNS-MOTENV1.5.0.0
2025-12-16 18:10:07,932 [WARN] PackLoader:240 - Cannot read IP mode file for STMicroelectronics.X-CUBE-AZRTOS-H7RS.1.2.0
2025-12-16 18:10:07,950 [WARN] PackLoader:240 - Cannot read IP mode file for wolfSSL.I-CUBE-wolfMQTT.1.19.0
2025-12-16 18:10:07,971 [WARN] PackLoader:240 - Cannot read IP mode file for WES.I-CUBE-Cesium.1.3.0
2025-12-16 18:10:07,987 [WARN] PackLoader:240 - Cannot read IP mode file for STMicroelectronics.X-CUBE-BLE2.3.3.0
2025-12-16 18:10:08,025 [INFO] LogOutputStream:77 - [STDOUT_REDIRECT] [ThirdParty] unknown protocol: c
2025-12-16 18:10:08,025 [WARN] PackLoader:240 - Cannot read IP mode file for Avnet-IOTCONNECT.X-CUBE-iotc-st67-sdk.1.0.0
2025-12-16 18:10:08,044 [WARN] PackLoader:240 - Cannot read IP mode file for STMicroelectronics.X-CUBE-NFC9.1.0.0
2025-12-16 18:10:08,062 [WARN] PackLoader:240 - Cannot read IP mode file for STMicroelectronics.X-CUBE-BLE1.7.1.0
2025-12-16 18:10:08,082 [WARN] PackLoader:240 - Cannot read IP mode file for STMicroelectronics.X-CUBE-FREERTOS.1.4.0
2025-12-16 18:10:08,101 [WARN] PackLoader:240 - Cannot read IP mode file for STMicroelectronics.X-CUBE-EEPRMA1.5.2.0
2025-12-16 18:10:08,122 [WARN] PackLoader:240 - Cannot read IP mode file for STMicroelectronics.X-CUBE-ST67W61.1.1.0
2025-12-16 18:10:08,178 [WARN] PackLoader:240 - Cannot read IP mode file for STMicroelectronics.X-CUBE-MEMS1.12.0.0
2025-12-16 18:10:08,311 [WARN] PackLoader:240 - Cannot read IP mode file for STMicroelectronics.X-CUBE-AZRTOS-G0.1.1.0
2025-12-16 18:10:08,332 [WARN] PackLoader:240 - Cannot read IP mode file for STMicroelectronics.X-CUBE-SAFEA1.1.2.2
2025-12-16 18:10:08,351 [WARN] PackLoader:240 - Cannot read IP mode file for STMicroelectronics.X-CUBE-NFC4.3.0.0
2025-12-16 18:10:08,371 [WARN] PackLoader:240 - Cannot read IP mode file for EmbeddedOffice.I-CUBE-FS-RTOS.1.0.1
2025-12-16 18:10:08,392 [WARN] PackLoader:240 - Cannot read IP mode file for STMicroelectronics.X-CUBE-WB05N.2.0.0
2025-12-16 18:10:08,413 [WARN] PackLoader:240 - Cannot read IP mode file for STMicroelectronics.X-CUBE-TCPP.4.2.0
2025-12-16 18:10:08,433 [WARN] PackLoader:240 - Cannot read IP mode file for RealThread.X-CUBE-RT-Thread_Nano.4.1.1
2025-12-16 18:10:08,449 [WARN] PackLoader:240 - Cannot read IP mode file for STMicroelectronics.FP-ATR-SIGFOX1.3.2.0
2025-12-16 18:10:08,467 [WARN] ConditionMgr:438 - getConditionDescription Invalid condition id : Cortex-A Device cause : null
2025-12-16 18:10:08,477 [INFO] LogOutputStream:77 - [STDOUT_REDIRECT] [ThirdParty] unknown protocol: c
2025-12-16 18:10:08,477 [WARN] PackLoader:240 - Cannot read IP mode file for quantropi.X-CUBE-qispace-sdk-base.1.9.3
2025-12-16 18:10:08,477 [WARN] ConditionMgr:1044 - genDependencies : Invalid condition id : Cortex-A Device cause : null
2025-12-16 18:10:08,477 [WARN] ConditionMgr:1044 - genDependencies : Invalid condition id : Cortex-A Device cause : null
2025-12-16 18:10:08,477 [WARN] ConditionMgr:1044 - genDependencies : Invalid condition id : Cortex-A Device cause : null
2025-12-16 18:10:08,494 [WARN] PackLoader:240 - Cannot read IP mode file for STMicroelectronics.X-CUBE-EEPRMA1.5.1.0
2025-12-16 18:10:08,512 [WARN] PackLoader:240 - Cannot read IP mode file for wolfSSL.I-CUBE-wolfSSL.5.7.6
2025-12-16 18:10:08,530 [WARN] PackLoader:240 - Cannot read IP mode file for ITTIA_DB.I-CUBE-ITTIADB.8.9.0
2025-12-16 18:10:08,555 [WARN] PackLoader:240 - Cannot read IP mode file for STMicroelectronics.X-CUBE-ST67W61.1.0.0
2025-12-16 18:10:08,577 [WARN] PackLoader:240 - Cannot read IP mode file for STMicroelectronics.X-CUBE-AI.10.2.0
2025-12-16 18:10:08,613 [WARN] PackLoader:240 - Cannot read IP mode file for SEGGER.I-CUBE-embOS.1.3.1
2025-12-16 18:10:08,658 [WARN] PackLoader:240 - Cannot read IP mode file for STMicroelectronics.X-CUBE-ALGOBUILD.1.4.0
2025-12-16 18:10:08,709 [INFO] MainUpdater:2872 - connection check result : 10
2025-12-16 18:10:08,712 [INFO] MainUpdater:2872 - connection check result : 10
2025-12-16 18:10:08,720 [WARN] PackLoader:240 - Cannot read IP mode file for STMicroelectronics.X-CUBE-MEMS1.11.3.0
2025-12-16 18:10:08,790 [INFO] MicroXplorer:468 - Change Database Path : 
2025-12-16 18:10:08,790 [INFO] MicroXplorer:498 - Change Database Version : DB.6.0.150
2025-12-16 18:10:08,801 [WARN] ThirdParty:871 - waiting for thirdparty lock release [close project]
2025-12-16 18:10:08,827 [WARN] PackLoader:240 - Cannot read IP mode file for STMicroelectronics.X-CUBE-PM33A1.1.0.0
2025-12-16 18:10:08,861 [WARN] PackLoader:240 - Cannot read IP mode file for STMicroelectronics.X-CUBE-AZRTOS-F4.1.1.0
2025-12-16 18:10:08,883 [WARN] PackLoader:240 - Cannot read IP mode file for STMicroelectronics.X-CUBE-ISPU.2.1.0
2025-12-16 18:10:08,908 [WARN] PackLoader:240 - Cannot read IP mode file for STMicroelectronics.X-CUBE-IPS.3.2.0
2025-12-16 18:10:08,933 [WARN] PackLoader:240 - Cannot read IP mode file for STMicroelectronics.X-CUBE-NFC12.1.0.0
2025-12-16 18:10:08,968 [WARN] PackLoader:240 - Cannot read IP mode file for STMicroelectronics.X-CUBE-AZRTOS-L5.2.0.0
2025-12-16 18:10:08,991 [WARN] PackLoader:240 - Cannot read IP mode file for STMicroelectronics.X-CUBE-NFC6.3.1.0
2025-12-16 18:10:09,015 [WARN] PackLoader:240 - Cannot read IP mode file for STMicroelectronics.X-CUBE-DPower.1.2.0
2025-12-16 18:10:09,038 [WARN] PackLoader:240 - Cannot read IP mode file for STMicroelectronics.X-CUBE-FREERTOS.1.3.1
2025-12-16 18:10:09,058 [WARN] PackLoader:240 - Cannot read IP mode file for STMicroelectronics.X-CUBE-FREERTOS.1.3.0
2025-12-16 18:10:09,076 [WARN] PackLoader:240 - Cannot read IP mode file for STMicroelectronics.X-CUBE-NFC7.1.0.1
2025-12-16 18:10:09,096 [WARN] PackLoader:240 - Cannot read IP mode file for STMicroelectronics.X-CUBE-TOUCHGFX.4.26.0
2025-12-16 18:10:09,121 [WARN] PackLoader:240 - Cannot read IP mode file for STMicroelectronics.FP-SNS-STAIOTCFT.1.0.0
2025-12-16 18:10:09,149 [WARN] PackLoader:240 - Cannot read IP mode file for STMicroelectronics.X-CUBE-DPower.1.3.0
2025-12-16 18:10:09,184 [WARN] ConditionMgr:438 - getConditionDescription Invalid condition id : LAN8742 Phy interface Condition cause : null
2025-12-16 18:10:09,185 [WARN] PackLoader:240 - Cannot read IP mode file for STMicroelectronics.X-CUBE-AZRTOS-L4.2.0.0
2025-12-16 18:10:09,186 [WARN] ConditionMgr:1044 - genDependencies : Invalid condition id : LAN8742 Phy interface Condition cause : null
2025-12-16 18:10:09,186 [WARN] ConditionMgr:1044 - genDependencies : Invalid condition id : LAN8742 Phy interface Condition cause : null
2025-12-16 18:10:09,186 [WARN] ConditionMgr:1044 - genDependencies : Invalid condition id : LAN8742 Phy interface Condition cause : null
2025-12-16 18:10:09,211 [WARN] PackLoader:240 - Cannot read IP mode file for STMicroelectronics.X-CUBE-SFXS2LP1.4.0.0
2025-12-16 18:10:09,245 [WARN] PackLoader:240 - Cannot read IP mode file for STMicroelectronics.X-CUBE-AZRTOS-H7.3.3.0
2025-12-16 18:10:09,270 [WARN] PackLoader:240 - Cannot read IP mode file for STMicroelectronics.X-CUBE-BLEMGR.4.1.0
2025-12-16 18:10:09,299 [WARN] ConditionMgr:438 - getConditionDescription Invalid condition id : UX DEVICE CLASS RTOS Condition cause : null
2025-12-16 18:10:09,299 [WARN] ConditionMgr:438 - getConditionDescription Invalid condition id : UX DEVICE CLASS RTOS Condition cause : null
2025-12-16 18:10:09,301 [WARN] PackLoader:240 - Cannot read IP mode file for STMicroelectronics.X-CUBE-AZRTOS-WB.2.0.0
2025-12-16 18:10:09,301 [WARN] ConditionMgr:1044 - genDependencies : Invalid condition id : UX DEVICE CLASS RTOS Condition cause : null
2025-12-16 18:10:09,302 [WARN] ConditionMgr:1044 - genDependencies : Invalid condition id : UX DEVICE CLASS RTOS Condition cause : null
2025-12-16 18:10:09,302 [WARN] ConditionMgr:1044 - genDependencies : Invalid condition id : UX DEVICE CLASS RTOS Condition cause : null
2025-12-16 18:10:09,302 [WARN] ConditionMgr:1044 - genDependencies : Invalid condition id : UX DEVICE CLASS RTOS Condition cause : null
2025-12-16 18:10:09,302 [WARN] ConditionMgr:1044 - genDependencies : Invalid condition id : UX DEVICE CLASS RTOS Condition cause : null
2025-12-16 18:10:09,321 [WARN] PackLoader:240 - Cannot read IP mode file for STMicroelectronics.X-CUBE-GNSS1.7.0.1
2025-12-16 18:10:09,338 [WARN] PackLoader:240 - Cannot read IP mode file for STMicroelectronics.FP-SNS-STBOX1.2.0.0
2025-12-16 18:10:09,360 [WARN] PackLoader:240 - Cannot read IP mode file for STMicroelectronics.X-CUBE-SUBG2.5.0.0
2025-12-16 18:10:09,391 [WARN] PackLoader:240 - Cannot read IP mode file for STMicroelectronics.X-CUBE-AZRTOS-H7RS.1.1.0
2025-12-16 18:10:09,410 [WARN] PackLoader:240 - Cannot read IP mode file for Cesanta.I-CUBE-Mongoose.7.13.0
2025-12-16 18:10:09,436 [WARN] PackLoader:240 - Cannot read IP mode file for STMicroelectronics.X-CUBE-AZRTOS-G4.2.0.0
2025-12-16 18:10:09,453 [WARN] PackLoader:240 - Cannot read IP mode file for STMicroelectronics.X-CUBE-NFC7.2.0.0
2025-12-16 18:10:09,478 [WARN] PackLoader:240 - Cannot read IP mode file for STMicroelectronics.X-CUBE-IPS.3.1.0
2025-12-16 18:10:09,500 [WARN] PackLoader:240 - Cannot read IP mode file for STMicroelectronics.X-CUBE-ALS.1.0.2
2025-12-16 18:10:09,516 [WARN] PackLoader:240 - Cannot read IP mode file for STMicroelectronics.X-CUBE-TOUCHGFX.4.24.2
2025-12-16 18:10:09,537 [WARN] PackLoader:240 - Cannot read IP mode file for STMicroelectronics.X-CUBE-STSE01.1.0.0
2025-12-16 18:10:09,559 [WARN] PackLoader:240 - Cannot read IP mode file for wolfSSL.I-CUBE-wolfTPM.3.4.0
2025-12-16 18:10:09,580 [WARN] PackLoader:240 - Cannot read IP mode file for portGmbH.I-Cube-SoM-uGOAL.1.1.0
2025-12-16 18:10:09,611 [WARN] PackLoader:240 - Cannot read IP mode file for STMicroelectronics.X-CUBE-AZRTOS-H7RS.1.0.0
2025-12-16 18:10:09,636 [WARN] PackLoader:240 - Cannot read IP mode file for STMicroelectronics.X-CUBE-TOF1.3.4.2
2025-12-16 18:10:09,662 [WARN] PackLoader:240 - Cannot read IP mode file for STMicroelectronics.X-CUBE-TOF1.3.4.3
2025-12-16 18:10:09,683 [WARN] PackLoader:240 - Cannot read IP mode file for wolfSSL.I-CUBE-wolfSSH.1.4.17
2025-12-16 18:10:09,684 [INFO] ThirdParty:978 - Integrity check success = true
2025-12-16 18:10:09,684 [INFO] IntegrityCheckThread:100 - exiting critical section [integrity check]
2025-12-16 18:10:09,684 [INFO] IntegrityCheckThread:103 - End integrity checks thread
2025-12-16 18:10:09,684 [INFO] ThirdParty:873 - entering critical section [close project]
2025-12-16 18:10:09,685 [INFO] ThirdParty:883 - exiting critical section [close project]
2025-12-16 18:10:09,687 [INFO] PinOutPanel:1589 - setPackage(No Configuration,No Configuration)
2025-12-16 18:10:09,688 [INFO] UtilMem:75 - Begin LoadConfig() Used Memory: 270411696 Bytes (320864256)
2025-12-16 18:10:09,690 [INFO] MicroXplorer:468 - Change Database Path : 
2025-12-16 18:10:09,690 [INFO] MicroXplorer:498 - Change Database Version : DB.6.0.150
2025-12-16 18:10:09,690 [INFO] OpenFileManager:355 - Change cursor
2025-12-16 18:10:09,723 [INFO] Mcu:2029 - Initializing MCU STM32H753ZITx STM32H753ZITx STM32H753ZIT6
2025-12-16 18:10:13,152 [INFO] Context:786 - Trying to add GPIOservice into a context  which must be forbidden
2025-12-16 18:10:14,657 [INFO] ApiDbMcu:532 - Load IP Config File for NUCLEO-H753ZI
2025-12-16 18:10:14,775 [INFO] ImportTextPane:234 - (OptionalMessage_ERROR) Pin16 (VP_RIF_VS_RIF1) cannot be retrieved for this MCU
2025-12-16 18:10:14,787 [INFO] ImportTextPane:234 - (OptionalMessage_ERROR) Unable to find key (Mcu.IP8) in loaded IOC file
2025-12-16 18:10:14,787 [INFO] ImportTextPane:234 - (OptionalMessage_ERROR) Unknown IP (dummy)
2025-12-16 18:10:14,894 [INFO] RtosManager:558 - Registered RTOS mode: class=CMSIS, group=RTOS, mode=CMSIS_V1, owner=FREERTOS
2025-12-16 18:10:14,894 [INFO] RtosManager:558 - Registered RTOS mode: class=CMSIS, group=RTOS2, mode=CMSIS_V2, owner=FREERTOS
2025-12-16 18:10:14,894 [INFO] RtosManager:558 - Registered RTOS mode: class=RTOS, group=Core, mode=CMSIS_V1, owner=FREERTOS
2025-12-16 18:10:14,894 [INFO] RtosManager:558 - Registered RTOS mode: class=RTOS, group=Core, mode=CMSIS_V2, owner=FREERTOS
2025-12-16 18:10:14,894 [WARN] ModelIntegratedComponent:184 - Missing modes for component STMicroelectronics:FreeRTOS:0.0.1:STMicroelectronics:RTOS:FreeRTOS:Core:::10.2.0:
2025-12-16 18:10:14,904 [WARN] ModelIntegratedComponent:63 - No mode defined for component null
2025-12-16 18:10:14,904 [WARN] ModelIntegratedComponent:63 - No mode defined for component null
2025-12-16 18:10:14,904 [WARN] ModelIntegratedComponent:63 - No mode defined for component null
2025-12-16 18:10:14,904 [WARN] ModelIntegratedComponent:63 - No mode defined for component null
2025-12-16 18:10:14,904 [WARN] ModelIntegratedComponent:63 - No mode defined for component null
2025-12-16 18:10:14,904 [WARN] ModelIntegratedComponent:63 - No mode defined for component null
2025-12-16 18:10:14,904 [WARN] ModelIntegratedComponent:63 - No mode defined for component null
2025-12-16 18:10:14,905 [WARN] ModelIntegratedComponent:63 - No mode defined for component null
2025-12-16 18:10:14,905 [WARN] ModelIntegratedComponent:63 - No mode defined for component null
2025-12-16 18:10:14,905 [WARN] ModelIntegratedComponent:63 - No mode defined for component null
2025-12-16 18:10:14,905 [WARN] ModelIntegratedComponent:63 - No mode defined for component null
2025-12-16 18:10:14,905 [WARN] ModelIntegratedComponent:63 - No mode defined for component null
2025-12-16 18:10:14,905 [WARN] ModelIntegratedComponent:63 - No mode defined for component null
2025-12-16 18:10:14,905 [WARN] ModelIntegratedComponent:63 - No mode defined for component null
2025-12-16 18:10:14,905 [WARN] ModelIntegratedComponent:63 - No mode defined for component null
2025-12-16 18:10:14,905 [WARN] ModelIntegratedComponent:63 - No mode defined for component null
2025-12-16 18:10:14,905 [WARN] ModelIntegratedComponent:63 - No mode defined for component null
2025-12-16 18:10:14,905 [WARN] ModelIntegratedComponent:63 - No mode defined for component null
2025-12-16 18:10:14,905 [WARN] ModelIntegratedComponent:63 - No mode defined for component null
2025-12-16 18:10:14,905 [WARN] ModelIntegratedComponent:63 - No mode defined for component null
2025-12-16 18:10:14,905 [WARN] ModelIntegratedComponent:63 - No mode defined for component null
2025-12-16 18:10:14,905 [WARN] ModelIntegratedComponent:63 - No mode defined for component null
2025-12-16 18:10:14,905 [WARN] ModelIntegratedComponent:63 - No mode defined for component null
2025-12-16 18:10:14,905 [WARN] ModelIntegratedComponent:63 - No mode defined for component null
2025-12-16 18:10:14,905 [WARN] ModelIntegratedComponent:63 - No mode defined for component null
2025-12-16 18:10:14,905 [WARN] ModelIntegratedComponent:63 - No mode defined for component null
2025-12-16 18:10:14,905 [WARN] ModelIntegratedComponent:63 - No mode defined for component null
2025-12-16 18:10:14,905 [WARN] ModelIntegratedComponent:63 - No mode defined for component null
2025-12-16 18:10:14,905 [WARN] ModelIntegratedComponent:63 - No mode defined for component null
2025-12-16 18:10:14,905 [WARN] ModelIntegratedComponent:63 - No mode defined for component null
2025-12-16 18:10:14,905 [WARN] ModelIntegratedComponent:63 - No mode defined for component null
2025-12-16 18:10:14,905 [WARN] ModelIntegratedComponent:63 - No mode defined for component null
2025-12-16 18:10:14,905 [WARN] ModelIntegratedComponent:63 - No mode defined for component null
2025-12-16 18:10:14,905 [WARN] ModelIntegratedComponent:63 - No mode defined for component null
2025-12-16 18:10:14,905 [WARN] ModelIntegratedComponent:63 - No mode defined for component null
2025-12-16 18:10:14,906 [WARN] ModelPack:524 - Component already loaded: STMicroelectronics:HAL Drivers:0.0.0:STMicroelectronics:Device:STMicro_Driver:XSPI:HAL::0.0.1:HAL_XSPI
2025-12-16 18:10:15,104 [INFO] ThirdPartyModel:298 - Start build external matchings
2025-12-16 18:10:15,842 [INFO] ThirdPartyModel:316 - End build external matchings
2025-12-16 18:10:15,910 [INFO] ImportTextPane:234 - (OptionalMessage_ERROR) IP (DMA) : Parameter (Instance) has Id (DFSDM1_FLT0) currently not set
2025-12-16 18:10:15,911 [INFO] ImportTextPane:234 - (OptionalMessage_ERROR) IP (DMA) : Parameter (Request) has Id (DFSDM1_FLT0) currently not set
2025-12-16 18:10:15,911 [INFO] ImportTextPane:234 - (OptionalMessage_ERROR) IP (DMA) : Parameter (Direction) has Id (DFSDM1_FLT0) currently not set
2025-12-16 18:10:15,911 [INFO] ImportTextPane:234 - (OptionalMessage_ERROR) IP (DMA) : Parameter (PeriphInc) has Id (DFSDM1_FLT0) currently not set
2025-12-16 18:10:15,911 [INFO] ImportTextPane:234 - (OptionalMessage_ERROR) IP (DMA) : Parameter (MemInc) has Id (DFSDM1_FLT0) currently not set
2025-12-16 18:10:15,911 [INFO] ImportTextPane:234 - (OptionalMessage_ERROR) IP (DMA) : Parameter (PeriphDataAlignment) has Id (DFSDM1_FLT0) currently not set
2025-12-16 18:10:15,911 [INFO] ImportTextPane:234 - (OptionalMessage_ERROR) IP (DMA) : Parameter (MemDataAlignment) has Id (DFSDM1_FLT0) currently not set
2025-12-16 18:10:15,911 [INFO] ImportTextPane:234 - (OptionalMessage_ERROR) IP (DMA) : Parameter (Mode) has Id (DFSDM1_FLT0) currently not set
2025-12-16 18:10:15,911 [INFO] ImportTextPane:234 - (OptionalMessage_ERROR) IP (DMA) : Parameter (Priority) has Id (DFSDM1_FLT0) currently not set
2025-12-16 18:10:15,911 [INFO] ImportTextPane:234 - (OptionalMessage_ERROR) IP (DMA) : Parameter (FIFOMode) has Id (DFSDM1_FLT0) currently not set
2025-12-16 18:10:15,911 [INFO] ImportTextPane:234 - (OptionalMessage_ERROR) IP (DMA) : Parameter (SignalID) has Id (DFSDM1_FLT0) currently not set
2025-12-16 18:10:15,911 [INFO] ImportTextPane:234 - (OptionalMessage_ERROR) IP (DMA) : Parameter (Polarity) has Id (DFSDM1_FLT0) currently not set
2025-12-16 18:10:15,911 [INFO] ImportTextPane:234 - (OptionalMessage_ERROR) IP (DMA) : Parameter (RequestNumber) has Id (DFSDM1_FLT0) currently not set
2025-12-16 18:10:15,912 [INFO] ImportTextPane:234 - (OptionalMessage_ERROR) IP (DMA) : Parameter (SyncSignalID) has Id (DFSDM1_FLT0) currently not set
2025-12-16 18:10:15,912 [INFO] ImportTextPane:234 - (OptionalMessage_ERROR) IP (DMA) : Parameter (SyncPolarity) has Id (DFSDM1_FLT0) currently not set
2025-12-16 18:10:15,912 [INFO] ImportTextPane:234 - (OptionalMessage_ERROR) IP (DMA) : Parameter (SyncEnable) has Id (DFSDM1_FLT0) currently not set
2025-12-16 18:10:15,912 [INFO] ImportTextPane:234 - (OptionalMessage_ERROR) IP (DMA) : Parameter (EventEnable) has Id (DFSDM1_FLT0) currently not set
2025-12-16 18:10:15,912 [INFO] ImportTextPane:234 - (OptionalMessage_ERROR) IP (DMA) : Parameter (SyncRequestNumber) has Id (DFSDM1_FLT0) currently not set
2025-12-16 18:10:15,912 [INFO] ImportTextPane:234 - (OptionalMessage_ERROR) IP (DMA) : Parameter (Instance) has Id (DFSDM1_FLT1) currently not set
2025-12-16 18:10:15,912 [INFO] ImportTextPane:234 - (OptionalMessage_ERROR) IP (DMA) : Parameter (Request) has Id (DFSDM1_FLT1) currently not set
2025-12-16 18:10:15,912 [INFO] ImportTextPane:234 - (OptionalMessage_ERROR) IP (DMA) : Parameter (Direction) has Id (DFSDM1_FLT1) currently not set
2025-12-16 18:10:15,912 [INFO] ImportTextPane:234 - (OptionalMessage_ERROR) IP (DMA) : Parameter (PeriphInc) has Id (DFSDM1_FLT1) currently not set
2025-12-16 18:10:15,912 [INFO] ImportTextPane:234 - (OptionalMessage_ERROR) IP (DMA) : Parameter (MemInc) has Id (DFSDM1_FLT1) currently not set
2025-12-16 18:10:15,912 [INFO] ImportTextPane:234 - (OptionalMessage_ERROR) IP (DMA) : Parameter (PeriphDataAlignment) has Id (DFSDM1_FLT1) currently not set
2025-12-16 18:10:15,912 [INFO] ImportTextPane:234 - (OptionalMessage_ERROR) IP (DMA) : Parameter (MemDataAlignment) has Id (DFSDM1_FLT1) currently not set
2025-12-16 18:10:15,912 [INFO] ImportTextPane:234 - (OptionalMessage_ERROR) IP (DMA) : Parameter (Mode) has Id (DFSDM1_FLT1) currently not set
2025-12-16 18:10:15,912 [INFO] ImportTextPane:234 - (OptionalMessage_ERROR) IP (DMA) : Parameter (Priority) has Id (DFSDM1_FLT1) currently not set
2025-12-16 18:10:15,912 [INFO] ImportTextPane:234 - (OptionalMessage_ERROR) IP (DMA) : Parameter (FIFOMode) has Id (DFSDM1_FLT1) currently not set
2025-12-16 18:10:15,912 [INFO] ImportTextPane:234 - (OptionalMessage_ERROR) IP (DMA) : Parameter (SignalID) has Id (DFSDM1_FLT1) currently not set
2025-12-16 18:10:15,912 [INFO] ImportTextPane:234 - (OptionalMessage_ERROR) IP (DMA) : Parameter (Polarity) has Id (DFSDM1_FLT1) currently not set
2025-12-16 18:10:15,912 [INFO] ImportTextPane:234 - (OptionalMessage_ERROR) IP (DMA) : Parameter (RequestNumber) has Id (DFSDM1_FLT1) currently not set
2025-12-16 18:10:15,912 [INFO] ImportTextPane:234 - (OptionalMessage_ERROR) IP (DMA) : Parameter (SyncSignalID) has Id (DFSDM1_FLT1) currently not set
2025-12-16 18:10:15,912 [INFO] ImportTextPane:234 - (OptionalMessage_ERROR) IP (DMA) : Parameter (SyncPolarity) has Id (DFSDM1_FLT1) currently not set
2025-12-16 18:10:15,912 [INFO] ImportTextPane:234 - (OptionalMessage_ERROR) IP (DMA) : Parameter (SyncEnable) has Id (DFSDM1_FLT1) currently not set
2025-12-16 18:10:15,912 [INFO] ImportTextPane:234 - (OptionalMessage_ERROR) IP (DMA) : Parameter (EventEnable) has Id (DFSDM1_FLT1) currently not set
2025-12-16 18:10:15,913 [INFO] ImportTextPane:234 - (OptionalMessage_ERROR) IP (DMA) : Parameter (SyncRequestNumber) has Id (DFSDM1_FLT1) currently not set
2025-12-16 18:10:16,941 [INFO] ApiDb:581 - Connected to CubeFinder SQLite database (C:\Users\Fabio Marçal\.stmcufinder\plugins\mcufinder\mcu\cube-finder-db.db)
2025-12-16 18:10:17,057 [INFO] ApiDb:668 - CubeFinder database Data Model version=2.1
2025-12-16 18:10:17,058 [INFO] ApiDb:669 - CubeFinder database Configuration version=3.0.39
2025-12-16 18:10:17,058 [INFO] ApiDb:670 - CubeFinder database generation date=2025-11-05 (1762334721)
2025-12-16 18:10:17,058 [INFO] ApiDb:671 - CubeFinder database FW Pack versions=[FP-ATR-ASTRA1_V2.0.0, FP-SNS-FLIGHT1_V5.1.0, FP-SNS-MOTENV1_V5.1.0, FP-SNS-MOTENVWB1_V1.4.0, FP-SNS-SMARTAG2_V1.2.0, FP-SNS-STBOX1_V2.1.0, STM32Cube_FW_C0_V1.4.0, STM32Cube_FW_F4_V1.28.3, STM32Cube_FW_F7_V1.17.4, STM32Cube_FW_G0_V1.6.2, STM32Cube_FW_G4_V1.6.1, STM32Cube_FW_H5_V1.5.1, STM32Cube_FW_H7RS_V1.3.0, STM32Cube_FW_H7_V1.12.1, STM32Cube_FW_L0_V1.12.2, STM32Cube_FW_L4_V1.18.1, STM32Cube_FW_L5_V1.6.0, STM32Cube_FW_N6_V1.3.0, STM32Cube_FW_U0_V1.3.0, STM32Cube_FW_U3_V1.2.1, STM32Cube_FW_U5_V1.8.0, STM32Cube_FW_WB0_V1.4.0, STM32Cube_FW_WBA_V1.8.0, STM32Cube_FW_WB_V1.24.0, STM32Cube_FW_WL3_V1.3.0, STM32Cube_FW_WL_V1.4.0, X-CUBE-ALGOBUILD_V1.4.0, X-CUBE-ALS_V1.0.2, X-CUBE-AZRTOS-F4_V1.1.0, X-CUBE-AZRTOS-F7_V1.1.0, X-CUBE-AZRTOS-G0_V1.1.0, X-CUBE-AZRTOS-G4_V2.0.0, X-CUBE-AZRTOS-H7RS_V1.1.0, X-CUBE-AZRTOS-H7_V3.4.0, X-CUBE-AZRTOS-L4_V2.0.0, X-CUBE-AZRTOS-L5_V2.0.0, X-CUBE-AZRTOS-WB_V2.0.0, X-CUBE-AZRTOS-WL_V2.0.0, X-CUBE-BLE1_V7.1.0, X-CUBE-BLE2_V3.3.0, X-CUBE-BLEMGR_V4.1.0, X-CUBE-EEPRMA1_V5.2.0, X-CUBE-FREERTOS_V1.3.1, X-CUBE-GNSS1_V6.0.0, X-CUBE-MEMS1_V11.3.0, X-CUBE-NFC4_V3.0.0, X-CUBE-NFC7_V2.0.0, X-CUBE-SFXS2LP1_V4.0.0, X-CUBE-ST67W61_V1.1.0, X-CUBE-SUBG2_V5.0.0, X-CUBE-TOF1_V3.4.3]
2025-12-16 18:10:17,189 [INFO] DbBoardsSqlite:226 - include board P-NUCLEO-WB55-NUCLEO as a kit item of type 'Nucleo-64'
2025-12-16 18:10:17,189 [INFO] DbBoardsSqlite:226 - include board P-NUCLEO-WB55-USBDONGLE as a kit item of type 'Nucleo USB Dongle'
2025-12-16 18:10:17,191 [INFO] DbBoardsSqlite:226 - include board STEVAL-IDP005V1 as a kit item of type 'Evaluation Board'
2025-12-16 18:10:17,191 [INFO] DbBoardsSqlite:226 - include board STEVAL-IDP005V2 as a kit item of type 'Evaluation Board'
2025-12-16 18:10:17,594 [INFO] ApiDb:240 - Found 880 in-development CPN: [B-G473E-ZEST1S, B-WB1M-WPAN1, B-WBA5M-WPAN, B-WL5M-SUBG1, NUCLEO-C031C6, NUCLEO-C051C8, NUCLEO-C071RB, NUCLEO-C092RC, NUCLEO-H503RB, NUCLEO-H533RE, NUCLEO-H563ZI, NUCLEO-H7S3L8, NUCLEO-N657X0-Q, NUCLEO-U031R8, NUCLEO-U083RC, NUCLEO-U385RG-Q, NUCLEO-U545RE-Q, NUCLEO-U5A5ZJ-Q, NUCLEO-WB05KZ, NUCLEO-WB07CC, NUCLEO-WB09KE, NUCLEO-WBA52CG, NUCLEO-WBA55CG, NUCLEO-WL33CC1, NUCLEO-WL33CC2, STEVAL-PROTEUS1, STEVAL-SMARTAG2, STEVAL-STWINBX1, STM320518-EVAL, STM32C0116-DK, STM32C011D6Y3TR, STM32C011D6Y6TR, STM32C011F4P3, STM32C011F4P6, STM32C011F4U3, STM32C011F4U6TR, STM32C011F6P3, STM32C011F6P6, STM32C011F6U3, STM32C011F6U6TR, STM32C011J4M3, STM32C011J4M6, STM32C011J6M3, STM32C011J6M6, STM32C0316-DK, STM32C031C4T3, STM32C031C4T6, STM32C031C4U3, STM32C031C4U6, STM32C031C6T3, STM32C031C6T6, STM32C031C6U3, STM32C031C6U6, STM32C031F4P3, STM32C031F4P6, STM32C031F6P3, STM32C031F6P6, STM32C031G4U3, STM32C031G4U6, STM32C031G6U3, STM32C031G6U6, STM32C031K4T3, STM32C031K4T6, STM32C031K4U3, STM32C031K4U6, STM32C031K6T3, STM32C031K6T6, STM32C031K6U3, STM32C031K6U6, STM32C051C6T6, STM32C051C6U6, STM32C051C8T6, STM32C051C8U6, STM32C051D8Y6TR, STM32C051F6P6, STM32C051F8P6, STM32C051G6U6, STM32C051G8U6, STM32C051K6T6, STM32C051K6U6, STM32C051K8T6, STM32C071C8T6, STM32C071C8T6N, STM32C071C8U6, STM32C071C8U6N, STM32C071CBT6, STM32C071CBT6N, STM32C071CBU6, STM32C071CBU6N, STM32C071F8P6, STM32C071F8P6N, STM32C071FBP6, STM32C071FBP6N, STM32C071FBY6TR, STM32C071G8U6, STM32C071G8U6N, STM32C071GBU6, STM32C071GBU6N, STM32C071K8T6, STM32C071K8T6N, STM32C071K8U6, STM32C071K8U6N, STM32C071KBT6, STM32C071KBT6N, STM32C071KBU6, STM32C071KBU6N, STM32C071R8T6, STM32C071R8T6N, STM32C071RBI6N, STM32C071RBT6, STM32C071RBT6N, STM32C091CBT6, STM32C091CBU6, STM32C091CCT6, STM32C091CCU6, STM32C091ECY6TR, STM32C091FBP6, STM32C091FCP6, STM32C091GBU6, STM32C091GCU6, STM32C091KBT6, STM32C091KBU6, STM32C091KCT6, STM32C091KCU6, STM32C091RBT6, STM32C091RCI6, STM32C091RCT6, STM32C092CBT6, STM32C092CBU6, STM32C092CCT6, STM32C092CCU6, STM32C092ECY6TR, STM32C092FBP6, STM32C092FCP6, STM32C092GBU6, STM32C092GCU6, STM32C092KBT6, STM32C092KBU6, STM32C092KCT6, STM32C092KCU6, STM32C092RBT6, STM32C092RCI6, STM32C092RCT6, STM32G071K8TXN, STM32G071K8UXN, STM32G081GBU6N, STM32G081KBT6N, STM32G081KBUXN, STM32G0B1CCT6N, STM32G0B1KCT6, STM32G0B1NEY6TR, STM32G0B1RCT6N, STM32G0C1CCT6, STM32G0C1CCT6N, STM32G0C1CCU6N, STM32G0C1CET6N, STM32G0C1CEU6N, STM32G0C1KCT6, STM32G0C1NEY6TR, STM32G0C1RCI6N, STM32G0C1RCT6N, STM32G0C1REI6N, STM32G0C1RET6N, STM32G0C1VCI6, STM32G0C1VEI6, STM32G411C6T3, STM32G411C6T6, STM32G411C6U3, STM32G411C6U6, STM32G411C8T3, STM32G411C8T6, STM32G411C8U3, STM32G411C8U6, STM32G411CBT3, STM32G411CBT6, STM32G411CBU3, STM32G411CBU6, STM32G411K6T3, STM32G411K6T6, STM32G411K6U3, STM32G411K6U6, STM32G411K8T3, STM32G411K8T6, STM32G411K8U3, STM32G411K8U6, STM32G411KBT3, STM32G411KBT6, STM32G411KBU3, STM32G411KBU6, STM32G411M6T3, STM32G411M6T6, STM32G411M8T3, STM32G411M8T6, STM32G411MBT3, STM32G411MBT6, STM32G411R6T3, STM32G411R6T6, STM32G411R8T3, STM32G411R8T6, STM32G411RBT3, STM32G411RBT6, STM32G414CBT3, STM32G414CBT6, STM32G414CBU3, STM32G414CBU6, STM32G414CCT3, STM32G414CCT6, STM32G414CCU3, STM32G414CCU6, STM32G414MBT3, STM32G414MBT6, STM32G414MCT3, STM32G414MCT6, STM32G414RBT3, STM32G414RBT6, STM32G414RCT3, STM32G414RCT6, STM32G414VBT3, STM32G414VBT6, STM32G414VCT3, STM32G414VCT6, STM32G431CBT3Z, STM32G431RBT3Z, STM32G471CCT6, STM32G471CCU6, STM32G471CET3, STM32G471CET6, STM32G471CEU3, STM32G471CEU6, STM32G471MCT6, STM32G471MET3, STM32G471MET6, STM32G471MEY6TR, STM32G471QCT6, STM32G471QET3, STM32G471RCT6, STM32G471RET3, STM32G471RET6, STM32G471VCH6, STM32G471VCI6, STM32G471VCT6, STM32G471VEH3, STM32G471VEH6, STM32G471VEI3, STM32G471VEI6, STM32G471VET3, STM32G471VET6, STM32G473QET3Z, STM32G473RET3Z, STM32G474CCT6, STM32G491RET3Z, STM32H503CBT6, STM32H503CBU6, STM32H503EBY6TR, STM32H503KBU6, STM32H503RBT6, STM32H523CCT6, STM32H523CCU6, STM32H523CET6, STM32H523CEU6, STM32H523HEY6TR, STM32H523RCT6, STM32H523RET6, STM32H523VCI6, STM32H523VCT6, STM32H523VEI6, STM32H523VET6, STM32H523ZCJ6, STM32H523ZCT6, STM32H523ZEJ6, STM32H523ZET6, STM32H533CET6, STM32H533CEU6, STM32H533HEY6TR, STM32H533RET6, STM32H533VEI6, STM32H533VET6, STM32H533ZEJ6, STM32H533ZET6, STM32H562AGI6, STM32H562AII6, STM32H562IGK6, STM32H562IGT6, STM32H562IIK6, STM32H562IIT6, STM32H562RGT6, STM32H562RGV6, STM32H562RIT6, STM32H562RIV6, STM32H562VGT6, STM32H562VIT6, STM32H562ZGT6, STM32H562ZIT6, STM32H563AGI6, STM32H563AII3Q, STM32H563AII6, STM32H563IGK6, STM32H563IGT6, STM32H563IIK3Q, STM32H563IIK6, STM32H563IIT3Q, STM32H563IIT6, STM32H563MIY3QTR, STM32H563RGT6, STM32H563RGV6, STM32H563RIT6, STM32H563RIV6, STM32H563VGT6, STM32H563VIT3Q, STM32H563VIT6, STM32H563ZGT6, STM32H563ZIT3Q, STM32H563ZIT6, STM32H573AII3Q, STM32H573AII6, STM32H573I-DK, STM32H573IIK3Q, STM32H573IIK6, STM32H573IIT3Q, STM32H573IIT6, STM32H573MIY3QTR, STM32H573RIT6, STM32H573RIV6, STM32H573VIT3Q, STM32H573VIT6, STM32H573ZIT3Q, STM32H573ZIT6, STM32H7R3A8I6, STM32H7R3I8K6, STM32H7R3I8T6, STM32H7R3L8H6, STM32H7R3L8H6H, STM32H7R3R8V6, STM32H7R3V8H6, STM32H7R3V8T6, STM32H7R3V8Y6TR, STM32H7R3Z8J6, STM32H7R3Z8T6, STM32H7R7A8I6, STM32H7R7I8K6, STM32H7R7I8T6, STM32H7R7L8H6, STM32H7R7L8H6H, STM32H7R7Z8J6, STM32H7S3A8I6, STM32H7S3I8K6, STM32H7S3I8T6, STM32H7S3L8H6, STM32H7S3L8H6H, STM32H7S3R8V6, STM32H7S3V8H6, STM32H7S3V8T6, STM32H7S3V8Y6TR, STM32H7S3Z8J6, STM32H7S3Z8T6, STM32H7S78-DK, STM32H7S7A8I6, STM32H7S7I8K6, STM32H7S7I8T6, STM32H7S7L8H6, STM32H7S7L8H6H, STM32H7S7Z8J6, STM32L4R5QGI6STR, STM32MP131AAE3, STM32MP131AAF3, STM32MP131AAG3, STM32MP131CAE3, STM32MP131CAF3, STM32MP131CAG3, STM32MP131DAE7, STM32MP131DAF7, STM32MP131DAG7, STM32MP131FAE7, STM32MP131FAF7, STM32MP131FAG7, STM32MP133AAE3, STM32MP133AAF3, STM32MP133AAG3, STM32MP133CAE3, STM32MP133CAF3, STM32MP133CAG3, STM32MP133DAE7, STM32MP133DAF7, STM32MP133DAG7, STM32MP133FAE7, STM32MP133FAF7, STM32MP133FAG7, STM32MP135AAE3, STM32MP135AAF3, STM32MP135AAG3, STM32MP135CAE3, STM32MP135CAF3, STM32MP135CAG3, STM32MP135DAE7, STM32MP135DAF7, STM32MP135DAG7, STM32MP135F-DK, STM32MP135FAE7, STM32MP135FAF7, STM32MP135FAF7T, STM32MP135FAF7U, STM32MP135FAG7, STM32MP211AAL3, STM32MP211AAM3, STM32MP211AAN3, STM32MP211AAO3, STM32MP211CAL3, STM32MP211CAM3, STM32MP211CAN3, STM32MP211CAO3, STM32MP211DAL3, STM32MP211DAM3, STM32MP211DAN3, STM32MP211DAO3, STM32MP211FAL3, STM32MP211FAM3, STM32MP211FAN3, STM32MP211FAO3, STM32MP213AAL3, STM32MP213AAM3, STM32MP213AAN3, STM32MP213AAO3, STM32MP213CAL3, STM32MP213CAM3, STM32MP213CAN3, STM32MP213CAO3, STM32MP213DAL3, STM32MP213DAM3, STM32MP213DAN3, STM32MP213DAO3, STM32MP213FAL3, STM32MP213FAM3, STM32MP213FAN3, STM32MP213FAO3, STM32MP215AAL3, STM32MP215AAM3, STM32MP215AAN3, STM32MP215AAO3, STM32MP215CAL3, STM32MP215CAM3, STM32MP215CAN3, STM32MP215CAO3, STM32MP215DAL3, STM32MP215DAM3, STM32MP215DAN3, STM32MP215DAO3, STM32MP215F-DK, STM32MP215FAL3, STM32MP215FAM3, STM32MP215FAN3, STM32MP215FAO3, STM32MP231AAJ3, STM32MP231AAK3, STM32MP231AAL3, STM32MP231CAJ3, STM32MP231CAK3, STM32MP231CAL3, STM32MP231DAJ3, STM32MP231DAK3, STM32MP231DAL3, STM32MP231FAJ3, STM32MP231FAK3, STM32MP231FAL3, STM32MP233AAJ3, STM32MP233AAK3, STM32MP233AAL3, STM32MP233CAJ3, STM32MP233CAK3, STM32MP233CAL3, STM32MP233DAJ3, STM32MP233DAK3, STM32MP233DAL3, STM32MP233FAJ3, STM32MP233FAK3, STM32MP233FAL3, STM32MP235AAJ3, STM32MP235AAK3, STM32MP235AAL3, STM32MP235CAJ3, STM32MP235CAK3, STM32MP235CAL3, STM32MP235DAJ3, STM32MP235DAK3, STM32MP235DAL3, STM32MP235FAJ3, STM32MP235FAK3, STM32MP235FAL3, STM32MP251AAI3, STM32MP251AAK3, STM32MP251AAL3, STM32MP251CAI3, STM32MP251CAK3, STM32MP251CAL3, STM32MP251DAI3, STM32MP251DAK3, STM32MP251DAL3, STM32MP251FAI3, STM32MP251FAK3, STM32MP251FAL3, STM32MP253AAI3, STM32MP253AAK3, STM32MP253AAL3, STM32MP253CAI3, STM32MP253CAK3, STM32MP253CAL3, STM32MP253DAI3, STM32MP253DAK3, STM32MP253DAL3, STM32MP253FAI3, STM32MP253FAK3, STM32MP253FAL3, STM32MP255AAI3, STM32MP255AAK3, STM32MP255AAL3, STM32MP255CAI3, STM32MP255CAK3, STM32MP255CAL3, STM32MP255DAI3, STM32MP255DAK3, STM32MP255DAL3, STM32MP255FAI3, STM32MP255FAK3, STM32MP255FAL3, STM32MP257AAI3, STM32MP257AAK3, STM32MP257AAL3, STM32MP257CAI3, STM32MP257CAK3, STM32MP257CAL3, STM32MP257DAI3, STM32MP257DAK3, STM32MP257DAL3, STM32MP257F-DK, STM32MP257F-EV1, STM32MP257FAI3, STM32MP257FAK3, STM32MP257FAL3, STM32N645A0H3Q, STM32N645B0H3Q, STM32N645I0H3Q, STM32N645L0H3Q, STM32N645X0H3Q, STM32N645Z0H3Q, STM32N647A0H3Q, STM32N647B0H3Q, STM32N647I0H3Q, STM32N647L0H3Q, STM32N647X0H3Q, STM32N647Z0H3Q, STM32N655A0H3Q, STM32N655B0H3Q, STM32N655I0H3Q, STM32N655L0H3Q, STM32N655X0H3Q, STM32N655Z0H3Q, STM32N6570-DK, STM32N657A0H3Q, STM32N657B0H3Q, STM32N657I0H3Q, STM32N657L0H3Q, STM32N657X0H3Q, STM32N657Z0H3Q, STM32U031C6T6, STM32U031C6U6, STM32U031C8T6, STM32U031C8U6, STM32U031F4P6, STM32U031F6P6, STM32U031F8P6, STM32U031G6Y6TR, STM32U031G8Y6TR, STM32U031K4U6, STM32U031K6U6, STM32U031K8U6, STM32U031R6I6, STM32U031R6T6, STM32U031R8I6, STM32U031R8T6, STM32U073C8T6, STM32U073C8U6, STM32U073CBT6, STM32U073CBU6, STM32U073CCT6, STM32U073CCU6, STM32U073H8Y6TR, STM32U073HBY6TR, STM32U073HCY6TR, STM32U073K8U6, STM32U073KBU6, STM32U073KCU6, STM32U073M8I6, STM32U073M8T6, STM32U073MBI6, STM32U073MBT6, STM32U073MCI6, STM32U073MCT6, STM32U073R8I6, STM32U073R8T6, STM32U073RBI6, STM32U073RBT6, STM32U073RCI6, STM32U073RCT6, STM32U083C-DK, STM32U083CCT6, STM32U083CCU6, STM32U083HCY6TR, STM32U083KCU6, STM32U083MCI6, STM32U083MCT6, STM32U083RCI6, STM32U083RCT6, STM32U375CET6, STM32U375CET6Q, STM32U375CEU6, STM32U375CEU6Q, STM32U375CEY6QTR, STM32U375CGT6, STM32U375CGT6Q, STM32U375CGU6, STM32U375CGU6Q, STM32U375CGY6QTR, STM32U375KEU6, STM32U375KGU6, STM32U375REI6, STM32U375REI6Q, STM32U375RET6, STM32U375RET6Q, STM32U375REY6GTR, STM32U375REY6QTR, STM32U375RGI6, STM32U375RGI6Q, STM32U375RGT6, STM32U375RGT6Q, STM32U375RGY6GTR, STM32U375RGY6QTR, STM32U375VEI6, STM32U375VEI6Q, STM32U375VET6, STM32U375VET6Q, STM32U375VGI6, STM32U375VGI6Q, STM32U375VGT6, STM32U375VGT6Q, STM32U385CGT6, STM32U385CGT6Q, STM32U385CGU6, STM32U385CGU6Q, STM32U385CGY6QTR, STM32U385KGU6, STM32U385RGI6, STM32U385RGI6Q, STM32U385RGT6, STM32U385RGT6Q, STM32U385RGY6GTR, STM32U385RGY6QTR, STM32U385VGI6, STM32U385VGI6Q, STM32U385VGT6, STM32U385VGT6Q, STM32U535CBT6, STM32U535CBT6Q, STM32U535CBU6, STM32U535CBU6Q, STM32U535CCT6, STM32U535CCT6Q, STM32U535CCU6, STM32U535CCU6Q, STM32U535CET6, STM32U535CET6Q, STM32U535CEU6, STM32U535CEU6Q, STM32U535JEY6QTR, STM32U535NCY6QTR, STM32U535NEY6QTR, STM32U535RBI6, STM32U535RBI6Q, STM32U535RBT6, STM32U535RBT6Q, STM32U535RCI6, STM32U535RCI6Q, STM32U535RCT6, STM32U535RCT6Q, STM32U535REI6, STM32U535REI6Q, STM32U535RET6, STM32U535RET6Q, STM32U535VCI6, STM32U535VCI6Q, STM32U535VCT6, STM32U535VCT6Q, STM32U535VEI6, STM32U535VEI6Q, STM32U535VET6, STM32U535VET6Q, STM32U545CET6, STM32U545CET6Q, STM32U545CEU6, STM32U545CEU6Q, STM32U545JEY6QTR, STM32U545NEY6QTR, STM32U545REI6, STM32U545REI6Q, STM32U545RET6, STM32U545RET6Q, STM32U545VEI6, STM32U545VEI6Q, STM32U545VET6, STM32U545VET6Q, STM32U595AIH6, STM32U595AIH6Q, STM32U595AJH6, STM32U595AJH6Q, STM32U595QII6, STM32U595QII6Q, STM32U595QJI6, STM32U595QJI6Q, STM32U595RIT6, STM32U595RIT6Q, STM32U595RJT6, STM32U595RJT6Q, STM32U595VIT6, STM32U595VIT6Q, STM32U595VJT6, STM32U595VJT6Q, STM32U595ZIT6, STM32U595ZIT6Q, STM32U595ZIY6QTR, STM32U595ZJT6, STM32U595ZJT6Q, STM32U595ZJY6QTR, STM32U599BJY6QTR, STM32U599NIH6Q, STM32U599NJH6Q, STM32U599VIT6Q, STM32U599VJT6, STM32U599VJT6Q, STM32U599ZIT6Q, STM32U599ZIY6QTR, STM32U599ZJT6Q, STM32U599ZJY6QTR, STM32U5A5AJH6, STM32U5A5AJH6Q, STM32U5A5QII3Q , STM32U5A5QJI6, STM32U5A5QJI6Q, STM32U5A5RJT6, STM32U5A5RJT6Q, STM32U5A5VJT6, STM32U5A5VJT6Q, STM32U5A5ZJT6, STM32U5A5ZJT6Q, STM32U5A5ZJY6QTR, STM32U5A9BJY6QTR, STM32U5A9J-DK, STM32U5A9NJH6Q, STM32U5A9VJT6Q, STM32U5A9ZJT6Q, STM32U5A9ZJY6QTR, STM32U5F7VIT6, STM32U5F7VIT6Q, STM32U5F7VJT6, STM32U5F7VJT6Q, STM32U5F9BJY6QTR, STM32U5F9NJH6Q, STM32U5F9VIT6Q, STM32U5F9VJT6Q, STM32U5F9ZIJ6QTR, STM32U5F9ZIT6Q, STM32U5F9ZJJ6QTR, STM32U5F9ZJT6Q, STM32U5G7VJT6, STM32U5G7VJT6Q, STM32U5G9BJY6QTR, STM32U5G9J-DK1, STM32U5G9J-DK2, STM32U5G9NJH6Q, STM32U5G9VJT6Q, STM32U5G9ZJJ6QTR, STM32U5G9ZJT6Q, STM32WB05KZV6TR, STM32WB05KZV7TR, STM32WB05TZF6TR, STM32WB05TZF7TR, STM32WB06CCF6TR, STM32WB06CCF7TR, STM32WB06CCV6TR, STM32WB06CCV7TR, STM32WB06KCV6TR, STM32WB06KCV7TR, STM32WB07CCF6TR, STM32WB07CCF7TR, STM32WB07CCV6TR, STM32WB07CCV7TR, STM32WB07KCV6TR, STM32WB07KCV7TR, STM32WB09KEV6TR, STM32WB09KEV7TR, STM32WB09TEF6TR, STM32WB09TEF7TR, STM32WB1MMCH6, STM32WBA50KGU6, STM32WBA50KGU6TR, STM32WBA52CEU6, STM32WBA52CEU6TR, STM32WBA52CEU7, STM32WBA52CEU7TR, STM32WBA52CGU6, STM32WBA52CGU6TR, STM32WBA52CGU6U, STM32WBA52CGU7, STM32WBA52CGU7TR, STM32WBA52KEU6, STM32WBA52KEU6TR, STM32WBA52KGU6, STM32WBA52KGU6TR, STM32WBA54CEU6, STM32WBA54CEU6TR, STM32WBA54CEU7, STM32WBA54CEU7TR, STM32WBA54CGU6, STM32WBA54CGU6TR, STM32WBA54CGU7, STM32WBA54CGU7TR, STM32WBA54KEU6, STM32WBA54KEU6TR, STM32WBA54KEU7, STM32WBA54KEU7TR, STM32WBA54KGU6, STM32WBA54KGU6TR, STM32WBA54KGU7, STM32WBA54KGU7TR, STM32WBA55CEU6, STM32WBA55CEU6TR, STM32WBA55CEU7, STM32WBA55CEU7TR, STM32WBA55CGU6, STM32WBA55CGU6TR, STM32WBA55CGU6U, STM32WBA55CGU7, STM32WBA55CGU7TR, STM32WBA55G-DK1, STM32WBA55HEF6, STM32WBA55HEF7, STM32WBA55HGF6, STM32WBA55HGF7, STM32WBA55UEI6, STM32WBA55UEI6TR, STM32WBA55UEI7, STM32WBA55UEI7TR, STM32WBA55UGI6, STM32WBA55UGI6TR, STM32WBA55UGI7, STM32WBA55UGI7TR, STM32WBA5MMGH6TR, STM32WBA62MGF6, STM32WBA62MIF6, STM32WBA65MGF7, STM32WBA65MIF6, STM32WBA65MIF7, STM32WL30K8V6, STM32WL30KBV6, STM32WL31C8V6, STM32WL31CBV6, STM32WL31K8V6, STM32WL31KBV6, STM32WL33C8V6, STM32WL33C8V6X, STM32WL33CBV6, STM32WL33CBV6X, STM32WL33CCV6, STM32WL33CCV6A, STM32WL33CCV6X, STM32WL33K8V7, STM32WL33K8V7X, STM32WL33KBV7 , STM32WL33KBV7X, STM32WL33KCV7, STM32WL33KCV7X, STM32WL5MOCH6, STM32WL5MOCH6TR]
2025-12-16 18:10:17,599 [INFO] ApiDb:668 - CubeFinder database Data Model version=2.1
2025-12-16 18:10:17,599 [INFO] ApiDb:669 - CubeFinder database Configuration version=3.0.39
2025-12-16 18:10:17,599 [INFO] ApiDb:670 - CubeFinder database generation date=2025-11-05 (1762334721)
2025-12-16 18:10:17,599 [INFO] ApiDb:671 - CubeFinder database FW Pack versions=[FP-ATR-ASTRA1_V2.0.0, FP-SNS-FLIGHT1_V5.1.0, FP-SNS-MOTENV1_V5.1.0, FP-SNS-MOTENVWB1_V1.4.0, FP-SNS-SMARTAG2_V1.2.0, FP-SNS-STBOX1_V2.1.0, STM32Cube_FW_C0_V1.4.0, STM32Cube_FW_F4_V1.28.3, STM32Cube_FW_F7_V1.17.4, STM32Cube_FW_G0_V1.6.2, STM32Cube_FW_G4_V1.6.1, STM32Cube_FW_H5_V1.5.1, STM32Cube_FW_H7RS_V1.3.0, STM32Cube_FW_H7_V1.12.1, STM32Cube_FW_L0_V1.12.2, STM32Cube_FW_L4_V1.18.1, STM32Cube_FW_L5_V1.6.0, STM32Cube_FW_N6_V1.3.0, STM32Cube_FW_U0_V1.3.0, STM32Cube_FW_U3_V1.2.1, STM32Cube_FW_U5_V1.8.0, STM32Cube_FW_WB0_V1.4.0, STM32Cube_FW_WBA_V1.8.0, STM32Cube_FW_WB_V1.24.0, STM32Cube_FW_WL3_V1.3.0, STM32Cube_FW_WL_V1.4.0, X-CUBE-ALGOBUILD_V1.4.0, X-CUBE-ALS_V1.0.2, X-CUBE-AZRTOS-F4_V1.1.0, X-CUBE-AZRTOS-F7_V1.1.0, X-CUBE-AZRTOS-G0_V1.1.0, X-CUBE-AZRTOS-G4_V2.0.0, X-CUBE-AZRTOS-H7RS_V1.1.0, X-CUBE-AZRTOS-H7_V3.4.0, X-CUBE-AZRTOS-L4_V2.0.0, X-CUBE-AZRTOS-L5_V2.0.0, X-CUBE-AZRTOS-WB_V2.0.0, X-CUBE-AZRTOS-WL_V2.0.0, X-CUBE-BLE1_V7.1.0, X-CUBE-BLE2_V3.3.0, X-CUBE-BLEMGR_V4.1.0, X-CUBE-EEPRMA1_V5.2.0, X-CUBE-FREERTOS_V1.3.1, X-CUBE-GNSS1_V6.0.0, X-CUBE-MEMS1_V11.3.0, X-CUBE-NFC4_V3.0.0, X-CUBE-NFC7_V2.0.0, X-CUBE-SFXS2LP1_V4.0.0, X-CUBE-ST67W61_V1.1.0, X-CUBE-SUBG2_V5.0.0, X-CUBE-TOF1_V3.4.3]
2025-12-16 18:10:19,804 [INFO] ApiDb:240 - Found 880 in-development CPN: [B-G473E-ZEST1S, B-WB1M-WPAN1, B-WBA5M-WPAN, B-WL5M-SUBG1, NUCLEO-C031C6, NUCLEO-C051C8, NUCLEO-C071RB, NUCLEO-C092RC, NUCLEO-H503RB, NUCLEO-H533RE, NUCLEO-H563ZI, NUCLEO-H7S3L8, NUCLEO-N657X0-Q, NUCLEO-U031R8, NUCLEO-U083RC, NUCLEO-U385RG-Q, NUCLEO-U545RE-Q, NUCLEO-U5A5ZJ-Q, NUCLEO-WB05KZ, NUCLEO-WB07CC, NUCLEO-WB09KE, NUCLEO-WBA52CG, NUCLEO-WBA55CG, NUCLEO-WL33CC1, NUCLEO-WL33CC2, STEVAL-PROTEUS1, STEVAL-SMARTAG2, STEVAL-STWINBX1, STM320518-EVAL, STM32C0116-DK, STM32C011D6Y3TR, STM32C011D6Y6TR, STM32C011F4P3, STM32C011F4P6, STM32C011F4U3, STM32C011F4U6TR, STM32C011F6P3, STM32C011F6P6, STM32C011F6U3, STM32C011F6U6TR, STM32C011J4M3, STM32C011J4M6, STM32C011J6M3, STM32C011J6M6, STM32C0316-DK, STM32C031C4T3, STM32C031C4T6, STM32C031C4U3, STM32C031C4U6, STM32C031C6T3, STM32C031C6T6, STM32C031C6U3, STM32C031C6U6, STM32C031F4P3, STM32C031F4P6, STM32C031F6P3, STM32C031F6P6, STM32C031G4U3, STM32C031G4U6, STM32C031G6U3, STM32C031G6U6, STM32C031K4T3, STM32C031K4T6, STM32C031K4U3, STM32C031K4U6, STM32C031K6T3, STM32C031K6T6, STM32C031K6U3, STM32C031K6U6, STM32C051C6T6, STM32C051C6U6, STM32C051C8T6, STM32C051C8U6, STM32C051D8Y6TR, STM32C051F6P6, STM32C051F8P6, STM32C051G6U6, STM32C051G8U6, STM32C051K6T6, STM32C051K6U6, STM32C051K8T6, STM32C071C8T6, STM32C071C8T6N, STM32C071C8U6, STM32C071C8U6N, STM32C071CBT6, STM32C071CBT6N, STM32C071CBU6, STM32C071CBU6N, STM32C071F8P6, STM32C071F8P6N, STM32C071FBP6, STM32C071FBP6N, STM32C071FBY6TR, STM32C071G8U6, STM32C071G8U6N, STM32C071GBU6, STM32C071GBU6N, STM32C071K8T6, STM32C071K8T6N, STM32C071K8U6, STM32C071K8U6N, STM32C071KBT6, STM32C071KBT6N, STM32C071KBU6, STM32C071KBU6N, STM32C071R8T6, STM32C071R8T6N, STM32C071RBI6N, STM32C071RBT6, STM32C071RBT6N, STM32C091CBT6, STM32C091CBU6, STM32C091CCT6, STM32C091CCU6, STM32C091ECY6TR, STM32C091FBP6, STM32C091FCP6, STM32C091GBU6, STM32C091GCU6, STM32C091KBT6, STM32C091KBU6, STM32C091KCT6, STM32C091KCU6, STM32C091RBT6, STM32C091RCI6, STM32C091RCT6, STM32C092CBT6, STM32C092CBU6, STM32C092CCT6, STM32C092CCU6, STM32C092ECY6TR, STM32C092FBP6, STM32C092FCP6, STM32C092GBU6, STM32C092GCU6, STM32C092KBT6, STM32C092KBU6, STM32C092KCT6, STM32C092KCU6, STM32C092RBT6, STM32C092RCI6, STM32C092RCT6, STM32G071K8TXN, STM32G071K8UXN, STM32G081GBU6N, STM32G081KBT6N, STM32G081KBUXN, STM32G0B1CCT6N, STM32G0B1KCT6, STM32G0B1NEY6TR, STM32G0B1RCT6N, STM32G0C1CCT6, STM32G0C1CCT6N, STM32G0C1CCU6N, STM32G0C1CET6N, STM32G0C1CEU6N, STM32G0C1KCT6, STM32G0C1NEY6TR, STM32G0C1RCI6N, STM32G0C1RCT6N, STM32G0C1REI6N, STM32G0C1RET6N, STM32G0C1VCI6, STM32G0C1VEI6, STM32G411C6T3, STM32G411C6T6, STM32G411C6U3, STM32G411C6U6, STM32G411C8T3, STM32G411C8T6, STM32G411C8U3, STM32G411C8U6, STM32G411CBT3, STM32G411CBT6, STM32G411CBU3, STM32G411CBU6, STM32G411K6T3, STM32G411K6T6, STM32G411K6U3, STM32G411K6U6, STM32G411K8T3, STM32G411K8T6, STM32G411K8U3, STM32G411K8U6, STM32G411KBT3, STM32G411KBT6, STM32G411KBU3, STM32G411KBU6, STM32G411M6T3, STM32G411M6T6, STM32G411M8T3, STM32G411M8T6, STM32G411MBT3, STM32G411MBT6, STM32G411R6T3, STM32G411R6T6, STM32G411R8T3, STM32G411R8T6, STM32G411RBT3, STM32G411RBT6, STM32G414CBT3, STM32G414CBT6, STM32G414CBU3, STM32G414CBU6, STM32G414CCT3, STM32G414CCT6, STM32G414CCU3, STM32G414CCU6, STM32G414MBT3, STM32G414MBT6, STM32G414MCT3, STM32G414MCT6, STM32G414RBT3, STM32G414RBT6, STM32G414RCT3, STM32G414RCT6, STM32G414VBT3, STM32G414VBT6, STM32G414VCT3, STM32G414VCT6, STM32G431CBT3Z, STM32G431RBT3Z, STM32G471CCT6, STM32G471CCU6, STM32G471CET3, STM32G471CET6, STM32G471CEU3, STM32G471CEU6, STM32G471MCT6, STM32G471MET3, STM32G471MET6, STM32G471MEY6TR, STM32G471QCT6, STM32G471QET3, STM32G471RCT6, STM32G471RET3, STM32G471RET6, STM32G471VCH6, STM32G471VCI6, STM32G471VCT6, STM32G471VEH3, STM32G471VEH6, STM32G471VEI3, STM32G471VEI6, STM32G471VET3, STM32G471VET6, STM32G473QET3Z, STM32G473RET3Z, STM32G474CCT6, STM32G491RET3Z, STM32H503CBT6, STM32H503CBU6, STM32H503EBY6TR, STM32H503KBU6, STM32H503RBT6, STM32H523CCT6, STM32H523CCU6, STM32H523CET6, STM32H523CEU6, STM32H523HEY6TR, STM32H523RCT6, STM32H523RET6, STM32H523VCI6, STM32H523VCT6, STM32H523VEI6, STM32H523VET6, STM32H523ZCJ6, STM32H523ZCT6, STM32H523ZEJ6, STM32H523ZET6, STM32H533CET6, STM32H533CEU6, STM32H533HEY6TR, STM32H533RET6, STM32H533VEI6, STM32H533VET6, STM32H533ZEJ6, STM32H533ZET6, STM32H562AGI6, STM32H562AII6, STM32H562IGK6, STM32H562IGT6, STM32H562IIK6, STM32H562IIT6, STM32H562RGT6, STM32H562RGV6, STM32H562RIT6, STM32H562RIV6, STM32H562VGT6, STM32H562VIT6, STM32H562ZGT6, STM32H562ZIT6, STM32H563AGI6, STM32H563AII3Q, STM32H563AII6, STM32H563IGK6, STM32H563IGT6, STM32H563IIK3Q, STM32H563IIK6, STM32H563IIT3Q, STM32H563IIT6, STM32H563MIY3QTR, STM32H563RGT6, STM32H563RGV6, STM32H563RIT6, STM32H563RIV6, STM32H563VGT6, STM32H563VIT3Q, STM32H563VIT6, STM32H563ZGT6, STM32H563ZIT3Q, STM32H563ZIT6, STM32H573AII3Q, STM32H573AII6, STM32H573I-DK, STM32H573IIK3Q, STM32H573IIK6, STM32H573IIT3Q, STM32H573IIT6, STM32H573MIY3QTR, STM32H573RIT6, STM32H573RIV6, STM32H573VIT3Q, STM32H573VIT6, STM32H573ZIT3Q, STM32H573ZIT6, STM32H7R3A8I6, STM32H7R3I8K6, STM32H7R3I8T6, STM32H7R3L8H6, STM32H7R3L8H6H, STM32H7R3R8V6, STM32H7R3V8H6, STM32H7R3V8T6, STM32H7R3V8Y6TR, STM32H7R3Z8J6, STM32H7R3Z8T6, STM32H7R7A8I6, STM32H7R7I8K6, STM32H7R7I8T6, STM32H7R7L8H6, STM32H7R7L8H6H, STM32H7R7Z8J6, STM32H7S3A8I6, STM32H7S3I8K6, STM32H7S3I8T6, STM32H7S3L8H6, STM32H7S3L8H6H, STM32H7S3R8V6, STM32H7S3V8H6, STM32H7S3V8T6, STM32H7S3V8Y6TR, STM32H7S3Z8J6, STM32H7S3Z8T6, STM32H7S78-DK, STM32H7S7A8I6, STM32H7S7I8K6, STM32H7S7I8T6, STM32H7S7L8H6, STM32H7S7L8H6H, STM32H7S7Z8J6, STM32L4R5QGI6STR, STM32MP131AAE3, STM32MP131AAF3, STM32MP131AAG3, STM32MP131CAE3, STM32MP131CAF3, STM32MP131CAG3, STM32MP131DAE7, STM32MP131DAF7, STM32MP131DAG7, STM32MP131FAE7, STM32MP131FAF7, STM32MP131FAG7, STM32MP133AAE3, STM32MP133AAF3, STM32MP133AAG3, STM32MP133CAE3, STM32MP133CAF3, STM32MP133CAG3, STM32MP133DAE7, STM32MP133DAF7, STM32MP133DAG7, STM32MP133FAE7, STM32MP133FAF7, STM32MP133FAG7, STM32MP135AAE3, STM32MP135AAF3, STM32MP135AAG3, STM32MP135CAE3, STM32MP135CAF3, STM32MP135CAG3, STM32MP135DAE7, STM32MP135DAF7, STM32MP135DAG7, STM32MP135F-DK, STM32MP135FAE7, STM32MP135FAF7, STM32MP135FAF7T, STM32MP135FAF7U, STM32MP135FAG7, STM32MP211AAL3, STM32MP211AAM3, STM32MP211AAN3, STM32MP211AAO3, STM32MP211CAL3, STM32MP211CAM3, STM32MP211CAN3, STM32MP211CAO3, STM32MP211DAL3, STM32MP211DAM3, STM32MP211DAN3, STM32MP211DAO3, STM32MP211FAL3, STM32MP211FAM3, STM32MP211FAN3, STM32MP211FAO3, STM32MP213AAL3, STM32MP213AAM3, STM32MP213AAN3, STM32MP213AAO3, STM32MP213CAL3, STM32MP213CAM3, STM32MP213CAN3, STM32MP213CAO3, STM32MP213DAL3, STM32MP213DAM3, STM32MP213DAN3, STM32MP213DAO3, STM32MP213FAL3, STM32MP213FAM3, STM32MP213FAN3, STM32MP213FAO3, STM32MP215AAL3, STM32MP215AAM3, STM32MP215AAN3, STM32MP215AAO3, STM32MP215CAL3, STM32MP215CAM3, STM32MP215CAN3, STM32MP215CAO3, STM32MP215DAL3, STM32MP215DAM3, STM32MP215DAN3, STM32MP215DAO3, STM32MP215F-DK, STM32MP215FAL3, STM32MP215FAM3, STM32MP215FAN3, STM32MP215FAO3, STM32MP231AAJ3, STM32MP231AAK3, STM32MP231AAL3, STM32MP231CAJ3, STM32MP231CAK3, STM32MP231CAL3, STM32MP231DAJ3, STM32MP231DAK3, STM32MP231DAL3, STM32MP231FAJ3, STM32MP231FAK3, STM32MP231FAL3, STM32MP233AAJ3, STM32MP233AAK3, STM32MP233AAL3, STM32MP233CAJ3, STM32MP233CAK3, STM32MP233CAL3, STM32MP233DAJ3, STM32MP233DAK3, STM32MP233DAL3, STM32MP233FAJ3, STM32MP233FAK3, STM32MP233FAL3, STM32MP235AAJ3, STM32MP235AAK3, STM32MP235AAL3, STM32MP235CAJ3, STM32MP235CAK3, STM32MP235CAL3, STM32MP235DAJ3, STM32MP235DAK3, STM32MP235DAL3, STM32MP235FAJ3, STM32MP235FAK3, STM32MP235FAL3, STM32MP251AAI3, STM32MP251AAK3, STM32MP251AAL3, STM32MP251CAI3, STM32MP251CAK3, STM32MP251CAL3, STM32MP251DAI3, STM32MP251DAK3, STM32MP251DAL3, STM32MP251FAI3, STM32MP251FAK3, STM32MP251FAL3, STM32MP253AAI3, STM32MP253AAK3, STM32MP253AAL3, STM32MP253CAI3, STM32MP253CAK3, STM32MP253CAL3, STM32MP253DAI3, STM32MP253DAK3, STM32MP253DAL3, STM32MP253FAI3, STM32MP253FAK3, STM32MP253FAL3, STM32MP255AAI3, STM32MP255AAK3, STM32MP255AAL3, STM32MP255CAI3, STM32MP255CAK3, STM32MP255CAL3, STM32MP255DAI3, STM32MP255DAK3, STM32MP255DAL3, STM32MP255FAI3, STM32MP255FAK3, STM32MP255FAL3, STM32MP257AAI3, STM32MP257AAK3, STM32MP257AAL3, STM32MP257CAI3, STM32MP257CAK3, STM32MP257CAL3, STM32MP257DAI3, STM32MP257DAK3, STM32MP257DAL3, STM32MP257F-DK, STM32MP257F-EV1, STM32MP257FAI3, STM32MP257FAK3, STM32MP257FAL3, STM32N645A0H3Q, STM32N645B0H3Q, STM32N645I0H3Q, STM32N645L0H3Q, STM32N645X0H3Q, STM32N645Z0H3Q, STM32N647A0H3Q, STM32N647B0H3Q, STM32N647I0H3Q, STM32N647L0H3Q, STM32N647X0H3Q, STM32N647Z0H3Q, STM32N655A0H3Q, STM32N655B0H3Q, STM32N655I0H3Q, STM32N655L0H3Q, STM32N655X0H3Q, STM32N655Z0H3Q, STM32N6570-DK, STM32N657A0H3Q, STM32N657B0H3Q, STM32N657I0H3Q, STM32N657L0H3Q, STM32N657X0H3Q, STM32N657Z0H3Q, STM32U031C6T6, STM32U031C6U6, STM32U031C8T6, STM32U031C8U6, STM32U031F4P6, STM32U031F6P6, STM32U031F8P6, STM32U031G6Y6TR, STM32U031G8Y6TR, STM32U031K4U6, STM32U031K6U6, STM32U031K8U6, STM32U031R6I6, STM32U031R6T6, STM32U031R8I6, STM32U031R8T6, STM32U073C8T6, STM32U073C8U6, STM32U073CBT6, STM32U073CBU6, STM32U073CCT6, STM32U073CCU6, STM32U073H8Y6TR, STM32U073HBY6TR, STM32U073HCY6TR, STM32U073K8U6, STM32U073KBU6, STM32U073KCU6, STM32U073M8I6, STM32U073M8T6, STM32U073MBI6, STM32U073MBT6, STM32U073MCI6, STM32U073MCT6, STM32U073R8I6, STM32U073R8T6, STM32U073RBI6, STM32U073RBT6, STM32U073RCI6, STM32U073RCT6, STM32U083C-DK, STM32U083CCT6, STM32U083CCU6, STM32U083HCY6TR, STM32U083KCU6, STM32U083MCI6, STM32U083MCT6, STM32U083RCI6, STM32U083RCT6, STM32U375CET6, STM32U375CET6Q, STM32U375CEU6, STM32U375CEU6Q, STM32U375CEY6QTR, STM32U375CGT6, STM32U375CGT6Q, STM32U375CGU6, STM32U375CGU6Q, STM32U375CGY6QTR, STM32U375KEU6, STM32U375KGU6, STM32U375REI6, STM32U375REI6Q, STM32U375RET6, STM32U375RET6Q, STM32U375REY6GTR, STM32U375REY6QTR, STM32U375RGI6, STM32U375RGI6Q, STM32U375RGT6, STM32U375RGT6Q, STM32U375RGY6GTR, STM32U375RGY6QTR, STM32U375VEI6, STM32U375VEI6Q, STM32U375VET6, STM32U375VET6Q, STM32U375VGI6, STM32U375VGI6Q, STM32U375VGT6, STM32U375VGT6Q, STM32U385CGT6, STM32U385CGT6Q, STM32U385CGU6, STM32U385CGU6Q, STM32U385CGY6QTR, STM32U385KGU6, STM32U385RGI6, STM32U385RGI6Q, STM32U385RGT6, STM32U385RGT6Q, STM32U385RGY6GTR, STM32U385RGY6QTR, STM32U385VGI6, STM32U385VGI6Q, STM32U385VGT6, STM32U385VGT6Q, STM32U535CBT6, STM32U535CBT6Q, STM32U535CBU6, STM32U535CBU6Q, STM32U535CCT6, STM32U535CCT6Q, STM32U535CCU6, STM32U535CCU6Q, STM32U535CET6, STM32U535CET6Q, STM32U535CEU6, STM32U535CEU6Q, STM32U535JEY6QTR, STM32U535NCY6QTR, STM32U535NEY6QTR, STM32U535RBI6, STM32U535RBI6Q, STM32U535RBT6, STM32U535RBT6Q, STM32U535RCI6, STM32U535RCI6Q, STM32U535RCT6, STM32U535RCT6Q, STM32U535REI6, STM32U535REI6Q, STM32U535RET6, STM32U535RET6Q, STM32U535VCI6, STM32U535VCI6Q, STM32U535VCT6, STM32U535VCT6Q, STM32U535VEI6, STM32U535VEI6Q, STM32U535VET6, STM32U535VET6Q, STM32U545CET6, STM32U545CET6Q, STM32U545CEU6, STM32U545CEU6Q, STM32U545JEY6QTR, STM32U545NEY6QTR, STM32U545REI6, STM32U545REI6Q, STM32U545RET6, STM32U545RET6Q, STM32U545VEI6, STM32U545VEI6Q, STM32U545VET6, STM32U545VET6Q, STM32U595AIH6, STM32U595AIH6Q, STM32U595AJH6, STM32U595AJH6Q, STM32U595QII6, STM32U595QII6Q, STM32U595QJI6, STM32U595QJI6Q, STM32U595RIT6, STM32U595RIT6Q, STM32U595RJT6, STM32U595RJT6Q, STM32U595VIT6, STM32U595VIT6Q, STM32U595VJT6, STM32U595VJT6Q, STM32U595ZIT6, STM32U595ZIT6Q, STM32U595ZIY6QTR, STM32U595ZJT6, STM32U595ZJT6Q, STM32U595ZJY6QTR, STM32U599BJY6QTR, STM32U599NIH6Q, STM32U599NJH6Q, STM32U599VIT6Q, STM32U599VJT6, STM32U599VJT6Q, STM32U599ZIT6Q, STM32U599ZIY6QTR, STM32U599ZJT6Q, STM32U599ZJY6QTR, STM32U5A5AJH6, STM32U5A5AJH6Q, STM32U5A5QII3Q , STM32U5A5QJI6, STM32U5A5QJI6Q, STM32U5A5RJT6, STM32U5A5RJT6Q, STM32U5A5VJT6, STM32U5A5VJT6Q, STM32U5A5ZJT6, STM32U5A5ZJT6Q, STM32U5A5ZJY6QTR, STM32U5A9BJY6QTR, STM32U5A9J-DK, STM32U5A9NJH6Q, STM32U5A9VJT6Q, STM32U5A9ZJT6Q, STM32U5A9ZJY6QTR, STM32U5F7VIT6, STM32U5F7VIT6Q, STM32U5F7VJT6, STM32U5F7VJT6Q, STM32U5F9BJY6QTR, STM32U5F9NJH6Q, STM32U5F9VIT6Q, STM32U5F9VJT6Q, STM32U5F9ZIJ6QTR, STM32U5F9ZIT6Q, STM32U5F9ZJJ6QTR, STM32U5F9ZJT6Q, STM32U5G7VJT6, STM32U5G7VJT6Q, STM32U5G9BJY6QTR, STM32U5G9J-DK1, STM32U5G9J-DK2, STM32U5G9NJH6Q, STM32U5G9VJT6Q, STM32U5G9ZJJ6QTR, STM32U5G9ZJT6Q, STM32WB05KZV6TR, STM32WB05KZV7TR, STM32WB05TZF6TR, STM32WB05TZF7TR, STM32WB06CCF6TR, STM32WB06CCF7TR, STM32WB06CCV6TR, STM32WB06CCV7TR, STM32WB06KCV6TR, STM32WB06KCV7TR, STM32WB07CCF6TR, STM32WB07CCF7TR, STM32WB07CCV6TR, STM32WB07CCV7TR, STM32WB07KCV6TR, STM32WB07KCV7TR, STM32WB09KEV6TR, STM32WB09KEV7TR, STM32WB09TEF6TR, STM32WB09TEF7TR, STM32WB1MMCH6, STM32WBA50KGU6, STM32WBA50KGU6TR, STM32WBA52CEU6, STM32WBA52CEU6TR, STM32WBA52CEU7, STM32WBA52CEU7TR, STM32WBA52CGU6, STM32WBA52CGU6TR, STM32WBA52CGU6U, STM32WBA52CGU7, STM32WBA52CGU7TR, STM32WBA52KEU6, STM32WBA52KEU6TR, STM32WBA52KGU6, STM32WBA52KGU6TR, STM32WBA54CEU6, STM32WBA54CEU6TR, STM32WBA54CEU7, STM32WBA54CEU7TR, STM32WBA54CGU6, STM32WBA54CGU6TR, STM32WBA54CGU7, STM32WBA54CGU7TR, STM32WBA54KEU6, STM32WBA54KEU6TR, STM32WBA54KEU7, STM32WBA54KEU7TR, STM32WBA54KGU6, STM32WBA54KGU6TR, STM32WBA54KGU7, STM32WBA54KGU7TR, STM32WBA55CEU6, STM32WBA55CEU6TR, STM32WBA55CEU7, STM32WBA55CEU7TR, STM32WBA55CGU6, STM32WBA55CGU6TR, STM32WBA55CGU6U, STM32WBA55CGU7, STM32WBA55CGU7TR, STM32WBA55G-DK1, STM32WBA55HEF6, STM32WBA55HEF7, STM32WBA55HGF6, STM32WBA55HGF7, STM32WBA55UEI6, STM32WBA55UEI6TR, STM32WBA55UEI7, STM32WBA55UEI7TR, STM32WBA55UGI6, STM32WBA55UGI6TR, STM32WBA55UGI7, STM32WBA55UGI7TR, STM32WBA5MMGH6TR, STM32WBA62MGF6, STM32WBA62MIF6, STM32WBA65MGF7, STM32WBA65MIF6, STM32WBA65MIF7, STM32WL30K8V6, STM32WL30KBV6, STM32WL31C8V6, STM32WL31CBV6, STM32WL31K8V6, STM32WL31KBV6, STM32WL33C8V6, STM32WL33C8V6X, STM32WL33CBV6, STM32WL33CBV6X, STM32WL33CCV6, STM32WL33CCV6A, STM32WL33CCV6X, STM32WL33K8V7, STM32WL33K8V7X, STM32WL33KBV7 , STM32WL33KBV7X, STM32WL33KCV7, STM32WL33KCV7X, STM32WL5MOCH6, STM32WL5MOCH6TR]
2025-12-16 18:10:19,809 [INFO] DbMcus:218 - Found 4876 MCUs, 4876 are supported
2025-12-16 18:10:19,811 [INFO] ApiDb:423 - Load user favorites file C:\Users\Fabio Marçal/.stm32cubeide/favorites.mcus.txt: 0 item(s)
2025-12-16 18:10:19,811 [INFO] ApiDb:427 - User favorites MCUs=[]
2025-12-16 18:10:19,811 [INFO] DbMcus:224 - Set 0 / 0 favorites MCUs
2025-12-16 18:10:20,415 [INFO] BoardInfo:889 - No configuration file found for board P-NUCLEO-WB55
2025-12-16 18:10:20,416 [INFO] DbBoards:161 - Kit is not supported: P-NUCLEO-WB55
2025-12-16 18:10:20,423 [INFO] BoardInfo:889 - No configuration file found for board STEVAL-BFA001V1B
2025-12-16 18:10:20,424 [INFO] DbBoards:161 - Kit is not supported: STEVAL-BFA001V1B
2025-12-16 18:10:20,425 [INFO] BoardInfo:889 - No configuration file found for board STEVAL-BFA001V2B
2025-12-16 18:10:20,426 [INFO] DbBoards:161 - Kit is not supported: STEVAL-BFA001V2B
2025-12-16 18:10:20,695 [INFO] DbBoards:168 - Found 212 boards, 209 are supported
2025-12-16 18:10:20,695 [INFO] DbBoards:169 - Found 212 boards, 43 of them is supported for  Bsp
2025-12-16 18:10:20,709 [INFO] ApiDb:423 - Load user favorites file C:\Users\Fabio Marçal/.stm32cubeide/favorites.boards.txt: 1 item(s)
2025-12-16 18:10:20,709 [INFO] ApiDb:427 - User favorites Boards=[NUCLEO-G031K8]
2025-12-16 18:10:20,709 [INFO] DbBoards:198 - Set 1 / 1 favorites Boards
2025-12-16 18:10:20,780 [INFO] UtilMem:75 - End LoadConfig() Used Memory: 391716216 Bytes (506462208)
2025-12-16 18:10:20,933 [WARN] ThirdParty:833 - waiting for thirdparty lock release [change project]
2025-12-16 18:10:20,933 [INFO] ThirdParty:835 - entering critical section [change project]
2025-12-16 18:10:20,933 [INFO] ThirdParty:1030 - CMSIS Pack Vendor :STMicroelectronics X-CUBE-PM33A1 1.0.0
2025-12-16 18:10:20,933 [INFO] ThirdParty:1030 - CMSIS Pack Vendor :STMicroelectronics USBPD 4.1
2025-12-16 18:10:20,933 [INFO] ThirdParty:1030 - CMSIS Pack Vendor :STMicroelectronics USB_HOST 2.0.0
2025-12-16 18:10:20,933 [INFO] ThirdParty:1030 - CMSIS Pack Vendor :STMicroelectronics FP-SNS-MOTENVWB1 1.4.0
2025-12-16 18:10:20,933 [INFO] ThirdParty:1030 - CMSIS Pack Vendor :STMicroelectronics X-CUBE-AZRTOS-F4 1.1.0
2025-12-16 18:10:20,933 [INFO] ThirdParty:1030 - CMSIS Pack Vendor :STMicroelectronics LIBJPEG 8.0.0
2025-12-16 18:10:20,933 [INFO] ThirdParty:1030 - CMSIS Pack Vendor :STMicroelectronics FP-ATR-ASTRA1 2.0.2
2025-12-16 18:10:20,933 [INFO] ThirdParty:1030 - CMSIS Pack Vendor :STMicroelectronics FP-ATR-ASTRA1 2.0.1
2025-12-16 18:10:20,933 [INFO] ThirdParty:1030 - CMSIS Pack Vendor :STMicroelectronics X-CUBE-SMBUS 2.1.0
2025-12-16 18:10:20,933 [INFO] ThirdParty:1030 - CMSIS Pack Vendor :STMicroelectronics X-CUBE-WB05N 1.1.0
2025-12-16 18:10:20,933 [INFO] ThirdParty:1030 - CMSIS Pack Vendor :STMicroelectronics X-CUBE-ISPU 2.1.0
2025-12-16 18:10:20,933 [INFO] ThirdParty:1030 - CMSIS Pack Vendor :STMicroelectronics X-CUBE-IPS 3.2.0
2025-12-16 18:10:20,933 [INFO] ThirdParty:1030 - CMSIS Pack Vendor :STMicroelectronics X-CUBE-ST60 1.0.0
2025-12-16 18:10:20,933 [INFO] ThirdParty:1030 - CMSIS Pack Vendor :STMicroelectronics X-CUBE-NFC12 1.0.0
2025-12-16 18:10:20,933 [INFO] ThirdParty:1030 - CMSIS Pack Vendor :STMicroelectronics X-CUBE-AZRTOS-F7 1.1.0
2025-12-16 18:10:20,933 [INFO] ThirdParty:1030 - CMSIS Pack Vendor :STMicroelectronics X-CUBE-AZRTOS-L5 2.0.0
2025-12-16 18:10:20,933 [INFO] ThirdParty:1030 - CMSIS Pack Vendor :STMicroelectronics USB_DEVICE 2.0.0
2025-12-16 18:10:20,934 [INFO] ThirdParty:1030 - CMSIS Pack Vendor :STMicroelectronics X-CUBE-NFC6 3.1.0
2025-12-16 18:10:20,934 [INFO] ThirdParty:1030 - CMSIS Pack Vendor :STMicroelectronics FP-SNS-MOTENV1 5.1.0
2025-12-16 18:10:20,934 [INFO] ThirdParty:1030 - CMSIS Pack Vendor :STMicroelectronics FreeRTOS 0.0.1
2025-12-16 18:10:20,934 [INFO] ThirdParty:1030 - CMSIS Pack Vendor :STMicroelectronics X-CUBE-DPower 1.2.0
2025-12-16 18:10:20,934 [INFO] ThirdParty:1030 - CMSIS Pack Vendor :STMicroelectronics FP-SNS-FLIGHT1 5.0.2
2025-12-16 18:10:20,934 [INFO] ThirdParty:1030 - CMSIS Pack Vendor :Infineon AIROC-Wi-Fi-Bluetooth-STM32 1.7.0
2025-12-16 18:10:20,934 [INFO] ThirdParty:1030 - CMSIS Pack Vendor :STMicroelectronics PDM2PCM 3.3.0
2025-12-16 18:10:20,934 [INFO] ThirdParty:1030 - CMSIS Pack Vendor :STMicroelectronics X-CUBE-AZRTOS-H7 3.4.0
2025-12-16 18:10:20,934 [INFO] ThirdParty:1030 - CMSIS Pack Vendor :STMicroelectronics X-CUBE-DISPLAY 3.0.0
2025-12-16 18:10:20,934 [INFO] ThirdParty:1030 - CMSIS Pack Vendor :STMicroelectronics X-CUBE-BLE1 7.0.0
2025-12-16 18:10:20,934 [INFO] ThirdParty:1030 - CMSIS Pack Vendor :STMicroelectronics X-CUBE-NFC10 1.0.0
2025-12-16 18:10:20,934 [INFO] ThirdParty:1030 - CMSIS Pack Vendor :STMicroelectronics X-CUBE-BLEMGR 4.0.0
2025-12-16 18:10:20,934 [INFO] ThirdParty:1030 - CMSIS Pack Vendor :STMicroelectronics X-CUBE-FREERTOS 1.3.1
2025-12-16 18:10:20,934 [INFO] ThirdParty:1030 - CMSIS Pack Vendor :STMicroelectronics HAL Drivers 0.0.0
2025-12-16 18:10:20,934 [INFO] ThirdParty:1030 - CMSIS Pack Vendor :STMicroelectronics X-CUBE-ST60 1.1.0
2025-12-16 18:10:20,934 [INFO] ThirdParty:1030 - CMSIS Pack Vendor :emotas I-CUBE-CANOPEN 1.3.0
2025-12-16 18:10:20,934 [INFO] ThirdParty:1030 - CMSIS Pack Vendor :STMicroelectronics X-CUBE-FREERTOS 1.3.0
2025-12-16 18:10:20,934 [INFO] ThirdParty:1030 - CMSIS Pack Vendor :STMicroelectronics X-CUBE-NFC7 1.0.1
2025-12-16 18:10:20,934 [INFO] ThirdParty:1030 - CMSIS Pack Vendor :STMicroelectronics MBEDTLS 2.14.1
2025-12-16 18:10:20,934 [INFO] ThirdParty:1030 - CMSIS Pack Vendor :STMicroelectronics X-CUBE-GNSS1 7.1.0
2025-12-16 18:10:20,934 [INFO] ThirdParty:1030 - CMSIS Pack Vendor :STMicroelectronics X-CUBE-TOUCHGFX 4.26.0
2025-12-16 18:10:20,934 [INFO] ThirdParty:1030 - CMSIS Pack Vendor :STMicroelectronics X-CUBE-AI 10.0.0
2025-12-16 18:10:20,934 [INFO] ThirdParty:1030 - CMSIS Pack Vendor :STMicroelectronics FP-SNS-STBOX1 2.1.0
2025-12-16 18:10:20,934 [INFO] ThirdParty:1030 - CMSIS Pack Vendor :STMicroelectronics FP-SNS-STAIOTCFT 1.0.0
2025-12-16 18:10:20,934 [INFO] ThirdParty:1030 - CMSIS Pack Vendor :STMicroelectronics FP-SNS-SMARTAG2 1.2.0
2025-12-16 18:10:20,934 [INFO] ThirdParty:1030 - CMSIS Pack Vendor :STMicroelectronics FP-SNS-FLIGHT1 5.1.0
2025-12-16 18:10:20,934 [INFO] ThirdParty:1030 - CMSIS Pack Vendor :STMicroelectronics X-CUBE-MEMS1 11.1.0
2025-12-16 18:10:20,934 [INFO] ThirdParty:1030 - CMSIS Pack Vendor :STMicroelectronics X-CUBE-AZRTOS-WL 2.0.0
2025-12-16 18:10:20,934 [INFO] ThirdParty:1030 - CMSIS Pack Vendor :STMicroelectronics X-CUBE-DPower 1.3.0
2025-12-16 18:10:20,934 [INFO] ThirdParty:1030 - CMSIS Pack Vendor :STMicroelectronics FP-SNS-MOTENV1 5.0.0
2025-12-16 18:10:20,934 [INFO] ThirdParty:1030 - CMSIS Pack Vendor :STMicroelectronics USB_DEVICE 1.0.0
2025-12-16 18:10:20,934 [INFO] ThirdParty:1030 - CMSIS Pack Vendor :STMicroelectronics X-CUBE-AZRTOS-H7RS 1.2.0
2025-12-16 18:10:20,934 [INFO] ThirdParty:1030 - CMSIS Pack Vendor :wolfSSL I-CUBE-wolfMQTT 1.19.0
2025-12-16 18:10:20,934 [INFO] ThirdParty:1030 - CMSIS Pack Vendor :STMicroelectronics X-CUBE-AZRTOS-L4 2.0.0
2025-12-16 18:10:20,934 [INFO] ThirdParty:1030 - CMSIS Pack Vendor :STMicroelectronics ThreadX 0.0.2
2025-12-16 18:10:20,934 [INFO] ThirdParty:1030 - CMSIS Pack Vendor :WES I-CUBE-Cesium 1.3.0
2025-12-16 18:10:20,934 [INFO] ThirdParty:1030 - CMSIS Pack Vendor :STMicroelectronics lwIP 2.1.2
2025-12-16 18:10:20,934 [INFO] ThirdParty:1030 - CMSIS Pack Vendor :STMicroelectronics X-CUBE-SFXS2LP1 4.0.0
2025-12-16 18:10:20,934 [INFO] ThirdParty:1030 - CMSIS Pack Vendor :STMicroelectronics X-CUBE-BLE2 3.3.0
2025-12-16 18:10:20,935 [INFO] ThirdParty:1030 - CMSIS Pack Vendor :Avnet-IOTCONNECT X-CUBE-iotc-st67-sdk 1.0.0
2025-12-16 18:10:20,935 [INFO] ThirdParty:1030 - CMSIS Pack Vendor :STMicroelectronics PDM2PCM 3.2.0
2025-12-16 18:10:20,935 [INFO] ThirdParty:1030 - CMSIS Pack Vendor :STMicroelectronics X-CUBE-AZRTOS-H7 3.3.0
2025-12-16 18:10:20,935 [INFO] ThirdParty:1030 - CMSIS Pack Vendor :STMicroelectronics X-CUBE-NFC9 1.0.0
2025-12-16 18:10:20,935 [INFO] ThirdParty:1030 - CMSIS Pack Vendor :STMicroelectronics X-CUBE-BLE1 7.1.0
2025-12-16 18:10:20,935 [INFO] ThirdParty:1030 - CMSIS Pack Vendor :STMicroelectronics USB_DEVICE 3.0.0
2025-12-16 18:10:20,935 [INFO] ThirdParty:1030 - CMSIS Pack Vendor :STMicroelectronics X-CUBE-FREERTOS 1.4.0
2025-12-16 18:10:20,935 [INFO] ThirdParty:1030 - CMSIS Pack Vendor :STMicroelectronics X-CUBE-EEPRMA1 5.2.0
2025-12-16 18:10:20,935 [INFO] ThirdParty:1030 - CMSIS Pack Vendor :STMicroelectronics X-CUBE-BLEMGR 4.1.0
2025-12-16 18:10:20,935 [INFO] ThirdParty:1030 - CMSIS Pack Vendor :STMicroelectronics X-CUBE-AZRTOS-WB 2.0.0
2025-12-16 18:10:20,935 [INFO] ThirdParty:1030 - CMSIS Pack Vendor :STMicroelectronics X-CUBE-GNSS1 7.0.1
2025-12-16 18:10:20,935 [INFO] ThirdParty:1030 - CMSIS Pack Vendor :STMicroelectronics X-CUBE-ST67W61 1.1.0
2025-12-16 18:10:20,935 [INFO] ThirdParty:1030 - CMSIS Pack Vendor :STMicroelectronics FP-SNS-STBOX1 2.0.0
2025-12-16 18:10:20,935 [INFO] ThirdParty:1030 - CMSIS Pack Vendor :STMicroelectronics X-CUBE-MEMS1 12.0.0
2025-12-16 18:10:20,935 [INFO] ThirdParty:1030 - CMSIS Pack Vendor :STMicroelectronics X-CUBE-AZRTOS-G0 1.1.0
2025-12-16 18:10:20,935 [INFO] ThirdParty:1030 - CMSIS Pack Vendor :STMicroelectronics X-CUBE-SAFEA1 1.2.2
2025-12-16 18:10:20,935 [INFO] ThirdParty:1030 - CMSIS Pack Vendor :STMicroelectronics X-CUBE-NFC4 3.0.0
2025-12-16 18:10:20,935 [INFO] ThirdParty:1030 - CMSIS Pack Vendor :STMicroelectronics X-CUBE-SUBG2 5.0.0
2025-12-16 18:10:20,935 [INFO] ThirdParty:1030 - CMSIS Pack Vendor :STMicroelectronics X-CUBE-AZRTOS-H7RS 1.1.0
2025-12-16 18:10:20,936 [INFO] ThirdParty:1030 - CMSIS Pack Vendor :STMicroelectronics STM32_WPAN 1.0.0
2025-12-16 18:10:20,936 [INFO] ThirdParty:1030 - CMSIS Pack Vendor :EmbeddedOffice I-CUBE-FS-RTOS 1.0.1
2025-12-16 18:10:20,936 [INFO] ThirdParty:1030 - CMSIS Pack Vendor :STMicroelectronics lwIP 2.0.3
2025-12-16 18:10:20,936 [INFO] ThirdParty:1030 - CMSIS Pack Vendor :Cesanta I-CUBE-Mongoose 7.13.0
2025-12-16 18:10:20,936 [INFO] ThirdParty:1030 - CMSIS Pack Vendor :STMicroelectronics USB_HOST 1.0.0
2025-12-16 18:10:20,936 [INFO] ThirdParty:1030 - CMSIS Pack Vendor :STMicroelectronics X-CUBE-AZRTOS-G4 2.0.0
2025-12-16 18:10:20,936 [INFO] ThirdParty:1030 - CMSIS Pack Vendor :STMicroelectronics X-CUBE-WB05N 2.0.0
2025-12-16 18:10:20,936 [INFO] ThirdParty:1030 - CMSIS Pack Vendor :STMicroelectronics PDM2PCM 3.1.0
2025-12-16 18:10:20,936 [INFO] ThirdParty:1030 - CMSIS Pack Vendor :STMicroelectronics X-CUBE-NFC7 2.0.0
2025-12-16 18:10:20,936 [INFO] ThirdParty:1030 - CMSIS Pack Vendor :STMicroelectronics X-CUBE-TCPP 4.2.0
2025-12-16 18:10:20,936 [INFO] ThirdParty:1030 - CMSIS Pack Vendor :RealThread X-CUBE-RT-Thread_Nano 4.1.1
2025-12-16 18:10:20,936 [INFO] ThirdParty:1030 - CMSIS Pack Vendor :STMicroelectronics FP-ATR-SIGFOX1 3.2.0
2025-12-16 18:10:20,936 [INFO] ThirdParty:1030 - CMSIS Pack Vendor :quantropi X-CUBE-qispace-sdk-base 1.9.3
2025-12-16 18:10:20,936 [INFO] ThirdParty:1030 - CMSIS Pack Vendor :STMicroelectronics X-CUBE-EEPRMA1 5.1.0
2025-12-16 18:10:20,936 [INFO] ThirdParty:1030 - CMSIS Pack Vendor :STMicroelectronics MBEDTLS 2.16.2
2025-12-16 18:10:20,936 [INFO] ThirdParty:1030 - CMSIS Pack Vendor :STMicroelectronics X-CUBE-IPS 3.1.0
2025-12-16 18:10:20,936 [INFO] ThirdParty:1030 - CMSIS Pack Vendor :STMicroelectronics X-CUBE-ALS 1.0.2
2025-12-16 18:10:20,936 [INFO] ThirdParty:1030 - CMSIS Pack Vendor :wolfSSL I-CUBE-wolfSSL 5.7.6
2025-12-16 18:10:20,936 [INFO] ThirdParty:1030 - CMSIS Pack Vendor :ITTIA_DB I-CUBE-ITTIADB 8.9.0
2025-12-16 18:10:20,936 [INFO] ThirdParty:1030 - CMSIS Pack Vendor :STMicroelectronics X-CUBE-TOUCHGFX 4.24.2
2025-12-16 18:10:20,936 [INFO] ThirdParty:1030 - CMSIS Pack Vendor :STMicroelectronics X-CUBE-STSE01 1.0.0
2025-12-16 18:10:20,936 [INFO] ThirdParty:1030 - CMSIS Pack Vendor :wolfSSL I-CUBE-wolfTPM 3.4.0
2025-12-16 18:10:20,936 [INFO] ThirdParty:1030 - CMSIS Pack Vendor :portGmbH I-Cube-SoM-uGOAL 1.1.0
2025-12-16 18:10:20,936 [INFO] ThirdParty:1030 - CMSIS Pack Vendor :STMicroelectronics X-CUBE-ST67W61 1.0.0
2025-12-16 18:10:20,936 [INFO] ThirdParty:1030 - CMSIS Pack Vendor :STMicroelectronics X-CUBE-AI 10.2.0
2025-12-16 18:10:20,936 [INFO] ThirdParty:1030 - CMSIS Pack Vendor :STMicroelectronics ThreadX 1.0.0
2025-12-16 18:10:20,936 [INFO] ThirdParty:1030 - CMSIS Pack Vendor :SEGGER I-CUBE-embOS 1.3.1
2025-12-16 18:10:20,936 [INFO] ThirdParty:1030 - CMSIS Pack Vendor :STMicroelectronics X-CUBE-ALGOBUILD 1.4.0
2025-12-16 18:10:20,936 [INFO] ThirdParty:1030 - CMSIS Pack Vendor :STMicroelectronics X-CUBE-MEMS1 11.3.0
2025-12-16 18:10:20,936 [INFO] ThirdParty:1030 - CMSIS Pack Vendor :STMicroelectronics X-CUBE-AZRTOS-H7RS 1.0.0
2025-12-16 18:10:20,936 [INFO] ThirdParty:1030 - CMSIS Pack Vendor :STMicroelectronics X-CUBE-TOF1 3.4.2
2025-12-16 18:10:20,936 [INFO] ThirdParty:1030 - CMSIS Pack Vendor :STMicroelectronics X-CUBE-TOF1 3.4.3
2025-12-16 18:10:20,936 [INFO] ThirdParty:1030 - CMSIS Pack Vendor :wolfSSL I-CUBE-wolfSSH 1.4.17
2025-12-16 18:10:20,936 [INFO] ThirdParty:841 - exiting critical section [change project]
2025-12-16 18:10:21,601 [INFO] PinOutPanel:1589 - setPackage(No Configuration,No Configuration)
2025-12-16 18:10:21,603 [INFO] PinOutPanel:1589 - setPackage(STM32H753ZITx,LQFP144)
2025-12-16 18:10:22,363 [INFO] UtilMem:75 - Before build in PCC Used Memory: 334460176 Bytes (579862528)
2025-12-16 18:10:23,491 [INFO] UtilMem:75 - After build in PCC Used Memory: 321254088 Bytes (611319808)
2025-12-16 18:10:23,551 [INFO] IPUIPlugin:80 - create IPUIPlugin
2025-12-16 18:10:23,551 [INFO] IPUIPlugin:80 - create IPUIPlugin
2025-12-16 18:10:23,551 [INFO] IPUIPlugin:80 - create IPUIPlugin
2025-12-16 18:10:23,551 [INFO] IPUIPlugin:80 - create IPUIPlugin
2025-12-16 18:10:23,551 [INFO] IPUIPlugin:80 - create IPUIPlugin
2025-12-16 18:10:23,551 [INFO] IPUIPlugin:80 - create IPUIPlugin
2025-12-16 18:10:23,552 [INFO] IPUIPlugin:80 - create IPUIPlugin
2025-12-16 18:10:23,552 [INFO] IPUIPlugin:80 - create IPUIPlugin
2025-12-16 18:10:23,552 [INFO] IPUIPlugin:80 - create IPUIPlugin
2025-12-16 18:10:23,553 [INFO] IPUIPlugin:80 - create IPUIPlugin
2025-12-16 18:10:23,553 [INFO] IPUIPlugin:80 - create IPUIPlugin
2025-12-16 18:10:23,553 [INFO] IPUIPlugin:80 - create IPUIPlugin
2025-12-16 18:10:23,553 [INFO] IPUIPlugin:80 - create IPUIPlugin
2025-12-16 18:10:23,553 [INFO] IPUIPlugin:80 - create IPUIPlugin
2025-12-16 18:10:23,553 [INFO] IPUIPlugin:80 - create IPUIPlugin
2025-12-16 18:10:23,554 [INFO] IPUIPlugin:80 - create IPUIPlugin
2025-12-16 18:10:23,554 [INFO] IPUIPlugin:80 - create IPUIPlugin
2025-12-16 18:10:23,554 [INFO] IPUIPlugin:80 - create IPUIPlugin
2025-12-16 18:10:23,554 [INFO] IPUIPlugin:80 - create IPUIPlugin
2025-12-16 18:10:23,554 [INFO] IPUIPlugin:80 - create IPUIPlugin
2025-12-16 18:10:23,554 [INFO] IPUIPlugin:80 - create IPUIPlugin
2025-12-16 18:10:23,554 [INFO] IPUIPlugin:80 - create IPUIPlugin
2025-12-16 18:10:23,554 [INFO] IPUIPlugin:80 - create IPUIPlugin
2025-12-16 18:10:23,554 [INFO] IPUIPlugin:80 - create IPUIPlugin
2025-12-16 18:10:23,554 [INFO] IPUIPlugin:80 - create IPUIPlugin
2025-12-16 18:10:23,554 [INFO] IPUIPlugin:80 - create IPUIPlugin
2025-12-16 18:10:23,554 [INFO] IPUIPlugin:80 - create IPUIPlugin
2025-12-16 18:10:23,554 [INFO] IPUIPlugin:80 - create IPUIPlugin
2025-12-16 18:10:23,555 [INFO] IPUIPlugin:80 - create IPUIPlugin
2025-12-16 18:10:23,555 [INFO] IPUIPlugin:80 - create IPUIPlugin
2025-12-16 18:10:23,555 [INFO] IPUIPlugin:80 - create IPUIPlugin
2025-12-16 18:10:23,555 [INFO] IPUIPlugin:80 - create IPUIPlugin
2025-12-16 18:10:23,555 [INFO] IPUIPlugin:80 - create IPUIPlugin
2025-12-16 18:10:23,556 [INFO] IPUIPlugin:80 - create IPUIPlugin
2025-12-16 18:10:23,556 [INFO] IPUIPlugin:80 - create IPUIPlugin
2025-12-16 18:10:23,557 [INFO] IPUIPlugin:80 - create IPUIPlugin
2025-12-16 18:10:23,557 [INFO] IPUIPlugin:80 - create IPUIPlugin
2025-12-16 18:10:23,557 [INFO] IPUIPlugin:80 - create IPUIPlugin
2025-12-16 18:10:23,557 [INFO] IPUIPlugin:80 - create IPUIPlugin
2025-12-16 18:10:23,558 [INFO] IPUIPlugin:80 - create IPUIPlugin
2025-12-16 18:10:23,558 [INFO] IPUIPlugin:80 - create IPUIPlugin
2025-12-16 18:10:23,558 [INFO] IPUIPlugin:80 - create IPUIPlugin
2025-12-16 18:10:23,558 [INFO] IPUIPlugin:80 - create IPUIPlugin
2025-12-16 18:10:23,558 [INFO] IPUIPlugin:80 - create IPUIPlugin
2025-12-16 18:10:23,558 [INFO] IPUIPlugin:80 - create IPUIPlugin
2025-12-16 18:10:23,558 [INFO] IPUIPlugin:80 - create IPUIPlugin
2025-12-16 18:10:23,559 [INFO] IPUIPlugin:80 - create IPUIPlugin
2025-12-16 18:10:23,559 [INFO] IPUIPlugin:80 - create IPUIPlugin
2025-12-16 18:10:23,559 [INFO] IPUIPlugin:80 - create IPUIPlugin
2025-12-16 18:10:23,559 [INFO] IPUIPlugin:80 - create IPUIPlugin
2025-12-16 18:10:23,559 [INFO] IPUIPlugin:80 - create IPUIPlugin
2025-12-16 18:10:23,560 [INFO] IPUIPlugin:80 - create IPUIPlugin
2025-12-16 18:10:23,560 [INFO] IPUIPlugin:80 - create IPUIPlugin
2025-12-16 18:10:23,560 [INFO] IPUIPlugin:80 - create IPUIPlugin
2025-12-16 18:10:23,560 [INFO] IPUIPlugin:80 - create IPUIPlugin
2025-12-16 18:10:23,560 [INFO] IPUIPlugin:80 - create IPUIPlugin
2025-12-16 18:10:23,561 [INFO] IPUIPlugin:80 - create IPUIPlugin
2025-12-16 18:10:23,561 [INFO] IPUIPlugin:80 - create IPUIPlugin
2025-12-16 18:10:23,561 [INFO] IPUIPlugin:80 - create IPUIPlugin
2025-12-16 18:10:23,561 [INFO] IPUIPlugin:80 - create IPUIPlugin
2025-12-16 18:10:23,561 [INFO] IPUIPlugin:80 - create IPUIPlugin
2025-12-16 18:10:23,562 [INFO] IPUIPlugin:80 - create IPUIPlugin
2025-12-16 18:10:23,562 [INFO] IPUIPlugin:80 - create IPUIPlugin
2025-12-16 18:10:23,562 [INFO] IPUIPlugin:80 - create IPUIPlugin
2025-12-16 18:10:23,562 [INFO] IPUIPlugin:80 - create IPUIPlugin
2025-12-16 18:10:23,563 [INFO] IPUIPlugin:80 - create IPUIPlugin
2025-12-16 18:10:23,563 [INFO] IPUIPlugin:80 - create IPUIPlugin
2025-12-16 18:10:23,563 [INFO] IPUIPlugin:80 - create IPUIPlugin
2025-12-16 18:10:23,563 [INFO] IPUIPlugin:80 - create IPUIPlugin
2025-12-16 18:10:23,563 [INFO] IPUIPlugin:80 - create IPUIPlugin
2025-12-16 18:10:23,563 [INFO] IPUIPlugin:80 - create IPUIPlugin
2025-12-16 18:10:23,564 [INFO] IPUIPlugin:80 - create IPUIPlugin
2025-12-16 18:10:23,564 [INFO] IPUIPlugin:80 - create IPUIPlugin
2025-12-16 18:10:23,565 [INFO] IPUIPlugin:80 - create IPUIPlugin
2025-12-16 18:10:23,565 [INFO] IPUIPlugin:80 - create IPUIPlugin
2025-12-16 18:10:23,565 [INFO] IPUIPlugin:80 - create IPUIPlugin
2025-12-16 18:10:23,565 [INFO] IPUIPlugin:80 - create IPUIPlugin
2025-12-16 18:10:23,566 [INFO] IPUIPlugin:80 - create IPUIPlugin
2025-12-16 18:10:23,566 [INFO] IPUIPlugin:80 - create IPUIPlugin
2025-12-16 18:10:23,566 [INFO] IPUIPlugin:80 - create IPUIPlugin
2025-12-16 18:10:23,566 [INFO] IPUIPlugin:80 - create IPUIPlugin
2025-12-16 18:10:23,567 [INFO] IPUIPlugin:80 - create IPUIPlugin
2025-12-16 18:10:23,567 [INFO] IPUIPlugin:80 - create IPUIPlugin
2025-12-16 18:10:23,567 [INFO] IPUIPlugin:80 - create IPUIPlugin
2025-12-16 18:10:23,567 [INFO] IPUIPlugin:80 - create IPUIPlugin
2025-12-16 18:10:23,567 [INFO] IPUIPlugin:80 - create IPUIPlugin
2025-12-16 18:10:23,568 [INFO] IPUIPlugin:80 - create IPUIPlugin
2025-12-16 18:10:23,568 [INFO] IPUIPlugin:80 - create IPUIPlugin
2025-12-16 18:10:23,568 [INFO] IPUIPlugin:80 - create IPUIPlugin
2025-12-16 18:10:23,568 [INFO] IPUIPlugin:80 - create IPUIPlugin
2025-12-16 18:10:23,569 [INFO] IPUIPlugin:80 - create IPUIPlugin
2025-12-16 18:10:23,569 [INFO] IPUIPlugin:80 - create IPUIPlugin
2025-12-16 18:10:23,569 [INFO] IPUIPlugin:80 - create IPUIPlugin
2025-12-16 18:10:23,570 [INFO] IPUIPlugin:80 - create IPUIPlugin
2025-12-16 18:10:23,570 [INFO] IPUIPlugin:80 - create IPUIPlugin
2025-12-16 18:10:23,571 [INFO] IPUIPlugin:80 - create IPUIPlugin
2025-12-16 18:10:23,571 [INFO] IPUIPlugin:80 - create IPUIPlugin
2025-12-16 18:10:23,572 [INFO] IPUIPlugin:80 - create IPUIPlugin
2025-12-16 18:10:23,572 [INFO] IPUIPlugin:80 - create IPUIPlugin
2025-12-16 18:10:23,572 [INFO] IPUIPlugin:80 - create IPUIPlugin
2025-12-16 18:10:23,573 [INFO] IPUIPlugin:80 - create IPUIPlugin
2025-12-16 18:10:23,635 [INFO] ApiDbMcu:532 - Load IP Config File for PDM2PCM
2025-12-16 18:10:23,859 [INFO] CADModel:165 - CPN selected for project levelSTM32H753ZIT6
2025-12-16 18:10:23,859 [INFO] CADModel:114 - Register for checkConnection events
2025-12-16 18:10:23,919 [INFO] OpenFileManager:386 - Restore cursor
2025-12-16 18:15:16,884 [INFO] NvicIntPanel:101 - NVIC parent = com.st.microxplorer.plugins.ip.nvic.MultiNvicIntPanel[,0,0,0x0,invalid,layout=javax.swing.BoxLayout,alignmentX=0.0,alignmentY=0.0,border=,flags=9,maximumSize=,minimumSize=,preferredSize=]
2025-12-16 18:15:33,668 [INFO] UtilMem:75 - End SaveConfig() Used Memory: 928392808 Bytes (1073741824)
2025-12-16 18:15:34,564 [INFO] UtilMem:75 - End SaveConfig() Used Memory: 962814464 Bytes (1073741824)
2025-12-16 18:15:34,590 [ERROR] IocParser:95 - Exception caught: Cannot invoke "java.lang.CharSequence.length()" because "this.text" is null
2025-12-16 18:15:37,353 [INFO] UtilMem:75 - End SaveConfig() Used Memory: 770962064 Bytes (1073741824)
2025-12-16 18:15:37,862 [ERROR] IocParser:95 - Exception caught: Cannot invoke "java.lang.CharSequence.length()" because "this.text" is null
2025-12-16 18:15:38,000 [INFO] BlockDiagram:2775 - set Specific Code input for plugin: DFSDM
2025-12-16 18:15:38,000 [INFO] BlockDiagram:2775 - set Specific Code input for plugin: RCC
2025-12-16 18:15:38,001 [INFO] BlockDiagram:2775 - set Specific Code input for plugin: NUCLEO-H753ZI
2025-12-16 18:15:38,001 [INFO] BlockDiagram:2775 - set Specific Code input for plugin: DAC
2025-12-16 18:15:38,001 [INFO] BlockDiagram:2775 - set Specific Code input for plugin: MEMORYMAP
2025-12-16 18:15:38,001 [INFO] BlockDiagram:2775 - set Specific Code input for plugin: SYS
2025-12-16 18:15:38,001 [INFO] BlockDiagram:2775 - set Specific Code input for plugin: NVIC
2025-12-16 18:15:38,001 [INFO] BlockDiagram:2775 - set Specific Code input for plugin: DMA
2025-12-16 18:15:38,001 [INFO] BlockDiagram:2775 - set Specific Code input for plugin: GPIO
2025-12-16 18:15:38,003 [INFO] CodeGenerator:892 - code generatio: config db path: C:\ST\STM32CubeIDE_1.19.0\STM32CubeIDE\plugins\com.st.stm32cube.common.mx_6.15.0.202507011659\\db\
2025-12-16 18:15:38,230 [INFO] CodeEngine:265 - oldGeneratedFile, C:\FabioAugusto\ESISAR\5A\PX505\PoLiNoM\stm32\PoLiNoM\MXTmpFiles\license.tmp_save
2025-12-16 18:15:38,924 [INFO] CodeEngine:289 - Generated code: C:\FabioAugusto\ESISAR\5A\PX505\PoLiNoM\stm32\PoLiNoM\MXTmpFiles\license.tmp
2025-12-16 18:15:39,127 [INFO] CodeEngine:265 - oldGeneratedFile, C:\FabioAugusto\ESISAR\5A\PX505\PoLiNoM\stm32\PoLiNoM\MXTmpFiles\gpio.tmp_save
2025-12-16 18:15:39,322 [INFO] CodeEngine:289 - Generated code: C:\FabioAugusto\ESISAR\5A\PX505\PoLiNoM\stm32\PoLiNoM\MXTmpFiles\gpio.tmp
2025-12-16 18:15:39,630 [WARN] IPConfigManager:103 - WARNING: Missing Config File for MEMORYMAP ip!!
2025-12-16 18:15:39,718 [INFO] CodeEngine:265 - oldGeneratedFile, C:\FabioAugusto\ESISAR\5A\PX505\PoLiNoM\stm32\PoLiNoM\MXTmpFiles\cortex.tmp_save
2025-12-16 18:15:39,847 [INFO] CodeEngine:289 - Generated code: C:\FabioAugusto\ESISAR\5A\PX505\PoLiNoM\stm32\PoLiNoM\MXTmpFiles\cortex.tmp
2025-12-16 18:15:39,902 [INFO] CodeEngine:265 - oldGeneratedFile, C:\FabioAugusto\ESISAR\5A\PX505\PoLiNoM\stm32\PoLiNoM\MXTmpFiles\dma.tmp_save
2025-12-16 18:15:40,073 [INFO] CodeEngine:289 - Generated code: C:\FabioAugusto\ESISAR\5A\PX505\PoLiNoM\stm32\PoLiNoM\MXTmpFiles\dma.tmp
2025-12-16 18:15:40,093 [INFO] CodeEngine:265 - oldGeneratedFile, C:\FabioAugusto\ESISAR\5A\PX505\PoLiNoM\stm32\PoLiNoM\MXTmpFiles\dma_GV.tmp_save
2025-12-16 18:15:40,210 [INFO] CodeEngine:289 - Generated code: C:\FabioAugusto\ESISAR\5A\PX505\PoLiNoM\stm32\PoLiNoM\MXTmpFiles\dma_GV.tmp
2025-12-16 18:15:40,272 [INFO] CodeEngine:265 - oldGeneratedFile, C:\FabioAugusto\ESISAR\5A\PX505\PoLiNoM\stm32\PoLiNoM\Core\Inc\stm32h7xx_nucleo_conf.h_save
2025-12-16 18:15:40,428 [INFO] CodeEngine:289 - Generated code: C:\FabioAugusto\ESISAR\5A\PX505\PoLiNoM\stm32\PoLiNoM\Core\Inc\stm32h7xx_nucleo_conf.h
2025-12-16 18:15:40,434 [INFO] CodeEngine:265 - oldGeneratedFile, C:\FabioAugusto\ESISAR\5A\PX505\PoLiNoM\stm32\PoLiNoM\MXTmpFiles\bsp_inc.tmp_save
2025-12-16 18:15:40,504 [INFO] CodeEngine:289 - Generated code: C:\FabioAugusto\ESISAR\5A\PX505\PoLiNoM\stm32\PoLiNoM\MXTmpFiles\bsp_inc.tmp
2025-12-16 18:15:40,521 [INFO] CodeEngine:265 - oldGeneratedFile, C:\FabioAugusto\ESISAR\5A\PX505\PoLiNoM\stm32\PoLiNoM\MXTmpFiles\bsp_common_vars.tmp_save
2025-12-16 18:15:40,593 [INFO] CodeEngine:289 - Generated code: C:\FabioAugusto\ESISAR\5A\PX505\PoLiNoM\stm32\PoLiNoM\MXTmpFiles\bsp_common_vars.tmp
2025-12-16 18:15:40,607 [INFO] CodeEngine:265 - oldGeneratedFile, C:\FabioAugusto\ESISAR\5A\PX505\PoLiNoM\stm32\PoLiNoM\MXTmpFiles\bsp_common_init.tmp_save
2025-12-16 18:15:40,675 [INFO] CodeEngine:289 - Generated code: C:\FabioAugusto\ESISAR\5A\PX505\PoLiNoM\stm32\PoLiNoM\MXTmpFiles\bsp_common_init.tmp
2025-12-16 18:15:40,689 [INFO] CodeEngine:265 - oldGeneratedFile, C:\FabioAugusto\ESISAR\5A\PX505\PoLiNoM\stm32\PoLiNoM\MXTmpFiles\bsp_common_demo_before_while.tmp_save
2025-12-16 18:15:40,746 [INFO] CodeEngine:289 - Generated code: C:\FabioAugusto\ESISAR\5A\PX505\PoLiNoM\stm32\PoLiNoM\MXTmpFiles\bsp_common_demo_before_while.tmp
2025-12-16 18:15:40,751 [INFO] CodeEngine:265 - oldGeneratedFile, C:\FabioAugusto\ESISAR\5A\PX505\PoLiNoM\stm32\PoLiNoM\MXTmpFiles\bsp_common_demo_inside_while.tmp_save
2025-12-16 18:15:40,808 [INFO] CodeEngine:289 - Generated code: C:\FabioAugusto\ESISAR\5A\PX505\PoLiNoM\stm32\PoLiNoM\MXTmpFiles\bsp_common_demo_inside_while.tmp
2025-12-16 18:15:40,814 [INFO] CodeEngine:265 - oldGeneratedFile, C:\FabioAugusto\ESISAR\5A\PX505\PoLiNoM\stm32\PoLiNoM\MXTmpFiles\bsp_common_demo_fct.tmp_save
2025-12-16 18:15:40,875 [INFO] CodeEngine:289 - Generated code: C:\FabioAugusto\ESISAR\5A\PX505\PoLiNoM\stm32\PoLiNoM\MXTmpFiles\bsp_common_demo_fct.tmp
2025-12-16 18:15:40,898 [INFO] CodeEngine:265 - oldGeneratedFile, C:\FabioAugusto\ESISAR\5A\PX505\PoLiNoM\stm32\PoLiNoM\Core\Src\stm32h7xx_it.c_save
2025-12-16 18:15:41,107 [INFO] CodeEngine:289 - Generated code: C:\FabioAugusto\ESISAR\5A\PX505\PoLiNoM\stm32\PoLiNoM\Core\Src\stm32h7xx_it.c
2025-12-16 18:15:41,114 [INFO] CodeEngine:265 - oldGeneratedFile, C:\FabioAugusto\ESISAR\5A\PX505\PoLiNoM\stm32\PoLiNoM\Core\Inc\stm32h7xx_it.h_save
2025-12-16 18:15:41,189 [INFO] CodeEngine:289 - Generated code: C:\FabioAugusto\ESISAR\5A\PX505\PoLiNoM\stm32\PoLiNoM\Core\Inc\stm32h7xx_it.h
2025-12-16 18:15:41,254 [INFO] CodeEngine:265 - oldGeneratedFile, C:\FabioAugusto\ESISAR\5A\PX505\PoLiNoM\stm32\PoLiNoM\Core\Src\stm32h7xx_hal_msp.c_save
2025-12-16 18:15:41,496 [INFO] CodeEngine:289 - Generated code: C:\FabioAugusto\ESISAR\5A\PX505\PoLiNoM\stm32\PoLiNoM\Core\Src\stm32h7xx_hal_msp.c
2025-12-16 18:15:41,502 [INFO] CodeEngine:265 - oldGeneratedFile, C:\FabioAugusto\ESISAR\5A\PX505\PoLiNoM\stm32\PoLiNoM\MXTmpFiles\system.tmp_save
2025-12-16 18:15:41,561 [INFO] CodeEngine:289 - Generated code: C:\FabioAugusto\ESISAR\5A\PX505\PoLiNoM\stm32\PoLiNoM\MXTmpFiles\system.tmp
2025-12-16 18:15:41,582 [INFO] CodeEngine:321 - oldGeneratedFile, C:\FabioAugusto\ESISAR\5A\PX505\PoLiNoM\stm32\PoLiNoM\Core\Inc\stm32h7xx_hal_conf.h_save
2025-12-16 18:15:41,722 [INFO] CodeEngine:345 - Generated code: C:\FabioAugusto\ESISAR\5A\PX505\PoLiNoM\stm32\PoLiNoM\Core\Inc\stm32h7xx_hal_conf.h
2025-12-16 18:15:41,783 [INFO] ApiDbMcu:532 - Load IP Config File for DAC1
2025-12-16 18:15:41,796 [INFO] ApiDbMcu:532 - Load IP Config File for DFSDM1
2025-12-16 18:15:41,801 [INFO] ApiDbMcu:532 - Load IP Config File for RCC
2025-12-16 18:15:41,815 [INFO] CodeEngine:265 - oldGeneratedFile, C:\FabioAugusto\ESISAR\5A\PX505\PoLiNoM\stm32\PoLiNoM\Core\Inc\main.h_save
2025-12-16 18:15:41,990 [INFO] CodeEngine:289 - Generated code: C:\FabioAugusto\ESISAR\5A\PX505\PoLiNoM\stm32\PoLiNoM\Core\Inc\main.h
2025-12-16 18:15:42,005 [INFO] CodeEngine:265 - oldGeneratedFile, C:\FabioAugusto\ESISAR\5A\PX505\PoLiNoM\stm32\PoLiNoM\Core\Src\main.c_save
2025-12-16 18:15:42,203 [INFO] CodeEngine:289 - Generated code: C:\FabioAugusto\ESISAR\5A\PX505\PoLiNoM\stm32\PoLiNoM\Core\Src\main.c
2025-12-16 18:15:42,595 [INFO] ProjectBuilder:3606 - Time for Copy HAL[1] : 217mS.
2025-12-16 18:15:42,607 [INFO] ProjectBuilder:5216 - Project Generator version: 4.7.0-B52
2025-12-16 18:15:42,702 [INFO] ConfigFileManager:1595 - The Die is : DIE450
2025-12-16 18:15:42,709 [INFO] ApiDbMcu:532 - Load IP Config File for FATFS
2025-12-16 18:15:42,714 [INFO] ApiDbMcu:532 - Load IP Config File for FREERTOS
2025-12-16 18:15:42,716 [INFO] ApiDbMcu:532 - Load IP Config File for LIBJPEG
2025-12-16 18:15:42,721 [INFO] ApiDbMcu:532 - Load IP Config File for LWIP
2025-12-16 18:15:42,727 [INFO] ApiDbMcu:532 - Load IP Config File for MBEDTLS
2025-12-16 18:15:42,736 [INFO] ApiDbMcu:532 - Load IP Config File for USB_DEVICE
2025-12-16 18:15:42,742 [INFO] ApiDbMcu:532 - Load IP Config File for USB_HOST
2025-12-16 18:15:43,238 [INFO] LogOutputStream:77 - [STDOUT_REDIRECT] 
2025-12-16 18:15:44,335 [INFO] ProjectBuilder:5496 - Time for Generating toolchain IDE Files: 1727mS.
2025-12-16 18:15:44,336 [INFO] ProjectBuilder:3463 - Time for Copy CMSIS : 1mS.
2025-12-16 18:15:44,338 [INFO] ProjectBuilder:3463 - Time for Copy CMSIS : 0mS.
2025-12-16 18:21:52,197 [INFO] MainUpdater:2872 - connection check result : 10
2025-12-16 18:21:52,970 [INFO] CheckServerUpdateThread:120 - End of CheckServer Thread
2025-12-16 18:22:54,744 [INFO] DocFrame:73 - Open Documents window for Board NUCLEO-H753ZI
2025-12-16 18:23:14,287 [INFO] McuFinderGlobals:63 - Set McuFinder mode to 2 (CubeIDE integrated)
2025-12-16 18:23:14,288 [INFO] McuFinderGlobals:76 - Set McuFinderConnectedMode to true
2025-12-16 18:23:14,288 [INFO] MainUpdater:2872 - connection check result : 10
2025-12-16 18:23:14,289 [INFO] MenuBar:473 - Manual Refresh Data
2025-12-16 18:23:14,290 [INFO] FinderAction:103 - Refresh Data: download all database files
2025-12-16 18:23:15,070 [INFO] ServerAccessManage:452 - Complete download http(s) 200
2025-12-16 18:23:15,072 [INFO] ServerAccessManage:509 - Download File mcusAds.json._tmp_
2025-12-16 18:23:15,204 [INFO] LoadUrlFilesThread:156 - End of LoadUrlFiles Thread
2025-12-16 18:23:15,692 [INFO] ServerAccessManage:452 - Complete download http(s) 200
2025-12-16 18:23:15,693 [INFO] ServerAccessManage:509 - Download File cube-finder-db.zip
2025-12-16 18:23:22,126 [INFO] FileExtend:248 - Unzip File : cube-finder-db.zip
2025-12-16 18:23:22,127 [INFO] FileExtend:263 - Standard Zip Deflate
2025-12-16 18:23:23,101 [INFO] LoadUrlFilesThread:156 - End of LoadUrlFiles Thread
2025-12-16 18:23:23,728 [INFO] ServerAccessManage:452 - Complete download http(s) 200
2025-12-16 18:23:23,728 [INFO] ServerAccessManage:509 - Download File crdb.zip
2025-12-16 18:23:25,091 [INFO] FileExtend:248 - Unzip File : crdb.zip
2025-12-16 18:23:25,091 [INFO] FileExtend:263 - Standard Zip Deflate
2025-12-16 18:23:25,263 [INFO] LoadUrlFilesThread:156 - End of LoadUrlFiles Thread
2025-12-16 18:23:25,493 [INFO] ServerAccessManage:452 - Complete download http(s) 200
2025-12-16 18:23:25,494 [INFO] ServerAccessManage:509 - Download File tutoVideoDB.zip
2025-12-16 18:23:25,551 [INFO] FileExtend:248 - Unzip File : tutoVideoDB.zip
2025-12-16 18:23:25,552 [INFO] FileExtend:263 - Standard Zip Deflate
2025-12-16 18:23:25,707 [INFO] LoadUrlFilesThread:156 - End of LoadUrlFiles Thread
2025-12-16 18:23:25,711 [WARN] DbFile:41 - Overriding database path with different value: C:\Users\Fabio Marçal\.stmcufinder\plugins\mcufinder/ => C:\Users\Fabio Marçal\.stmcufinder\plugins\mcufinder
2025-12-16 18:23:25,919 [INFO] ServerAccessManage:452 - Complete download http(s) 200
2025-12-16 18:23:25,919 [INFO] ServerAccessManage:509 - Download File api_config.json
2025-12-16 18:23:26,054 [INFO] LoadUrlFilesThread:156 - End of LoadUrlFiles Thread
2025-12-16 18:23:26,055 [INFO] DbMcusAds:53 - JSON generation date=Tue Dec 16 00:11:46 CET 2025 (1765840306612)
2025-12-16 18:23:26,059 [INFO] ApiDb:448 - Save user favorites file C:\Users\Fabio Marçal/.stm32cubeide/favorites.mcus.txt: 0 item(s)
2025-12-16 18:23:26,059 [INFO] ApiDb:452 - User favorites MCUs=[]
2025-12-16 18:23:26,062 [INFO] ApiDb:581 - Connected to CubeFinder SQLite database (C:\Users\Fabio Marçal\.stmcufinder\plugins\mcufinder\mcu\cube-finder-db.db)
2025-12-16 18:23:26,126 [INFO] ApiDb:668 - CubeFinder database Data Model version=2.1
2025-12-16 18:23:26,126 [INFO] ApiDb:669 - CubeFinder database Configuration version=3.0.39
2025-12-16 18:23:26,126 [INFO] ApiDb:670 - CubeFinder database generation date=2025-11-05 (1762334721)
2025-12-16 18:23:26,126 [INFO] ApiDb:671 - CubeFinder database FW Pack versions=[FP-ATR-ASTRA1_V2.0.0, FP-SNS-FLIGHT1_V5.1.0, FP-SNS-MOTENV1_V5.1.0, FP-SNS-MOTENVWB1_V1.4.0, FP-SNS-SMARTAG2_V1.2.0, FP-SNS-STBOX1_V2.1.0, STM32Cube_FW_C0_V1.4.0, STM32Cube_FW_F4_V1.28.3, STM32Cube_FW_F7_V1.17.4, STM32Cube_FW_G0_V1.6.2, STM32Cube_FW_G4_V1.6.1, STM32Cube_FW_H5_V1.5.1, STM32Cube_FW_H7RS_V1.3.0, STM32Cube_FW_H7_V1.12.1, STM32Cube_FW_L0_V1.12.2, STM32Cube_FW_L4_V1.18.1, STM32Cube_FW_L5_V1.6.0, STM32Cube_FW_N6_V1.3.0, STM32Cube_FW_U0_V1.3.0, STM32Cube_FW_U3_V1.2.1, STM32Cube_FW_U5_V1.8.0, STM32Cube_FW_WB0_V1.4.0, STM32Cube_FW_WBA_V1.8.0, STM32Cube_FW_WB_V1.24.0, STM32Cube_FW_WL3_V1.3.0, STM32Cube_FW_WL_V1.4.0, X-CUBE-ALGOBUILD_V1.4.0, X-CUBE-ALS_V1.0.2, X-CUBE-AZRTOS-F4_V1.1.0, X-CUBE-AZRTOS-F7_V1.1.0, X-CUBE-AZRTOS-G0_V1.1.0, X-CUBE-AZRTOS-G4_V2.0.0, X-CUBE-AZRTOS-H7RS_V1.1.0, X-CUBE-AZRTOS-H7_V3.4.0, X-CUBE-AZRTOS-L4_V2.0.0, X-CUBE-AZRTOS-L5_V2.0.0, X-CUBE-AZRTOS-WB_V2.0.0, X-CUBE-AZRTOS-WL_V2.0.0, X-CUBE-BLE1_V7.1.0, X-CUBE-BLE2_V3.3.0, X-CUBE-BLEMGR_V4.1.0, X-CUBE-EEPRMA1_V5.2.0, X-CUBE-FREERTOS_V1.3.1, X-CUBE-GNSS1_V6.0.0, X-CUBE-MEMS1_V11.3.0, X-CUBE-NFC4_V3.0.0, X-CUBE-NFC7_V2.0.0, X-CUBE-SFXS2LP1_V4.0.0, X-CUBE-ST67W61_V1.1.0, X-CUBE-SUBG2_V5.0.0, X-CUBE-TOF1_V3.4.3]
2025-12-16 18:23:28,286 [INFO] ApiDb:240 - Found 880 in-development CPN: [B-G473E-ZEST1S, B-WB1M-WPAN1, B-WBA5M-WPAN, B-WL5M-SUBG1, NUCLEO-C031C6, NUCLEO-C051C8, NUCLEO-C071RB, NUCLEO-C092RC, NUCLEO-H503RB, NUCLEO-H533RE, NUCLEO-H563ZI, NUCLEO-H7S3L8, NUCLEO-N657X0-Q, NUCLEO-U031R8, NUCLEO-U083RC, NUCLEO-U385RG-Q, NUCLEO-U545RE-Q, NUCLEO-U5A5ZJ-Q, NUCLEO-WB05KZ, NUCLEO-WB07CC, NUCLEO-WB09KE, NUCLEO-WBA52CG, NUCLEO-WBA55CG, NUCLEO-WL33CC1, NUCLEO-WL33CC2, STEVAL-PROTEUS1, STEVAL-SMARTAG2, STEVAL-STWINBX1, STM320518-EVAL, STM32C0116-DK, STM32C011D6Y3TR, STM32C011D6Y6TR, STM32C011F4P3, STM32C011F4P6, STM32C011F4U3, STM32C011F4U6TR, STM32C011F6P3, STM32C011F6P6, STM32C011F6U3, STM32C011F6U6TR, STM32C011J4M3, STM32C011J4M6, STM32C011J6M3, STM32C011J6M6, STM32C0316-DK, STM32C031C4T3, STM32C031C4T6, STM32C031C4U3, STM32C031C4U6, STM32C031C6T3, STM32C031C6T6, STM32C031C6U3, STM32C031C6U6, STM32C031F4P3, STM32C031F4P6, STM32C031F6P3, STM32C031F6P6, STM32C031G4U3, STM32C031G4U6, STM32C031G6U3, STM32C031G6U6, STM32C031K4T3, STM32C031K4T6, STM32C031K4U3, STM32C031K4U6, STM32C031K6T3, STM32C031K6T6, STM32C031K6U3, STM32C031K6U6, STM32C051C6T6, STM32C051C6U6, STM32C051C8T6, STM32C051C8U6, STM32C051D8Y6TR, STM32C051F6P6, STM32C051F8P6, STM32C051G6U6, STM32C051G8U6, STM32C051K6T6, STM32C051K6U6, STM32C051K8T6, STM32C071C8T6, STM32C071C8T6N, STM32C071C8U6, STM32C071C8U6N, STM32C071CBT6, STM32C071CBT6N, STM32C071CBU6, STM32C071CBU6N, STM32C071F8P6, STM32C071F8P6N, STM32C071FBP6, STM32C071FBP6N, STM32C071FBY6TR, STM32C071G8U6, STM32C071G8U6N, STM32C071GBU6, STM32C071GBU6N, STM32C071K8T6, STM32C071K8T6N, STM32C071K8U6, STM32C071K8U6N, STM32C071KBT6, STM32C071KBT6N, STM32C071KBU6, STM32C071KBU6N, STM32C071R8T6, STM32C071R8T6N, STM32C071RBI6N, STM32C071RBT6, STM32C071RBT6N, STM32C091CBT6, STM32C091CBU6, STM32C091CCT6, STM32C091CCU6, STM32C091ECY6TR, STM32C091FBP6, STM32C091FCP6, STM32C091GBU6, STM32C091GCU6, STM32C091KBT6, STM32C091KBU6, STM32C091KCT6, STM32C091KCU6, STM32C091RBT6, STM32C091RCI6, STM32C091RCT6, STM32C092CBT6, STM32C092CBU6, STM32C092CCT6, STM32C092CCU6, STM32C092ECY6TR, STM32C092FBP6, STM32C092FCP6, STM32C092GBU6, STM32C092GCU6, STM32C092KBT6, STM32C092KBU6, STM32C092KCT6, STM32C092KCU6, STM32C092RBT6, STM32C092RCI6, STM32C092RCT6, STM32G071K8TXN, STM32G071K8UXN, STM32G081GBU6N, STM32G081KBT6N, STM32G081KBUXN, STM32G0B1CCT6N, STM32G0B1KCT6, STM32G0B1NEY6TR, STM32G0B1RCT6N, STM32G0C1CCT6, STM32G0C1CCT6N, STM32G0C1CCU6N, STM32G0C1CET6N, STM32G0C1CEU6N, STM32G0C1KCT6, STM32G0C1NEY6TR, STM32G0C1RCI6N, STM32G0C1RCT6N, STM32G0C1REI6N, STM32G0C1RET6N, STM32G0C1VCI6, STM32G0C1VEI6, STM32G411C6T3, STM32G411C6T6, STM32G411C6U3, STM32G411C6U6, STM32G411C8T3, STM32G411C8T6, STM32G411C8U3, STM32G411C8U6, STM32G411CBT3, STM32G411CBT6, STM32G411CBU3, STM32G411CBU6, STM32G411K6T3, STM32G411K6T6, STM32G411K6U3, STM32G411K6U6, STM32G411K8T3, STM32G411K8T6, STM32G411K8U3, STM32G411K8U6, STM32G411KBT3, STM32G411KBT6, STM32G411KBU3, STM32G411KBU6, STM32G411M6T3, STM32G411M6T6, STM32G411M8T3, STM32G411M8T6, STM32G411MBT3, STM32G411MBT6, STM32G411R6T3, STM32G411R6T6, STM32G411R8T3, STM32G411R8T6, STM32G411RBT3, STM32G411RBT6, STM32G414CBT3, STM32G414CBT6, STM32G414CBU3, STM32G414CBU6, STM32G414CCT3, STM32G414CCT6, STM32G414CCU3, STM32G414CCU6, STM32G414MBT3, STM32G414MBT6, STM32G414MCT3, STM32G414MCT6, STM32G414RBT3, STM32G414RBT6, STM32G414RCT3, STM32G414RCT6, STM32G414VBT3, STM32G414VBT6, STM32G414VCT3, STM32G414VCT6, STM32G431CBT3Z, STM32G431RBT3Z, STM32G471CCT6, STM32G471CCU6, STM32G471CET3, STM32G471CET6, STM32G471CEU3, STM32G471CEU6, STM32G471MCT6, STM32G471MET3, STM32G471MET6, STM32G471MEY6TR, STM32G471QCT6, STM32G471QET3, STM32G471RCT6, STM32G471RET3, STM32G471RET6, STM32G471VCH6, STM32G471VCI6, STM32G471VCT6, STM32G471VEH3, STM32G471VEH6, STM32G471VEI3, STM32G471VEI6, STM32G471VET3, STM32G471VET6, STM32G473QET3Z, STM32G473RET3Z, STM32G474CCT6, STM32G491RET3Z, STM32H503CBT6, STM32H503CBU6, STM32H503EBY6TR, STM32H503KBU6, STM32H503RBT6, STM32H523CCT6, STM32H523CCU6, STM32H523CET6, STM32H523CEU6, STM32H523HEY6TR, STM32H523RCT6, STM32H523RET6, STM32H523VCI6, STM32H523VCT6, STM32H523VEI6, STM32H523VET6, STM32H523ZCJ6, STM32H523ZCT6, STM32H523ZEJ6, STM32H523ZET6, STM32H533CET6, STM32H533CEU6, STM32H533HEY6TR, STM32H533RET6, STM32H533VEI6, STM32H533VET6, STM32H533ZEJ6, STM32H533ZET6, STM32H562AGI6, STM32H562AII6, STM32H562IGK6, STM32H562IGT6, STM32H562IIK6, STM32H562IIT6, STM32H562RGT6, STM32H562RGV6, STM32H562RIT6, STM32H562RIV6, STM32H562VGT6, STM32H562VIT6, STM32H562ZGT6, STM32H562ZIT6, STM32H563AGI6, STM32H563AII3Q, STM32H563AII6, STM32H563IGK6, STM32H563IGT6, STM32H563IIK3Q, STM32H563IIK6, STM32H563IIT3Q, STM32H563IIT6, STM32H563MIY3QTR, STM32H563RGT6, STM32H563RGV6, STM32H563RIT6, STM32H563RIV6, STM32H563VGT6, STM32H563VIT3Q, STM32H563VIT6, STM32H563ZGT6, STM32H563ZIT3Q, STM32H563ZIT6, STM32H573AII3Q, STM32H573AII6, STM32H573I-DK, STM32H573IIK3Q, STM32H573IIK6, STM32H573IIT3Q, STM32H573IIT6, STM32H573MIY3QTR, STM32H573RIT6, STM32H573RIV6, STM32H573VIT3Q, STM32H573VIT6, STM32H573ZIT3Q, STM32H573ZIT6, STM32H7R3A8I6, STM32H7R3I8K6, STM32H7R3I8T6, STM32H7R3L8H6, STM32H7R3L8H6H, STM32H7R3R8V6, STM32H7R3V8H6, STM32H7R3V8T6, STM32H7R3V8Y6TR, STM32H7R3Z8J6, STM32H7R3Z8T6, STM32H7R7A8I6, STM32H7R7I8K6, STM32H7R7I8T6, STM32H7R7L8H6, STM32H7R7L8H6H, STM32H7R7Z8J6, STM32H7S3A8I6, STM32H7S3I8K6, STM32H7S3I8T6, STM32H7S3L8H6, STM32H7S3L8H6H, STM32H7S3R8V6, STM32H7S3V8H6, STM32H7S3V8T6, STM32H7S3V8Y6TR, STM32H7S3Z8J6, STM32H7S3Z8T6, STM32H7S78-DK, STM32H7S7A8I6, STM32H7S7I8K6, STM32H7S7I8T6, STM32H7S7L8H6, STM32H7S7L8H6H, STM32H7S7Z8J6, STM32L4R5QGI6STR, STM32MP131AAE3, STM32MP131AAF3, STM32MP131AAG3, STM32MP131CAE3, STM32MP131CAF3, STM32MP131CAG3, STM32MP131DAE7, STM32MP131DAF7, STM32MP131DAG7, STM32MP131FAE7, STM32MP131FAF7, STM32MP131FAG7, STM32MP133AAE3, STM32MP133AAF3, STM32MP133AAG3, STM32MP133CAE3, STM32MP133CAF3, STM32MP133CAG3, STM32MP133DAE7, STM32MP133DAF7, STM32MP133DAG7, STM32MP133FAE7, STM32MP133FAF7, STM32MP133FAG7, STM32MP135AAE3, STM32MP135AAF3, STM32MP135AAG3, STM32MP135CAE3, STM32MP135CAF3, STM32MP135CAG3, STM32MP135DAE7, STM32MP135DAF7, STM32MP135DAG7, STM32MP135F-DK, STM32MP135FAE7, STM32MP135FAF7, STM32MP135FAF7T, STM32MP135FAF7U, STM32MP135FAG7, STM32MP211AAL3, STM32MP211AAM3, STM32MP211AAN3, STM32MP211AAO3, STM32MP211CAL3, STM32MP211CAM3, STM32MP211CAN3, STM32MP211CAO3, STM32MP211DAL3, STM32MP211DAM3, STM32MP211DAN3, STM32MP211DAO3, STM32MP211FAL3, STM32MP211FAM3, STM32MP211FAN3, STM32MP211FAO3, STM32MP213AAL3, STM32MP213AAM3, STM32MP213AAN3, STM32MP213AAO3, STM32MP213CAL3, STM32MP213CAM3, STM32MP213CAN3, STM32MP213CAO3, STM32MP213DAL3, STM32MP213DAM3, STM32MP213DAN3, STM32MP213DAO3, STM32MP213FAL3, STM32MP213FAM3, STM32MP213FAN3, STM32MP213FAO3, STM32MP215AAL3, STM32MP215AAM3, STM32MP215AAN3, STM32MP215AAO3, STM32MP215CAL3, STM32MP215CAM3, STM32MP215CAN3, STM32MP215CAO3, STM32MP215DAL3, STM32MP215DAM3, STM32MP215DAN3, STM32MP215DAO3, STM32MP215F-DK, STM32MP215FAL3, STM32MP215FAM3, STM32MP215FAN3, STM32MP215FAO3, STM32MP231AAJ3, STM32MP231AAK3, STM32MP231AAL3, STM32MP231CAJ3, STM32MP231CAK3, STM32MP231CAL3, STM32MP231DAJ3, STM32MP231DAK3, STM32MP231DAL3, STM32MP231FAJ3, STM32MP231FAK3, STM32MP231FAL3, STM32MP233AAJ3, STM32MP233AAK3, STM32MP233AAL3, STM32MP233CAJ3, STM32MP233CAK3, STM32MP233CAL3, STM32MP233DAJ3, STM32MP233DAK3, STM32MP233DAL3, STM32MP233FAJ3, STM32MP233FAK3, STM32MP233FAL3, STM32MP235AAJ3, STM32MP235AAK3, STM32MP235AAL3, STM32MP235CAJ3, STM32MP235CAK3, STM32MP235CAL3, STM32MP235DAJ3, STM32MP235DAK3, STM32MP235DAL3, STM32MP235FAJ3, STM32MP235FAK3, STM32MP235FAL3, STM32MP251AAI3, STM32MP251AAK3, STM32MP251AAL3, STM32MP251CAI3, STM32MP251CAK3, STM32MP251CAL3, STM32MP251DAI3, STM32MP251DAK3, STM32MP251DAL3, STM32MP251FAI3, STM32MP251FAK3, STM32MP251FAL3, STM32MP253AAI3, STM32MP253AAK3, STM32MP253AAL3, STM32MP253CAI3, STM32MP253CAK3, STM32MP253CAL3, STM32MP253DAI3, STM32MP253DAK3, STM32MP253DAL3, STM32MP253FAI3, STM32MP253FAK3, STM32MP253FAL3, STM32MP255AAI3, STM32MP255AAK3, STM32MP255AAL3, STM32MP255CAI3, STM32MP255CAK3, STM32MP255CAL3, STM32MP255DAI3, STM32MP255DAK3, STM32MP255DAL3, STM32MP255FAI3, STM32MP255FAK3, STM32MP255FAL3, STM32MP257AAI3, STM32MP257AAK3, STM32MP257AAL3, STM32MP257CAI3, STM32MP257CAK3, STM32MP257CAL3, STM32MP257DAI3, STM32MP257DAK3, STM32MP257DAL3, STM32MP257F-DK, STM32MP257F-EV1, STM32MP257FAI3, STM32MP257FAK3, STM32MP257FAL3, STM32N645A0H3Q, STM32N645B0H3Q, STM32N645I0H3Q, STM32N645L0H3Q, STM32N645X0H3Q, STM32N645Z0H3Q, STM32N647A0H3Q, STM32N647B0H3Q, STM32N647I0H3Q, STM32N647L0H3Q, STM32N647X0H3Q, STM32N647Z0H3Q, STM32N655A0H3Q, STM32N655B0H3Q, STM32N655I0H3Q, STM32N655L0H3Q, STM32N655X0H3Q, STM32N655Z0H3Q, STM32N6570-DK, STM32N657A0H3Q, STM32N657B0H3Q, STM32N657I0H3Q, STM32N657L0H3Q, STM32N657X0H3Q, STM32N657Z0H3Q, STM32U031C6T6, STM32U031C6U6, STM32U031C8T6, STM32U031C8U6, STM32U031F4P6, STM32U031F6P6, STM32U031F8P6, STM32U031G6Y6TR, STM32U031G8Y6TR, STM32U031K4U6, STM32U031K6U6, STM32U031K8U6, STM32U031R6I6, STM32U031R6T6, STM32U031R8I6, STM32U031R8T6, STM32U073C8T6, STM32U073C8U6, STM32U073CBT6, STM32U073CBU6, STM32U073CCT6, STM32U073CCU6, STM32U073H8Y6TR, STM32U073HBY6TR, STM32U073HCY6TR, STM32U073K8U6, STM32U073KBU6, STM32U073KCU6, STM32U073M8I6, STM32U073M8T6, STM32U073MBI6, STM32U073MBT6, STM32U073MCI6, STM32U073MCT6, STM32U073R8I6, STM32U073R8T6, STM32U073RBI6, STM32U073RBT6, STM32U073RCI6, STM32U073RCT6, STM32U083C-DK, STM32U083CCT6, STM32U083CCU6, STM32U083HCY6TR, STM32U083KCU6, STM32U083MCI6, STM32U083MCT6, STM32U083RCI6, STM32U083RCT6, STM32U375CET6, STM32U375CET6Q, STM32U375CEU6, STM32U375CEU6Q, STM32U375CEY6QTR, STM32U375CGT6, STM32U375CGT6Q, STM32U375CGU6, STM32U375CGU6Q, STM32U375CGY6QTR, STM32U375KEU6, STM32U375KGU6, STM32U375REI6, STM32U375REI6Q, STM32U375RET6, STM32U375RET6Q, STM32U375REY6GTR, STM32U375REY6QTR, STM32U375RGI6, STM32U375RGI6Q, STM32U375RGT6, STM32U375RGT6Q, STM32U375RGY6GTR, STM32U375RGY6QTR, STM32U375VEI6, STM32U375VEI6Q, STM32U375VET6, STM32U375VET6Q, STM32U375VGI6, STM32U375VGI6Q, STM32U375VGT6, STM32U375VGT6Q, STM32U385CGT6, STM32U385CGT6Q, STM32U385CGU6, STM32U385CGU6Q, STM32U385CGY6QTR, STM32U385KGU6, STM32U385RGI6, STM32U385RGI6Q, STM32U385RGT6, STM32U385RGT6Q, STM32U385RGY6GTR, STM32U385RGY6QTR, STM32U385VGI6, STM32U385VGI6Q, STM32U385VGT6, STM32U385VGT6Q, STM32U535CBT6, STM32U535CBT6Q, STM32U535CBU6, STM32U535CBU6Q, STM32U535CCT6, STM32U535CCT6Q, STM32U535CCU6, STM32U535CCU6Q, STM32U535CET6, STM32U535CET6Q, STM32U535CEU6, STM32U535CEU6Q, STM32U535JEY6QTR, STM32U535NCY6QTR, STM32U535NEY6QTR, STM32U535RBI6, STM32U535RBI6Q, STM32U535RBT6, STM32U535RBT6Q, STM32U535RCI6, STM32U535RCI6Q, STM32U535RCT6, STM32U535RCT6Q, STM32U535REI6, STM32U535REI6Q, STM32U535RET6, STM32U535RET6Q, STM32U535VCI6, STM32U535VCI6Q, STM32U535VCT6, STM32U535VCT6Q, STM32U535VEI6, STM32U535VEI6Q, STM32U535VET6, STM32U535VET6Q, STM32U545CET6, STM32U545CET6Q, STM32U545CEU6, STM32U545CEU6Q, STM32U545JEY6QTR, STM32U545NEY6QTR, STM32U545REI6, STM32U545REI6Q, STM32U545RET6, STM32U545RET6Q, STM32U545VEI6, STM32U545VEI6Q, STM32U545VET6, STM32U545VET6Q, STM32U595AIH6, STM32U595AIH6Q, STM32U595AJH6, STM32U595AJH6Q, STM32U595QII6, STM32U595QII6Q, STM32U595QJI6, STM32U595QJI6Q, STM32U595RIT6, STM32U595RIT6Q, STM32U595RJT6, STM32U595RJT6Q, STM32U595VIT6, STM32U595VIT6Q, STM32U595VJT6, STM32U595VJT6Q, STM32U595ZIT6, STM32U595ZIT6Q, STM32U595ZIY6QTR, STM32U595ZJT6, STM32U595ZJT6Q, STM32U595ZJY6QTR, STM32U599BJY6QTR, STM32U599NIH6Q, STM32U599NJH6Q, STM32U599VIT6Q, STM32U599VJT6, STM32U599VJT6Q, STM32U599ZIT6Q, STM32U599ZIY6QTR, STM32U599ZJT6Q, STM32U599ZJY6QTR, STM32U5A5AJH6, STM32U5A5AJH6Q, STM32U5A5QII3Q , STM32U5A5QJI6, STM32U5A5QJI6Q, STM32U5A5RJT6, STM32U5A5RJT6Q, STM32U5A5VJT6, STM32U5A5VJT6Q, STM32U5A5ZJT6, STM32U5A5ZJT6Q, STM32U5A5ZJY6QTR, STM32U5A9BJY6QTR, STM32U5A9J-DK, STM32U5A9NJH6Q, STM32U5A9VJT6Q, STM32U5A9ZJT6Q, STM32U5A9ZJY6QTR, STM32U5F7VIT6, STM32U5F7VIT6Q, STM32U5F7VJT6, STM32U5F7VJT6Q, STM32U5F9BJY6QTR, STM32U5F9NJH6Q, STM32U5F9VIT6Q, STM32U5F9VJT6Q, STM32U5F9ZIJ6QTR, STM32U5F9ZIT6Q, STM32U5F9ZJJ6QTR, STM32U5F9ZJT6Q, STM32U5G7VJT6, STM32U5G7VJT6Q, STM32U5G9BJY6QTR, STM32U5G9J-DK1, STM32U5G9J-DK2, STM32U5G9NJH6Q, STM32U5G9VJT6Q, STM32U5G9ZJJ6QTR, STM32U5G9ZJT6Q, STM32WB05KZV6TR, STM32WB05KZV7TR, STM32WB05TZF6TR, STM32WB05TZF7TR, STM32WB06CCF6TR, STM32WB06CCF7TR, STM32WB06CCV6TR, STM32WB06CCV7TR, STM32WB06KCV6TR, STM32WB06KCV7TR, STM32WB07CCF6TR, STM32WB07CCF7TR, STM32WB07CCV6TR, STM32WB07CCV7TR, STM32WB07KCV6TR, STM32WB07KCV7TR, STM32WB09KEV6TR, STM32WB09KEV7TR, STM32WB09TEF6TR, STM32WB09TEF7TR, STM32WB1MMCH6, STM32WBA50KGU6, STM32WBA50KGU6TR, STM32WBA52CEU6, STM32WBA52CEU6TR, STM32WBA52CEU7, STM32WBA52CEU7TR, STM32WBA52CGU6, STM32WBA52CGU6TR, STM32WBA52CGU6U, STM32WBA52CGU7, STM32WBA52CGU7TR, STM32WBA52KEU6, STM32WBA52KEU6TR, STM32WBA52KGU6, STM32WBA52KGU6TR, STM32WBA54CEU6, STM32WBA54CEU6TR, STM32WBA54CEU7, STM32WBA54CEU7TR, STM32WBA54CGU6, STM32WBA54CGU6TR, STM32WBA54CGU7, STM32WBA54CGU7TR, STM32WBA54KEU6, STM32WBA54KEU6TR, STM32WBA54KEU7, STM32WBA54KEU7TR, STM32WBA54KGU6, STM32WBA54KGU6TR, STM32WBA54KGU7, STM32WBA54KGU7TR, STM32WBA55CEU6, STM32WBA55CEU6TR, STM32WBA55CEU7, STM32WBA55CEU7TR, STM32WBA55CGU6, STM32WBA55CGU6TR, STM32WBA55CGU6U, STM32WBA55CGU7, STM32WBA55CGU7TR, STM32WBA55G-DK1, STM32WBA55HEF6, STM32WBA55HEF7, STM32WBA55HGF6, STM32WBA55HGF7, STM32WBA55UEI6, STM32WBA55UEI6TR, STM32WBA55UEI7, STM32WBA55UEI7TR, STM32WBA55UGI6, STM32WBA55UGI6TR, STM32WBA55UGI7, STM32WBA55UGI7TR, STM32WBA5MMGH6TR, STM32WBA62MGF6, STM32WBA62MIF6, STM32WBA65MGF7, STM32WBA65MIF6, STM32WBA65MIF7, STM32WL30K8V6, STM32WL30KBV6, STM32WL31C8V6, STM32WL31CBV6, STM32WL31K8V6, STM32WL31KBV6, STM32WL33C8V6, STM32WL33C8V6X, STM32WL33CBV6, STM32WL33CBV6X, STM32WL33CCV6, STM32WL33CCV6A, STM32WL33CCV6X, STM32WL33K8V7, STM32WL33K8V7X, STM32WL33KBV7 , STM32WL33KBV7X, STM32WL33KCV7, STM32WL33KCV7X, STM32WL5MOCH6, STM32WL5MOCH6TR]
2025-12-16 18:23:28,290 [INFO] DbMcus:218 - Found 4876 MCUs, 4876 are supported
2025-12-16 18:23:28,291 [INFO] ApiDb:423 - Load user favorites file C:\Users\Fabio Marçal/.stm32cubeide/favorites.mcus.txt: 0 item(s)
2025-12-16 18:23:28,291 [INFO] ApiDb:427 - User favorites MCUs=[]
2025-12-16 18:23:28,291 [INFO] DbMcus:224 - Set 0 / 0 favorites MCUs
2025-12-16 18:23:28,740 [INFO] ApiDb:448 - Save user favorites file C:\Users\Fabio Marçal/.stm32cubeide/favorites.boards.txt: 1 item(s)
2025-12-16 18:23:28,740 [INFO] ApiDb:452 - User favorites Boards=[NUCLEO-G031K8]
2025-12-16 18:23:28,742 [INFO] ApiDb:581 - Connected to CubeFinder SQLite database (C:\Users\Fabio Marçal\.stmcufinder\plugins\mcufinder\mcu\cube-finder-db.db)
2025-12-16 18:23:28,801 [INFO] ApiDb:668 - CubeFinder database Data Model version=2.1
2025-12-16 18:23:28,801 [INFO] ApiDb:669 - CubeFinder database Configuration version=3.0.39
2025-12-16 18:23:28,801 [INFO] ApiDb:670 - CubeFinder database generation date=2025-11-05 (1762334721)
2025-12-16 18:23:28,801 [INFO] ApiDb:671 - CubeFinder database FW Pack versions=[FP-ATR-ASTRA1_V2.0.0, FP-SNS-FLIGHT1_V5.1.0, FP-SNS-MOTENV1_V5.1.0, FP-SNS-MOTENVWB1_V1.4.0, FP-SNS-SMARTAG2_V1.2.0, FP-SNS-STBOX1_V2.1.0, STM32Cube_FW_C0_V1.4.0, STM32Cube_FW_F4_V1.28.3, STM32Cube_FW_F7_V1.17.4, STM32Cube_FW_G0_V1.6.2, STM32Cube_FW_G4_V1.6.1, STM32Cube_FW_H5_V1.5.1, STM32Cube_FW_H7RS_V1.3.0, STM32Cube_FW_H7_V1.12.1, STM32Cube_FW_L0_V1.12.2, STM32Cube_FW_L4_V1.18.1, STM32Cube_FW_L5_V1.6.0, STM32Cube_FW_N6_V1.3.0, STM32Cube_FW_U0_V1.3.0, STM32Cube_FW_U3_V1.2.1, STM32Cube_FW_U5_V1.8.0, STM32Cube_FW_WB0_V1.4.0, STM32Cube_FW_WBA_V1.8.0, STM32Cube_FW_WB_V1.24.0, STM32Cube_FW_WL3_V1.3.0, STM32Cube_FW_WL_V1.4.0, X-CUBE-ALGOBUILD_V1.4.0, X-CUBE-ALS_V1.0.2, X-CUBE-AZRTOS-F4_V1.1.0, X-CUBE-AZRTOS-F7_V1.1.0, X-CUBE-AZRTOS-G0_V1.1.0, X-CUBE-AZRTOS-G4_V2.0.0, X-CUBE-AZRTOS-H7RS_V1.1.0, X-CUBE-AZRTOS-H7_V3.4.0, X-CUBE-AZRTOS-L4_V2.0.0, X-CUBE-AZRTOS-L5_V2.0.0, X-CUBE-AZRTOS-WB_V2.0.0, X-CUBE-AZRTOS-WL_V2.0.0, X-CUBE-BLE1_V7.1.0, X-CUBE-BLE2_V3.3.0, X-CUBE-BLEMGR_V4.1.0, X-CUBE-EEPRMA1_V5.2.0, X-CUBE-FREERTOS_V1.3.1, X-CUBE-GNSS1_V6.0.0, X-CUBE-MEMS1_V11.3.0, X-CUBE-NFC4_V3.0.0, X-CUBE-NFC7_V2.0.0, X-CUBE-SFXS2LP1_V4.0.0, X-CUBE-ST67W61_V1.1.0, X-CUBE-SUBG2_V5.0.0, X-CUBE-TOF1_V3.4.3]
2025-12-16 18:23:28,845 [INFO] DbBoardsSqlite:226 - include board P-NUCLEO-WB55-NUCLEO as a kit item of type 'Nucleo-64'
2025-12-16 18:23:28,845 [INFO] DbBoardsSqlite:226 - include board P-NUCLEO-WB55-USBDONGLE as a kit item of type 'Nucleo USB Dongle'
2025-12-16 18:23:28,845 [INFO] DbBoardsSqlite:226 - include board STEVAL-IDP005V1 as a kit item of type 'Evaluation Board'
2025-12-16 18:23:28,845 [INFO] DbBoardsSqlite:226 - include board STEVAL-IDP005V2 as a kit item of type 'Evaluation Board'
2025-12-16 18:23:28,917 [INFO] ApiDb:240 - Found 880 in-development CPN: [B-G473E-ZEST1S, B-WB1M-WPAN1, B-WBA5M-WPAN, B-WL5M-SUBG1, NUCLEO-C031C6, NUCLEO-C051C8, NUCLEO-C071RB, NUCLEO-C092RC, NUCLEO-H503RB, NUCLEO-H533RE, NUCLEO-H563ZI, NUCLEO-H7S3L8, NUCLEO-N657X0-Q, NUCLEO-U031R8, NUCLEO-U083RC, NUCLEO-U385RG-Q, NUCLEO-U545RE-Q, NUCLEO-U5A5ZJ-Q, NUCLEO-WB05KZ, NUCLEO-WB07CC, NUCLEO-WB09KE, NUCLEO-WBA52CG, NUCLEO-WBA55CG, NUCLEO-WL33CC1, NUCLEO-WL33CC2, STEVAL-PROTEUS1, STEVAL-SMARTAG2, STEVAL-STWINBX1, STM320518-EVAL, STM32C0116-DK, STM32C011D6Y3TR, STM32C011D6Y6TR, STM32C011F4P3, STM32C011F4P6, STM32C011F4U3, STM32C011F4U6TR, STM32C011F6P3, STM32C011F6P6, STM32C011F6U3, STM32C011F6U6TR, STM32C011J4M3, STM32C011J4M6, STM32C011J6M3, STM32C011J6M6, STM32C0316-DK, STM32C031C4T3, STM32C031C4T6, STM32C031C4U3, STM32C031C4U6, STM32C031C6T3, STM32C031C6T6, STM32C031C6U3, STM32C031C6U6, STM32C031F4P3, STM32C031F4P6, STM32C031F6P3, STM32C031F6P6, STM32C031G4U3, STM32C031G4U6, STM32C031G6U3, STM32C031G6U6, STM32C031K4T3, STM32C031K4T6, STM32C031K4U3, STM32C031K4U6, STM32C031K6T3, STM32C031K6T6, STM32C031K6U3, STM32C031K6U6, STM32C051C6T6, STM32C051C6U6, STM32C051C8T6, STM32C051C8U6, STM32C051D8Y6TR, STM32C051F6P6, STM32C051F8P6, STM32C051G6U6, STM32C051G8U6, STM32C051K6T6, STM32C051K6U6, STM32C051K8T6, STM32C071C8T6, STM32C071C8T6N, STM32C071C8U6, STM32C071C8U6N, STM32C071CBT6, STM32C071CBT6N, STM32C071CBU6, STM32C071CBU6N, STM32C071F8P6, STM32C071F8P6N, STM32C071FBP6, STM32C071FBP6N, STM32C071FBY6TR, STM32C071G8U6, STM32C071G8U6N, STM32C071GBU6, STM32C071GBU6N, STM32C071K8T6, STM32C071K8T6N, STM32C071K8U6, STM32C071K8U6N, STM32C071KBT6, STM32C071KBT6N, STM32C071KBU6, STM32C071KBU6N, STM32C071R8T6, STM32C071R8T6N, STM32C071RBI6N, STM32C071RBT6, STM32C071RBT6N, STM32C091CBT6, STM32C091CBU6, STM32C091CCT6, STM32C091CCU6, STM32C091ECY6TR, STM32C091FBP6, STM32C091FCP6, STM32C091GBU6, STM32C091GCU6, STM32C091KBT6, STM32C091KBU6, STM32C091KCT6, STM32C091KCU6, STM32C091RBT6, STM32C091RCI6, STM32C091RCT6, STM32C092CBT6, STM32C092CBU6, STM32C092CCT6, STM32C092CCU6, STM32C092ECY6TR, STM32C092FBP6, STM32C092FCP6, STM32C092GBU6, STM32C092GCU6, STM32C092KBT6, STM32C092KBU6, STM32C092KCT6, STM32C092KCU6, STM32C092RBT6, STM32C092RCI6, STM32C092RCT6, STM32G071K8TXN, STM32G071K8UXN, STM32G081GBU6N, STM32G081KBT6N, STM32G081KBUXN, STM32G0B1CCT6N, STM32G0B1KCT6, STM32G0B1NEY6TR, STM32G0B1RCT6N, STM32G0C1CCT6, STM32G0C1CCT6N, STM32G0C1CCU6N, STM32G0C1CET6N, STM32G0C1CEU6N, STM32G0C1KCT6, STM32G0C1NEY6TR, STM32G0C1RCI6N, STM32G0C1RCT6N, STM32G0C1REI6N, STM32G0C1RET6N, STM32G0C1VCI6, STM32G0C1VEI6, STM32G411C6T3, STM32G411C6T6, STM32G411C6U3, STM32G411C6U6, STM32G411C8T3, STM32G411C8T6, STM32G411C8U3, STM32G411C8U6, STM32G411CBT3, STM32G411CBT6, STM32G411CBU3, STM32G411CBU6, STM32G411K6T3, STM32G411K6T6, STM32G411K6U3, STM32G411K6U6, STM32G411K8T3, STM32G411K8T6, STM32G411K8U3, STM32G411K8U6, STM32G411KBT3, STM32G411KBT6, STM32G411KBU3, STM32G411KBU6, STM32G411M6T3, STM32G411M6T6, STM32G411M8T3, STM32G411M8T6, STM32G411MBT3, STM32G411MBT6, STM32G411R6T3, STM32G411R6T6, STM32G411R8T3, STM32G411R8T6, STM32G411RBT3, STM32G411RBT6, STM32G414CBT3, STM32G414CBT6, STM32G414CBU3, STM32G414CBU6, STM32G414CCT3, STM32G414CCT6, STM32G414CCU3, STM32G414CCU6, STM32G414MBT3, STM32G414MBT6, STM32G414MCT3, STM32G414MCT6, STM32G414RBT3, STM32G414RBT6, STM32G414RCT3, STM32G414RCT6, STM32G414VBT3, STM32G414VBT6, STM32G414VCT3, STM32G414VCT6, STM32G431CBT3Z, STM32G431RBT3Z, STM32G471CCT6, STM32G471CCU6, STM32G471CET3, STM32G471CET6, STM32G471CEU3, STM32G471CEU6, STM32G471MCT6, STM32G471MET3, STM32G471MET6, STM32G471MEY6TR, STM32G471QCT6, STM32G471QET3, STM32G471RCT6, STM32G471RET3, STM32G471RET6, STM32G471VCH6, STM32G471VCI6, STM32G471VCT6, STM32G471VEH3, STM32G471VEH6, STM32G471VEI3, STM32G471VEI6, STM32G471VET3, STM32G471VET6, STM32G473QET3Z, STM32G473RET3Z, STM32G474CCT6, STM32G491RET3Z, STM32H503CBT6, STM32H503CBU6, STM32H503EBY6TR, STM32H503KBU6, STM32H503RBT6, STM32H523CCT6, STM32H523CCU6, STM32H523CET6, STM32H523CEU6, STM32H523HEY6TR, STM32H523RCT6, STM32H523RET6, STM32H523VCI6, STM32H523VCT6, STM32H523VEI6, STM32H523VET6, STM32H523ZCJ6, STM32H523ZCT6, STM32H523ZEJ6, STM32H523ZET6, STM32H533CET6, STM32H533CEU6, STM32H533HEY6TR, STM32H533RET6, STM32H533VEI6, STM32H533VET6, STM32H533ZEJ6, STM32H533ZET6, STM32H562AGI6, STM32H562AII6, STM32H562IGK6, STM32H562IGT6, STM32H562IIK6, STM32H562IIT6, STM32H562RGT6, STM32H562RGV6, STM32H562RIT6, STM32H562RIV6, STM32H562VGT6, STM32H562VIT6, STM32H562ZGT6, STM32H562ZIT6, STM32H563AGI6, STM32H563AII3Q, STM32H563AII6, STM32H563IGK6, STM32H563IGT6, STM32H563IIK3Q, STM32H563IIK6, STM32H563IIT3Q, STM32H563IIT6, STM32H563MIY3QTR, STM32H563RGT6, STM32H563RGV6, STM32H563RIT6, STM32H563RIV6, STM32H563VGT6, STM32H563VIT3Q, STM32H563VIT6, STM32H563ZGT6, STM32H563ZIT3Q, STM32H563ZIT6, STM32H573AII3Q, STM32H573AII6, STM32H573I-DK, STM32H573IIK3Q, STM32H573IIK6, STM32H573IIT3Q, STM32H573IIT6, STM32H573MIY3QTR, STM32H573RIT6, STM32H573RIV6, STM32H573VIT3Q, STM32H573VIT6, STM32H573ZIT3Q, STM32H573ZIT6, STM32H7R3A8I6, STM32H7R3I8K6, STM32H7R3I8T6, STM32H7R3L8H6, STM32H7R3L8H6H, STM32H7R3R8V6, STM32H7R3V8H6, STM32H7R3V8T6, STM32H7R3V8Y6TR, STM32H7R3Z8J6, STM32H7R3Z8T6, STM32H7R7A8I6, STM32H7R7I8K6, STM32H7R7I8T6, STM32H7R7L8H6, STM32H7R7L8H6H, STM32H7R7Z8J6, STM32H7S3A8I6, STM32H7S3I8K6, STM32H7S3I8T6, STM32H7S3L8H6, STM32H7S3L8H6H, STM32H7S3R8V6, STM32H7S3V8H6, STM32H7S3V8T6, STM32H7S3V8Y6TR, STM32H7S3Z8J6, STM32H7S3Z8T6, STM32H7S78-DK, STM32H7S7A8I6, STM32H7S7I8K6, STM32H7S7I8T6, STM32H7S7L8H6, STM32H7S7L8H6H, STM32H7S7Z8J6, STM32L4R5QGI6STR, STM32MP131AAE3, STM32MP131AAF3, STM32MP131AAG3, STM32MP131CAE3, STM32MP131CAF3, STM32MP131CAG3, STM32MP131DAE7, STM32MP131DAF7, STM32MP131DAG7, STM32MP131FAE7, STM32MP131FAF7, STM32MP131FAG7, STM32MP133AAE3, STM32MP133AAF3, STM32MP133AAG3, STM32MP133CAE3, STM32MP133CAF3, STM32MP133CAG3, STM32MP133DAE7, STM32MP133DAF7, STM32MP133DAG7, STM32MP133FAE7, STM32MP133FAF7, STM32MP133FAG7, STM32MP135AAE3, STM32MP135AAF3, STM32MP135AAG3, STM32MP135CAE3, STM32MP135CAF3, STM32MP135CAG3, STM32MP135DAE7, STM32MP135DAF7, STM32MP135DAG7, STM32MP135F-DK, STM32MP135FAE7, STM32MP135FAF7, STM32MP135FAF7T, STM32MP135FAF7U, STM32MP135FAG7, STM32MP211AAL3, STM32MP211AAM3, STM32MP211AAN3, STM32MP211AAO3, STM32MP211CAL3, STM32MP211CAM3, STM32MP211CAN3, STM32MP211CAO3, STM32MP211DAL3, STM32MP211DAM3, STM32MP211DAN3, STM32MP211DAO3, STM32MP211FAL3, STM32MP211FAM3, STM32MP211FAN3, STM32MP211FAO3, STM32MP213AAL3, STM32MP213AAM3, STM32MP213AAN3, STM32MP213AAO3, STM32MP213CAL3, STM32MP213CAM3, STM32MP213CAN3, STM32MP213CAO3, STM32MP213DAL3, STM32MP213DAM3, STM32MP213DAN3, STM32MP213DAO3, STM32MP213FAL3, STM32MP213FAM3, STM32MP213FAN3, STM32MP213FAO3, STM32MP215AAL3, STM32MP215AAM3, STM32MP215AAN3, STM32MP215AAO3, STM32MP215CAL3, STM32MP215CAM3, STM32MP215CAN3, STM32MP215CAO3, STM32MP215DAL3, STM32MP215DAM3, STM32MP215DAN3, STM32MP215DAO3, STM32MP215F-DK, STM32MP215FAL3, STM32MP215FAM3, STM32MP215FAN3, STM32MP215FAO3, STM32MP231AAJ3, STM32MP231AAK3, STM32MP231AAL3, STM32MP231CAJ3, STM32MP231CAK3, STM32MP231CAL3, STM32MP231DAJ3, STM32MP231DAK3, STM32MP231DAL3, STM32MP231FAJ3, STM32MP231FAK3, STM32MP231FAL3, STM32MP233AAJ3, STM32MP233AAK3, STM32MP233AAL3, STM32MP233CAJ3, STM32MP233CAK3, STM32MP233CAL3, STM32MP233DAJ3, STM32MP233DAK3, STM32MP233DAL3, STM32MP233FAJ3, STM32MP233FAK3, STM32MP233FAL3, STM32MP235AAJ3, STM32MP235AAK3, STM32MP235AAL3, STM32MP235CAJ3, STM32MP235CAK3, STM32MP235CAL3, STM32MP235DAJ3, STM32MP235DAK3, STM32MP235DAL3, STM32MP235FAJ3, STM32MP235FAK3, STM32MP235FAL3, STM32MP251AAI3, STM32MP251AAK3, STM32MP251AAL3, STM32MP251CAI3, STM32MP251CAK3, STM32MP251CAL3, STM32MP251DAI3, STM32MP251DAK3, STM32MP251DAL3, STM32MP251FAI3, STM32MP251FAK3, STM32MP251FAL3, STM32MP253AAI3, STM32MP253AAK3, STM32MP253AAL3, STM32MP253CAI3, STM32MP253CAK3, STM32MP253CAL3, STM32MP253DAI3, STM32MP253DAK3, STM32MP253DAL3, STM32MP253FAI3, STM32MP253FAK3, STM32MP253FAL3, STM32MP255AAI3, STM32MP255AAK3, STM32MP255AAL3, STM32MP255CAI3, STM32MP255CAK3, STM32MP255CAL3, STM32MP255DAI3, STM32MP255DAK3, STM32MP255DAL3, STM32MP255FAI3, STM32MP255FAK3, STM32MP255FAL3, STM32MP257AAI3, STM32MP257AAK3, STM32MP257AAL3, STM32MP257CAI3, STM32MP257CAK3, STM32MP257CAL3, STM32MP257DAI3, STM32MP257DAK3, STM32MP257DAL3, STM32MP257F-DK, STM32MP257F-EV1, STM32MP257FAI3, STM32MP257FAK3, STM32MP257FAL3, STM32N645A0H3Q, STM32N645B0H3Q, STM32N645I0H3Q, STM32N645L0H3Q, STM32N645X0H3Q, STM32N645Z0H3Q, STM32N647A0H3Q, STM32N647B0H3Q, STM32N647I0H3Q, STM32N647L0H3Q, STM32N647X0H3Q, STM32N647Z0H3Q, STM32N655A0H3Q, STM32N655B0H3Q, STM32N655I0H3Q, STM32N655L0H3Q, STM32N655X0H3Q, STM32N655Z0H3Q, STM32N6570-DK, STM32N657A0H3Q, STM32N657B0H3Q, STM32N657I0H3Q, STM32N657L0H3Q, STM32N657X0H3Q, STM32N657Z0H3Q, STM32U031C6T6, STM32U031C6U6, STM32U031C8T6, STM32U031C8U6, STM32U031F4P6, STM32U031F6P6, STM32U031F8P6, STM32U031G6Y6TR, STM32U031G8Y6TR, STM32U031K4U6, STM32U031K6U6, STM32U031K8U6, STM32U031R6I6, STM32U031R6T6, STM32U031R8I6, STM32U031R8T6, STM32U073C8T6, STM32U073C8U6, STM32U073CBT6, STM32U073CBU6, STM32U073CCT6, STM32U073CCU6, STM32U073H8Y6TR, STM32U073HBY6TR, STM32U073HCY6TR, STM32U073K8U6, STM32U073KBU6, STM32U073KCU6, STM32U073M8I6, STM32U073M8T6, STM32U073MBI6, STM32U073MBT6, STM32U073MCI6, STM32U073MCT6, STM32U073R8I6, STM32U073R8T6, STM32U073RBI6, STM32U073RBT6, STM32U073RCI6, STM32U073RCT6, STM32U083C-DK, STM32U083CCT6, STM32U083CCU6, STM32U083HCY6TR, STM32U083KCU6, STM32U083MCI6, STM32U083MCT6, STM32U083RCI6, STM32U083RCT6, STM32U375CET6, STM32U375CET6Q, STM32U375CEU6, STM32U375CEU6Q, STM32U375CEY6QTR, STM32U375CGT6, STM32U375CGT6Q, STM32U375CGU6, STM32U375CGU6Q, STM32U375CGY6QTR, STM32U375KEU6, STM32U375KGU6, STM32U375REI6, STM32U375REI6Q, STM32U375RET6, STM32U375RET6Q, STM32U375REY6GTR, STM32U375REY6QTR, STM32U375RGI6, STM32U375RGI6Q, STM32U375RGT6, STM32U375RGT6Q, STM32U375RGY6GTR, STM32U375RGY6QTR, STM32U375VEI6, STM32U375VEI6Q, STM32U375VET6, STM32U375VET6Q, STM32U375VGI6, STM32U375VGI6Q, STM32U375VGT6, STM32U375VGT6Q, STM32U385CGT6, STM32U385CGT6Q, STM32U385CGU6, STM32U385CGU6Q, STM32U385CGY6QTR, STM32U385KGU6, STM32U385RGI6, STM32U385RGI6Q, STM32U385RGT6, STM32U385RGT6Q, STM32U385RGY6GTR, STM32U385RGY6QTR, STM32U385VGI6, STM32U385VGI6Q, STM32U385VGT6, STM32U385VGT6Q, STM32U535CBT6, STM32U535CBT6Q, STM32U535CBU6, STM32U535CBU6Q, STM32U535CCT6, STM32U535CCT6Q, STM32U535CCU6, STM32U535CCU6Q, STM32U535CET6, STM32U535CET6Q, STM32U535CEU6, STM32U535CEU6Q, STM32U535JEY6QTR, STM32U535NCY6QTR, STM32U535NEY6QTR, STM32U535RBI6, STM32U535RBI6Q, STM32U535RBT6, STM32U535RBT6Q, STM32U535RCI6, STM32U535RCI6Q, STM32U535RCT6, STM32U535RCT6Q, STM32U535REI6, STM32U535REI6Q, STM32U535RET6, STM32U535RET6Q, STM32U535VCI6, STM32U535VCI6Q, STM32U535VCT6, STM32U535VCT6Q, STM32U535VEI6, STM32U535VEI6Q, STM32U535VET6, STM32U535VET6Q, STM32U545CET6, STM32U545CET6Q, STM32U545CEU6, STM32U545CEU6Q, STM32U545JEY6QTR, STM32U545NEY6QTR, STM32U545REI6, STM32U545REI6Q, STM32U545RET6, STM32U545RET6Q, STM32U545VEI6, STM32U545VEI6Q, STM32U545VET6, STM32U545VET6Q, STM32U595AIH6, STM32U595AIH6Q, STM32U595AJH6, STM32U595AJH6Q, STM32U595QII6, STM32U595QII6Q, STM32U595QJI6, STM32U595QJI6Q, STM32U595RIT6, STM32U595RIT6Q, STM32U595RJT6, STM32U595RJT6Q, STM32U595VIT6, STM32U595VIT6Q, STM32U595VJT6, STM32U595VJT6Q, STM32U595ZIT6, STM32U595ZIT6Q, STM32U595ZIY6QTR, STM32U595ZJT6, STM32U595ZJT6Q, STM32U595ZJY6QTR, STM32U599BJY6QTR, STM32U599NIH6Q, STM32U599NJH6Q, STM32U599VIT6Q, STM32U599VJT6, STM32U599VJT6Q, STM32U599ZIT6Q, STM32U599ZIY6QTR, STM32U599ZJT6Q, STM32U599ZJY6QTR, STM32U5A5AJH6, STM32U5A5AJH6Q, STM32U5A5QII3Q , STM32U5A5QJI6, STM32U5A5QJI6Q, STM32U5A5RJT6, STM32U5A5RJT6Q, STM32U5A5VJT6, STM32U5A5VJT6Q, STM32U5A5ZJT6, STM32U5A5ZJT6Q, STM32U5A5ZJY6QTR, STM32U5A9BJY6QTR, STM32U5A9J-DK, STM32U5A9NJH6Q, STM32U5A9VJT6Q, STM32U5A9ZJT6Q, STM32U5A9ZJY6QTR, STM32U5F7VIT6, STM32U5F7VIT6Q, STM32U5F7VJT6, STM32U5F7VJT6Q, STM32U5F9BJY6QTR, STM32U5F9NJH6Q, STM32U5F9VIT6Q, STM32U5F9VJT6Q, STM32U5F9ZIJ6QTR, STM32U5F9ZIT6Q, STM32U5F9ZJJ6QTR, STM32U5F9ZJT6Q, STM32U5G7VJT6, STM32U5G7VJT6Q, STM32U5G9BJY6QTR, STM32U5G9J-DK1, STM32U5G9J-DK2, STM32U5G9NJH6Q, STM32U5G9VJT6Q, STM32U5G9ZJJ6QTR, STM32U5G9ZJT6Q, STM32WB05KZV6TR, STM32WB05KZV7TR, STM32WB05TZF6TR, STM32WB05TZF7TR, STM32WB06CCF6TR, STM32WB06CCF7TR, STM32WB06CCV6TR, STM32WB06CCV7TR, STM32WB06KCV6TR, STM32WB06KCV7TR, STM32WB07CCF6TR, STM32WB07CCF7TR, STM32WB07CCV6TR, STM32WB07CCV7TR, STM32WB07KCV6TR, STM32WB07KCV7TR, STM32WB09KEV6TR, STM32WB09KEV7TR, STM32WB09TEF6TR, STM32WB09TEF7TR, STM32WB1MMCH6, STM32WBA50KGU6, STM32WBA50KGU6TR, STM32WBA52CEU6, STM32WBA52CEU6TR, STM32WBA52CEU7, STM32WBA52CEU7TR, STM32WBA52CGU6, STM32WBA52CGU6TR, STM32WBA52CGU6U, STM32WBA52CGU7, STM32WBA52CGU7TR, STM32WBA52KEU6, STM32WBA52KEU6TR, STM32WBA52KGU6, STM32WBA52KGU6TR, STM32WBA54CEU6, STM32WBA54CEU6TR, STM32WBA54CEU7, STM32WBA54CEU7TR, STM32WBA54CGU6, STM32WBA54CGU6TR, STM32WBA54CGU7, STM32WBA54CGU7TR, STM32WBA54KEU6, STM32WBA54KEU6TR, STM32WBA54KEU7, STM32WBA54KEU7TR, STM32WBA54KGU6, STM32WBA54KGU6TR, STM32WBA54KGU7, STM32WBA54KGU7TR, STM32WBA55CEU6, STM32WBA55CEU6TR, STM32WBA55CEU7, STM32WBA55CEU7TR, STM32WBA55CGU6, STM32WBA55CGU6TR, STM32WBA55CGU6U, STM32WBA55CGU7, STM32WBA55CGU7TR, STM32WBA55G-DK1, STM32WBA55HEF6, STM32WBA55HEF7, STM32WBA55HGF6, STM32WBA55HGF7, STM32WBA55UEI6, STM32WBA55UEI6TR, STM32WBA55UEI7, STM32WBA55UEI7TR, STM32WBA55UGI6, STM32WBA55UGI6TR, STM32WBA55UGI7, STM32WBA55UGI7TR, STM32WBA5MMGH6TR, STM32WBA62MGF6, STM32WBA62MIF6, STM32WBA65MGF7, STM32WBA65MIF6, STM32WBA65MIF7, STM32WL30K8V6, STM32WL30KBV6, STM32WL31C8V6, STM32WL31CBV6, STM32WL31K8V6, STM32WL31KBV6, STM32WL33C8V6, STM32WL33C8V6X, STM32WL33CBV6, STM32WL33CBV6X, STM32WL33CCV6, STM32WL33CCV6A, STM32WL33CCV6X, STM32WL33K8V7, STM32WL33K8V7X, STM32WL33KBV7 , STM32WL33KBV7X, STM32WL33KCV7, STM32WL33KCV7X, STM32WL5MOCH6, STM32WL5MOCH6TR]
2025-12-16 18:23:29,130 [INFO] BoardInfo:889 - No configuration file found for board P-NUCLEO-WB55
2025-12-16 18:23:29,131 [INFO] DbBoards:161 - Kit is not supported: P-NUCLEO-WB55
2025-12-16 18:23:29,139 [INFO] BoardInfo:889 - No configuration file found for board STEVAL-BFA001V1B
2025-12-16 18:23:29,140 [INFO] DbBoards:161 - Kit is not supported: STEVAL-BFA001V1B
2025-12-16 18:23:29,141 [INFO] BoardInfo:889 - No configuration file found for board STEVAL-BFA001V2B
2025-12-16 18:23:29,142 [INFO] DbBoards:161 - Kit is not supported: STEVAL-BFA001V2B
2025-12-16 18:23:29,348 [INFO] DbBoards:168 - Found 212 boards, 209 are supported
2025-12-16 18:23:29,348 [INFO] DbBoards:169 - Found 212 boards, 43 of them is supported for  Bsp
2025-12-16 18:23:29,352 [INFO] ApiDb:423 - Load user favorites file C:\Users\Fabio Marçal/.stm32cubeide/favorites.boards.txt: 1 item(s)
2025-12-16 18:23:29,352 [INFO] ApiDb:427 - User favorites Boards=[NUCLEO-G031K8]
2025-12-16 18:23:29,352 [INFO] DbBoards:198 - Set 1 / 1 favorites Boards
2025-12-16 18:23:29,376 [INFO] LoadUrlFilesThread:185 - End of LoadServerUrlFiles without Thread
2025-12-16 18:23:29,376 [INFO] FinderAction:114 - Refresh all data is successful
2025-12-16 18:23:33,606 [INFO] MainUpdater:2872 - connection check result : 10
2025-12-16 18:23:33,844 [INFO] CheckServerUpdateThread:120 - End of CheckServer Thread
2025-12-16 18:23:37,117 [INFO] ServerAccessManage:452 - Complete download http(s) 200
2025-12-16 18:23:37,118 [INFO] ServerAccessManage:509 - Download File updaters.zip
2025-12-16 18:23:37,306 [INFO] FileExtend:248 - Unzip File : updaters.zip
2025-12-16 18:23:37,306 [INFO] FileExtend:263 - Standard Zip Deflate
2025-12-16 18:23:38,097 [INFO] ServerAccessManage:452 - Complete download http(s) 200
2025-12-16 18:23:38,097 [INFO] ServerAccessManage:509 - Download File PacksControlFlags.xml
2025-12-16 18:23:38,153 [INFO] ServerAccessManage:452 - Complete download http(s) 200
2025-12-16 18:23:38,154 [INFO] ServerAccessManage:509 - Download File cubemx.pidx
2025-12-16 18:23:38,223 [INFO] ThirdPartyModel:298 - Start build external matchings
2025-12-16 18:23:38,381 [INFO] CheckServerUpdateThread:120 - End of CheckServer Thread
2025-12-16 18:23:39,068 [INFO] ThirdPartyModel:316 - End build external matchings
2025-12-16 18:23:39,091 [INFO] LoadServerUpdatesThread:375 - End of LoadServerUpdate Thread
2025-12-16 18:28:52,151 [INFO] MainUpdater:2872 - connection check result : 10
2025-12-16 18:28:52,549 [INFO] CheckServerUpdateThread:120 - End of CheckServer Thread
2025-12-16 18:29:27,919 [INFO] MainUpdater:2872 - connection check result : 10
2025-12-16 18:31:25,356 [INFO] MainUpdater:2872 - connection check result : 10
2025-12-16 18:31:25,650 [INFO] CheckServerUpdateThread:120 - End of CheckServer Thread
2025-12-16 18:31:53,525 [INFO] MainUpdater:2872 - connection check result : 10
2025-12-16 18:31:53,739 [INFO] CheckServerUpdateThread:120 - End of CheckServer Thread
2025-12-16 18:34:57,709 [INFO] AnalyticsPlugin:368 - Accepted License(s): [FW.H7.1.12.0]
2025-12-16 18:34:57,710 [INFO] FileExtend:248 - Unzip File : stm32cube_fw_h7_v1120.zip
2025-12-16 18:34:57,710 [INFO] FileExtend:263 - Standard Zip Deflate
2025-12-16 18:36:51,122 [INFO] LoadServerPackagesThread:196 - End of LoadServerPackages Thread
2025-12-16 18:36:51,526 [INFO] ThirdPartyModel:298 - Start build external matchings
2025-12-16 18:36:52,518 [INFO] ThirdPartyModel:316 - End build external matchings
2025-12-16 18:36:52,573 [INFO] CheckServerUpdateThread:120 - End of CheckServer Thread
2025-12-16 18:39:58,248 [INFO] MainUpdater:2872 - connection check result : 10
2025-12-16 18:39:58,593 [INFO] McuFinderGlobals:76 - Set McuFinderConnectedMode to true
2025-12-16 18:39:58,614 [INFO] MultiScanPanel:200 - Auto-refresh data requested => check proxy status ongoing
2025-12-16 18:39:58,621 [INFO] FinderPluginLoader:96 - Searching for filters in installed packs
2025-12-16 18:40:00,659 [INFO] LoadUrlFilesThread:185 - End of LoadServerUrlFiles without Thread
2025-12-16 18:40:00,696 [INFO] DetailPanel:341 - Set advertising image to C:/Users/Fabio Marçal/STM32Cube/Repository/\en.prom-st67w-expansion-board.png
2025-12-16 18:40:05,719 [INFO] MultiScanPanel:200 - Auto-refresh data requested => check proxy status ongoing
2025-12-16 18:40:05,873 [INFO] LoadUrlFilesThread:185 - End of LoadServerUrlFiles without Thread
2025-12-16 18:40:05,875 [INFO] DetailPanel:341 - Set advertising image to C:/Users/Fabio Marçal/STM32Cube/Repository/\en.prom-st67w-expansion-board.png
2025-12-16 18:40:05,891 [INFO] DbBoards:642 - Loading board mini-images...
2025-12-16 18:40:08,057 [ERROR] DbBoards:659 - Image file not found for board STM32MP215F-DK: C:\Users\Fabio Marçal\.stmcufinder\plugins\mcufinder//mcu//boards_images/STM32MP215F-DK.jpg
2025-12-16 18:40:08,157 [INFO] DbBoards:665 - Loaded 211 board mini-images
2025-12-16 18:40:23,942 [INFO] MainUpdater:2872 - connection check result : 10
2025-12-16 18:40:23,942 [INFO] MainUpdater:2872 - connection check result : 10
2025-12-16 18:40:23,963 [ERROR] IocParser:95 - Exception caught: Cannot invoke "java.lang.CharSequence.length()" because "this.text" is null
2025-12-16 18:40:24,213 [INFO] MicroXplorer:468 - Change Database Path : 
2025-12-16 18:40:24,213 [INFO] MicroXplorer:498 - Change Database Version : DB.6.0.150
2025-12-16 18:40:24,263 [ERROR] ProjectManagerView:395 - 
java.lang.NullPointerException: Cannot invoke "javax.swing.JTextField.getText()" because the return value of "java.util.List.get(int)" is null
	at com.st.microxplorer.plugins.projectmanager.gui.ProjectChoiceTab$9.caretUpdate(ProjectChoiceTab.java:2706) ~[filemanager.jar:?]
	at javax.swing.text.JTextComponent.fireCaretUpdate(JTextComponent.java:408) ~[?:?]
	at javax.swing.text.JTextComponent$MutableCaretEvent.fire(JTextComponent.java:4484) ~[?:?]
	at javax.swing.text.JTextComponent$MutableCaretEvent.stateChanged(JTextComponent.java:4506) ~[?:?]
	at javax.swing.text.DefaultCaret.fireStateChanged(DefaultCaret.java:857) ~[?:?]
	at javax.swing.text.DefaultCaret.changeCaretPosition(DefaultCaret.java:1343) ~[?:?]
	at javax.swing.text.DefaultCaret.handleSetDot(DefaultCaret.java:1242) ~[?:?]
	at javax.swing.text.DefaultCaret.setDot(DefaultCaret.java:1223) ~[?:?]
	at javax.swing.text.DefaultCaret$Handler.insertUpdate(DefaultCaret.java:1819) ~[?:?]
	at javax.swing.text.AbstractDocument.fireInsertUpdate(AbstractDocument.java:227) ~[?:?]
	at javax.swing.text.AbstractDocument.handleInsertString(AbstractDocument.java:781) ~[?:?]
	at javax.swing.text.AbstractDocument.insertString(AbstractDocument.java:740) ~[?:?]
	at javax.swing.text.PlainDocument.insertString(PlainDocument.java:131) ~[?:?]
	at javax.swing.text.AbstractDocument.replace(AbstractDocument.java:699) ~[?:?]
	at javax.swing.text.JTextComponent.setText(JTextComponent.java:1725) ~[?:?]
	at com.st.microxplorer.plugins.projectmanager.gui.ProjectChoiceTab.createHeapStackFields(ProjectChoiceTab.java:993) ~[filemanager.jar:?]
	at com.st.microxplorer.plugins.projectmanager.gui.ProjectChoiceTab.buildLinkSettingsPanel(ProjectChoiceTab.java:3813) ~[filemanager.jar:?]
	at com.st.microxplorer.plugins.projectmanager.gui.ProjectChoiceTab.defineWindowsFields(ProjectChoiceTab.java:1987) ~[filemanager.jar:?]
	at com.st.microxplorer.plugins.projectmanager.gui.ProjectChoiceTab.updateSettings(ProjectChoiceTab.java:558) ~[filemanager.jar:?]
	at com.st.microxplorer.plugins.projectmanager.gui.ProjectSettingsPanel.UpdateDialog(ProjectSettingsPanel.java:247) ~[filemanager.jar:?]
	at com.st.microxplorer.plugins.projectmanager.ProjectManagerView.propertyChange(ProjectManagerView.java:392) ~[filemanager.jar:?]
	at java.beans.PropertyChangeSupport.fire(PropertyChangeSupport.java:343) ~[?:?]
	at java.beans.PropertyChangeSupport.firePropertyChange(PropertyChangeSupport.java:335) ~[?:?]
	at java.beans.PropertyChangeSupport.firePropertyChange(PropertyChangeSupport.java:268) ~[?:?]
	at com.st.microxplorer.util.MXPropertyChangeSupport.firePropertyChange(MXPropertyChangeSupport.java:54) ~[STM32CubeMX.jar:?]
	at com.st.microxplorer.mxsystem.MxSystem.closeConfig(MxSystem.java:899) ~[STM32CubeMX.jar:?]
	at com.st.microxplorer.maingui.MainPanel.closeConfig(MainPanel.java:792) ~[STM32CubeMX.jar:?]
	at com.st.microxplorer.plugins.filemanager.engine.OpenFileManager.loadConfigurationFile(OpenFileManager.java:288) ~[filemanager.jar:?]
	at com.st.microxplorer.plugins.filemanager.engine.MainFileManager.userLoadConfig(MainFileManager.java:364) ~[filemanager.jar:?]
	at com.st.microxplorer.plugins.filemanager.FileManagerView.getSpecificTask(FileManagerView.java:268) ~[filemanager.jar:?]
	at com.st.stm32cube.common.mx.editor.CubeMxEditor.getMxTabbedPaneInstance(CubeMxEditor.java:1191) ~[com.st.stm32cube.common.mx_6.15.0.202507011659/:?]
	at com.st.stm32cube.common.mx.editor.CubeMxEditor$12$1.createSwingComponent(CubeMxEditor.java:1068) ~[com.st.stm32cube.common.mx_6.15.0.202507011659/:?]
	at com.st.stm32cube.common.mx.oss.core.awtswtbridge.EmbeddedSwingComposite.doComponentCreation(EmbeddedSwingComposite.java:492) ~[com.st.stm32cube.common.mx.oss_6.15.0.202507011659/:?]
	at com.st.stm32cube.common.mx.oss.core.awtswtbridge.EmbeddedSwingComposite$4.run(EmbeddedSwingComposite.java:291) ~[com.st.stm32cube.common.mx.oss_6.15.0.202507011659/:?]
	at com.st.stm32cube.common.mx.oss.core.awtswtbridge.AwtEnvironment$2.run(AwtEnvironment.java:166) ~[com.st.stm32cube.common.mx.oss_6.15.0.202507011659/:?]
	at java.awt.event.InvocationEvent.dispatch(InvocationEvent.java:318) ~[?:?]
	at java.awt.EventQueue.dispatchEventImpl(EventQueue.java:773) ~[?:?]
	at java.awt.EventQueue$4.run(EventQueue.java:720) ~[?:?]
	at java.awt.EventQueue$4.run(EventQueue.java:714) ~[?:?]
	at java.security.AccessController.doPrivileged(AccessController.java:400) ~[?:?]
	at java.security.ProtectionDomain$JavaSecurityAccessImpl.doIntersectionPrivilege(ProtectionDomain.java:87) ~[?:?]
	at java.awt.EventQueue.dispatchEvent(EventQueue.java:742) ~[?:?]
	at java.awt.EventDispatchThread.pumpOneEventForFilters(EventDispatchThread.java:203) ~[?:?]
	at java.awt.EventDispatchThread.pumpEventsForFilter(EventDispatchThread.java:124) ~[?:?]
	at java.awt.EventDispatchThread.pumpEventsForHierarchy(EventDispatchThread.java:113) ~[?:?]
	at java.awt.EventDispatchThread.pumpEvents(EventDispatchThread.java:109) ~[?:?]
	at java.awt.EventDispatchThread.pumpEvents(EventDispatchThread.java:101) ~[?:?]
	at java.awt.EventDispatchThread.run(EventDispatchThread.java:90) ~[?:?]
2025-12-16 18:40:24,291 [WARN] ThirdParty:871 - waiting for thirdparty lock release [close project]
2025-12-16 18:40:24,291 [INFO] ThirdParty:873 - entering critical section [close project]
2025-12-16 18:40:24,291 [INFO] ThirdParty:883 - exiting critical section [close project]
2025-12-16 18:40:24,296 [INFO] PinOutPanel:1589 - setPackage(No Configuration,No Configuration)
2025-12-16 18:40:24,325 [WARN] IpParametersView:155 - Warning: This peripheral hasn't parameters
2025-12-16 18:40:24,349 [WARN] MainPanel:289 - <html><b><center>Warning: This peripheral has no parameters to be configured<br></b></html>
2025-12-16 18:40:24,370 [INFO] UtilMem:75 - Begin LoadConfig() Used Memory: 1021158864 Bytes (1073741824)
2025-12-16 18:40:24,377 [INFO] MicroXplorer:468 - Change Database Path : 
2025-12-16 18:40:24,377 [INFO] MicroXplorer:498 - Change Database Version : DB.6.0.150
2025-12-16 18:40:24,378 [INFO] OpenFileManager:355 - Change cursor
2025-12-16 18:40:24,417 [INFO] RulesReader:64 - Compatibility file has been processed (317 Rules)
2025-12-16 18:40:24,432 [INFO] Mcu:2029 - Initializing MCU STM32H753ZITx STM32H753ZITx STM32H753ZIT6
2025-12-16 18:40:28,200 [INFO] Context:786 - Trying to add GPIOservice into a context  which must be forbidden
2025-12-16 18:40:29,650 [INFO] Rule:233 - rule Adapt Old IOC before rework replace old CORTEX_M33/CORTEX_M55 attributes by the new one. is applicable
2025-12-16 18:40:29,650 [INFO] Rule:233 - rule Rename parametre of RCC RCC_APBDBG_DIV2 to RCC_TIMPRES_DIV2 is applicable
2025-12-16 18:40:29,650 [INFO] Rule:233 - rule Rename DIE493 pin PA10 [PA12] -> PA10 is applicable
2025-12-16 18:40:29,650 [INFO] Rule:233 - rule Rename DIE493 pin PA9 [PA11] -> PA9 is applicable
2025-12-16 18:40:29,650 [INFO] Rule:233 - rule Rename DIE492 PartNumber CPN STM32WBA5MJGHx -> STM32WBA5MMGHx is applicable
2025-12-16 18:40:29,650 [INFO] Rule:233 - rule Rename DIE492 PartNumber  Name STM32WBA5MJGHx -> STM32WBA5MMGHx is applicable
2025-12-16 18:40:29,650 [INFO] Rule:233 - rule Rename DIE492 PartNumber UserName STM32WBA5MJGHx -> STM32WBA5MMGHx is applicable
2025-12-16 18:40:29,650 [INFO] Rule:233 - rule Rename DIE492 PartNumber DeviceId STM32WBA5MJGHx -> STM32WBA5MMGHx is applicable
2025-12-16 18:40:29,651 [INFO] Rule:233 - rule Adapt Old IOC CSI. is applicable
2025-12-16 18:40:29,651 [INFO] Rule:233 - rule Adapt Old IOC DCMIPP. is applicable
2025-12-16 18:40:29,651 [INFO] Rule:233 - rule Adapt Old IOC DCMIPP Mode Parallel. is applicable
2025-12-16 18:40:29,651 [INFO] Rule:233 - rule Adapt Old IOC LTDC. is applicable
2025-12-16 18:40:29,651 [INFO] Rule:233 - rule Rename STM32MP2 RIF Peripheral LTDC RIF.RISUP.LTDC_L0L1.Privilege -> RIF.RISUP.LTDC_L1L2.Privilege is applicable
2025-12-16 18:40:29,651 [INFO] Rule:233 - rule Rename STM32MP2 RIF Peripheral LTDC RIF.RISUP.LTDC_L0L1.Privilege -> RIF.RISUP.LTDC_L1L2.Privilege is applicable
2025-12-16 18:40:29,651 [INFO] Rule:233 - rule Rename STM32MP2 RIF Peripheral LTDC RIF.RISUP.LTDC_L0L1.Lock -> RIF.RISUP.LTDC_L1L2.Lock is applicable
2025-12-16 18:40:29,651 [INFO] Rule:233 - rule Rename STM32MP2 RIF Peripheral LTDC RIF.RISUP.LTDC_L2.Lock -> RIF.RISUP.LTDC_L3.Lock is applicable
2025-12-16 18:40:29,651 [INFO] Rule:233 - rule Adapt the old IOC example for updating the SYS when it is misconfigured. is applicable
2025-12-16 18:40:29,651 [INFO] Rule:233 - rule Rename STM32C09 Mcu.Package LQFP64 -> LQFP48 is applicable
2025-12-16 18:40:29,651 [INFO] Rule:233 - rule Adapt the old IOC example for updating the SYS when it is misconfigured. is applicable
2025-12-16 18:40:29,651 [INFO] Rule:233 - rule Adapt the old IOC example for updating the SYS when it is misconfigured. is applicable
2025-12-16 18:40:29,657 [INFO] DbConfProperties:307 - Apply Compatibility (4/20 Rules)
2025-12-16 18:40:29,681 [INFO] ApiDbMcu:532 - Load IP Config File for NUCLEO-H753ZI
2025-12-16 18:40:29,927 [INFO] ImportTextPane:234 - (OptionalMessage_ERROR) Pin11 (VP_RIF_VS_RIF1) cannot be retrieved for this MCU
2025-12-16 18:40:30,010 [INFO] RtosManager:558 - Registered RTOS mode: class=CMSIS, group=RTOS, mode=CMSIS_V1, owner=FREERTOS
2025-12-16 18:40:30,011 [INFO] RtosManager:558 - Registered RTOS mode: class=CMSIS, group=RTOS2, mode=CMSIS_V2, owner=FREERTOS
2025-12-16 18:40:30,011 [INFO] RtosManager:558 - Registered RTOS mode: class=RTOS, group=Core, mode=CMSIS_V1, owner=FREERTOS
2025-12-16 18:40:30,011 [INFO] RtosManager:558 - Registered RTOS mode: class=RTOS, group=Core, mode=CMSIS_V2, owner=FREERTOS
2025-12-16 18:40:30,011 [WARN] ModelIntegratedComponent:184 - Missing modes for component STMicroelectronics:FreeRTOS:0.0.1:STMicroelectronics:RTOS:FreeRTOS:Core:::10.2.0:
2025-12-16 18:40:30,031 [WARN] ModelIntegratedComponent:63 - No mode defined for component null
2025-12-16 18:40:30,031 [WARN] ModelIntegratedComponent:63 - No mode defined for component null
2025-12-16 18:40:30,031 [WARN] ModelIntegratedComponent:63 - No mode defined for component null
2025-12-16 18:40:30,031 [WARN] ModelIntegratedComponent:63 - No mode defined for component null
2025-12-16 18:40:30,031 [WARN] ModelIntegratedComponent:63 - No mode defined for component null
2025-12-16 18:40:30,031 [WARN] ModelIntegratedComponent:63 - No mode defined for component null
2025-12-16 18:40:30,031 [WARN] ModelIntegratedComponent:63 - No mode defined for component null
2025-12-16 18:40:30,031 [WARN] ModelIntegratedComponent:63 - No mode defined for component null
2025-12-16 18:40:30,031 [WARN] ModelIntegratedComponent:63 - No mode defined for component null
2025-12-16 18:40:30,031 [WARN] ModelIntegratedComponent:63 - No mode defined for component null
2025-12-16 18:40:30,031 [WARN] ModelIntegratedComponent:63 - No mode defined for component null
2025-12-16 18:40:30,031 [WARN] ModelIntegratedComponent:63 - No mode defined for component null
2025-12-16 18:40:30,031 [WARN] ModelIntegratedComponent:63 - No mode defined for component null
2025-12-16 18:40:30,031 [WARN] ModelIntegratedComponent:63 - No mode defined for component null
2025-12-16 18:40:30,031 [WARN] ModelIntegratedComponent:63 - No mode defined for component null
2025-12-16 18:40:30,031 [WARN] ModelIntegratedComponent:63 - No mode defined for component null
2025-12-16 18:40:30,031 [WARN] ModelIntegratedComponent:63 - No mode defined for component null
2025-12-16 18:40:30,031 [WARN] ModelIntegratedComponent:63 - No mode defined for component null
2025-12-16 18:40:30,031 [WARN] ModelIntegratedComponent:63 - No mode defined for component null
2025-12-16 18:40:30,031 [WARN] ModelIntegratedComponent:63 - No mode defined for component null
2025-12-16 18:40:30,031 [WARN] ModelIntegratedComponent:63 - No mode defined for component null
2025-12-16 18:40:30,031 [WARN] ModelIntegratedComponent:63 - No mode defined for component null
2025-12-16 18:40:30,031 [WARN] ModelIntegratedComponent:63 - No mode defined for component null
2025-12-16 18:40:30,031 [WARN] ModelIntegratedComponent:63 - No mode defined for component null
2025-12-16 18:40:30,031 [WARN] ModelIntegratedComponent:63 - No mode defined for component null
2025-12-16 18:40:30,031 [WARN] ModelIntegratedComponent:63 - No mode defined for component null
2025-12-16 18:40:30,032 [WARN] ModelIntegratedComponent:63 - No mode defined for component null
2025-12-16 18:40:30,032 [WARN] ModelIntegratedComponent:63 - No mode defined for component null
2025-12-16 18:40:30,032 [WARN] ModelIntegratedComponent:63 - No mode defined for component null
2025-12-16 18:40:30,032 [WARN] ModelIntegratedComponent:63 - No mode defined for component null
2025-12-16 18:40:30,032 [WARN] ModelIntegratedComponent:63 - No mode defined for component null
2025-12-16 18:40:30,032 [WARN] ModelIntegratedComponent:63 - No mode defined for component null
2025-12-16 18:40:30,032 [WARN] ModelIntegratedComponent:63 - No mode defined for component null
2025-12-16 18:40:30,032 [WARN] ModelIntegratedComponent:63 - No mode defined for component null
2025-12-16 18:40:30,032 [WARN] ModelIntegratedComponent:63 - No mode defined for component null
2025-12-16 18:40:30,032 [WARN] ModelPack:524 - Component already loaded: STMicroelectronics:HAL Drivers:0.0.0:STMicroelectronics:Device:STMicro_Driver:XSPI:HAL::0.0.1:HAL_XSPI
2025-12-16 18:40:30,346 [INFO] ThirdPartyModel:298 - Start build external matchings
2025-12-16 18:40:31,651 [INFO] ThirdPartyModel:316 - End build external matchings
2025-12-16 18:40:32,352 [INFO] UtilMem:75 - End LoadConfig() Used Memory: 977001376 Bytes (1073741824)
2025-12-16 18:40:55,476 [INFO] BspBoardWizard:580 - Analytics plugin initialized with success
2025-12-16 18:40:55,734 [INFO] BspBoardWizard:580 - Analytics plugin initialized with success
2025-12-16 18:40:55,883 [INFO] BspBoardWizard:580 - Analytics plugin initialized with success
2025-12-16 18:40:56,102 [WARN] ThirdParty:833 - waiting for thirdparty lock release [change project]
2025-12-16 18:40:56,103 [INFO] ThirdParty:835 - entering critical section [change project]
2025-12-16 18:40:56,103 [INFO] ThirdParty:1030 - CMSIS Pack Vendor :STMicroelectronics X-CUBE-PM33A1 1.0.0
2025-12-16 18:40:56,103 [INFO] ThirdParty:1030 - CMSIS Pack Vendor :STMicroelectronics USBPD 4.1
2025-12-16 18:40:56,103 [INFO] ThirdParty:1030 - CMSIS Pack Vendor :STMicroelectronics USB_HOST 2.0.0
2025-12-16 18:40:56,103 [INFO] ThirdParty:1030 - CMSIS Pack Vendor :STMicroelectronics FP-SNS-MOTENVWB1 1.4.0
2025-12-16 18:40:56,103 [INFO] ThirdParty:1030 - CMSIS Pack Vendor :STMicroelectronics X-CUBE-AZRTOS-F4 1.1.0
2025-12-16 18:40:56,103 [INFO] ThirdParty:1030 - CMSIS Pack Vendor :STMicroelectronics LIBJPEG 8.0.0
2025-12-16 18:40:56,103 [INFO] ThirdParty:1030 - CMSIS Pack Vendor :STMicroelectronics FP-ATR-ASTRA1 2.0.2
2025-12-16 18:40:56,104 [INFO] ThirdParty:1030 - CMSIS Pack Vendor :STMicroelectronics FP-ATR-ASTRA1 2.0.1
2025-12-16 18:40:56,104 [INFO] ThirdParty:1030 - CMSIS Pack Vendor :STMicroelectronics X-CUBE-SMBUS 2.1.0
2025-12-16 18:40:56,104 [INFO] ThirdParty:1030 - CMSIS Pack Vendor :STMicroelectronics X-CUBE-WB05N 1.1.0
2025-12-16 18:40:56,104 [INFO] ThirdParty:1030 - CMSIS Pack Vendor :STMicroelectronics X-CUBE-ISPU 2.1.0
2025-12-16 18:40:56,104 [INFO] ThirdParty:1030 - CMSIS Pack Vendor :STMicroelectronics X-CUBE-IPS 3.2.0
2025-12-16 18:40:56,104 [INFO] ThirdParty:1030 - CMSIS Pack Vendor :STMicroelectronics X-CUBE-ST60 1.0.0
2025-12-16 18:40:56,104 [INFO] ThirdParty:1030 - CMSIS Pack Vendor :STMicroelectronics X-CUBE-NFC12 1.0.0
2025-12-16 18:40:56,104 [INFO] ThirdParty:1030 - CMSIS Pack Vendor :STMicroelectronics X-CUBE-AZRTOS-F7 1.1.0
2025-12-16 18:40:56,104 [INFO] ThirdParty:1030 - CMSIS Pack Vendor :STMicroelectronics X-CUBE-AZRTOS-L5 2.0.0
2025-12-16 18:40:56,105 [INFO] ThirdParty:1030 - CMSIS Pack Vendor :STMicroelectronics USB_DEVICE 2.0.0
2025-12-16 18:40:56,105 [INFO] ThirdParty:1030 - CMSIS Pack Vendor :STMicroelectronics X-CUBE-NFC6 3.1.0
2025-12-16 18:40:56,105 [INFO] ThirdParty:1030 - CMSIS Pack Vendor :STMicroelectronics FP-SNS-MOTENV1 5.1.0
2025-12-16 18:40:56,105 [INFO] ThirdParty:1030 - CMSIS Pack Vendor :STMicroelectronics FreeRTOS 0.0.1
2025-12-16 18:40:56,105 [INFO] ThirdParty:1030 - CMSIS Pack Vendor :STMicroelectronics X-CUBE-DPower 1.2.0
2025-12-16 18:40:56,105 [INFO] ThirdParty:1030 - CMSIS Pack Vendor :STMicroelectronics FP-SNS-FLIGHT1 5.0.2
2025-12-16 18:40:56,105 [INFO] ThirdParty:1030 - CMSIS Pack Vendor :Infineon AIROC-Wi-Fi-Bluetooth-STM32 1.7.0
2025-12-16 18:40:56,105 [INFO] ThirdParty:1030 - CMSIS Pack Vendor :STMicroelectronics PDM2PCM 3.3.0
2025-12-16 18:40:56,105 [INFO] ThirdParty:1030 - CMSIS Pack Vendor :STMicroelectronics X-CUBE-AZRTOS-H7 3.4.0
2025-12-16 18:40:56,106 [INFO] ThirdParty:1030 - CMSIS Pack Vendor :STMicroelectronics X-CUBE-DISPLAY 3.0.0
2025-12-16 18:40:56,106 [INFO] ThirdParty:1030 - CMSIS Pack Vendor :STMicroelectronics X-CUBE-BLE1 7.0.0
2025-12-16 18:40:56,106 [INFO] ThirdParty:1030 - CMSIS Pack Vendor :STMicroelectronics X-CUBE-NFC10 1.0.0
2025-12-16 18:40:56,106 [INFO] ThirdParty:1030 - CMSIS Pack Vendor :STMicroelectronics X-CUBE-BLEMGR 4.0.0
2025-12-16 18:40:56,106 [INFO] ThirdParty:1030 - CMSIS Pack Vendor :STMicroelectronics X-CUBE-FREERTOS 1.3.1
2025-12-16 18:40:56,106 [INFO] ThirdParty:1030 - CMSIS Pack Vendor :STMicroelectronics HAL Drivers 0.0.0
2025-12-16 18:40:56,106 [INFO] ThirdParty:1030 - CMSIS Pack Vendor :STMicroelectronics X-CUBE-ST60 1.1.0
2025-12-16 18:40:56,106 [INFO] ThirdParty:1030 - CMSIS Pack Vendor :emotas I-CUBE-CANOPEN 1.3.0
2025-12-16 18:40:56,106 [INFO] ThirdParty:1030 - CMSIS Pack Vendor :STMicroelectronics X-CUBE-FREERTOS 1.3.0
2025-12-16 18:40:56,106 [INFO] ThirdParty:1030 - CMSIS Pack Vendor :STMicroelectronics X-CUBE-NFC7 1.0.1
2025-12-16 18:40:56,107 [INFO] ThirdParty:1030 - CMSIS Pack Vendor :STMicroelectronics MBEDTLS 2.14.1
2025-12-16 18:40:56,107 [INFO] ThirdParty:1030 - CMSIS Pack Vendor :STMicroelectronics X-CUBE-GNSS1 7.1.0
2025-12-16 18:40:56,107 [INFO] ThirdParty:1030 - CMSIS Pack Vendor :STMicroelectronics X-CUBE-TOUCHGFX 4.26.0
2025-12-16 18:40:56,107 [INFO] ThirdParty:1030 - CMSIS Pack Vendor :STMicroelectronics X-CUBE-AI 10.0.0
2025-12-16 18:40:56,107 [INFO] ThirdParty:1030 - CMSIS Pack Vendor :STMicroelectronics FP-SNS-STBOX1 2.1.0
2025-12-16 18:40:56,107 [INFO] ThirdParty:1030 - CMSIS Pack Vendor :STMicroelectronics FP-SNS-STAIOTCFT 1.0.0
2025-12-16 18:40:56,107 [INFO] ThirdParty:1030 - CMSIS Pack Vendor :STMicroelectronics FP-SNS-SMARTAG2 1.2.0
2025-12-16 18:40:56,107 [INFO] ThirdParty:1030 - CMSIS Pack Vendor :STMicroelectronics FP-SNS-FLIGHT1 5.1.0
2025-12-16 18:40:56,107 [INFO] ThirdParty:1030 - CMSIS Pack Vendor :STMicroelectronics X-CUBE-MEMS1 11.1.0
2025-12-16 18:40:56,108 [INFO] ThirdParty:1030 - CMSIS Pack Vendor :STMicroelectronics X-CUBE-AZRTOS-WL 2.0.0
2025-12-16 18:40:56,108 [INFO] ThirdParty:1030 - CMSIS Pack Vendor :STMicroelectronics X-CUBE-DPower 1.3.0
2025-12-16 18:40:56,108 [INFO] ThirdParty:1030 - CMSIS Pack Vendor :STMicroelectronics FP-SNS-MOTENV1 5.0.0
2025-12-16 18:40:56,108 [INFO] ThirdParty:1030 - CMSIS Pack Vendor :STMicroelectronics USB_DEVICE 1.0.0
2025-12-16 18:40:56,108 [INFO] ThirdParty:1030 - CMSIS Pack Vendor :STMicroelectronics X-CUBE-AZRTOS-H7RS 1.2.0
2025-12-16 18:40:56,108 [INFO] ThirdParty:1030 - CMSIS Pack Vendor :wolfSSL I-CUBE-wolfMQTT 1.19.0
2025-12-16 18:40:56,108 [INFO] ThirdParty:1030 - CMSIS Pack Vendor :STMicroelectronics X-CUBE-AZRTOS-L4 2.0.0
2025-12-16 18:40:56,109 [INFO] ThirdParty:1030 - CMSIS Pack Vendor :STMicroelectronics ThreadX 0.0.2
2025-12-16 18:40:56,109 [INFO] ThirdParty:1030 - CMSIS Pack Vendor :WES I-CUBE-Cesium 1.3.0
2025-12-16 18:40:56,109 [INFO] ThirdParty:1030 - CMSIS Pack Vendor :STMicroelectronics lwIP 2.1.2
2025-12-16 18:40:56,109 [INFO] ThirdParty:1030 - CMSIS Pack Vendor :STMicroelectronics X-CUBE-SFXS2LP1 4.0.0
2025-12-16 18:40:56,109 [INFO] ThirdParty:1030 - CMSIS Pack Vendor :STMicroelectronics X-CUBE-BLE2 3.3.0
2025-12-16 18:40:56,109 [INFO] ThirdParty:1030 - CMSIS Pack Vendor :Avnet-IOTCONNECT X-CUBE-iotc-st67-sdk 1.0.0
2025-12-16 18:40:56,109 [INFO] ThirdParty:1030 - CMSIS Pack Vendor :STMicroelectronics PDM2PCM 3.2.0
2025-12-16 18:40:56,109 [INFO] ThirdParty:1030 - CMSIS Pack Vendor :STMicroelectronics X-CUBE-AZRTOS-H7 3.3.0
2025-12-16 18:40:56,109 [INFO] ThirdParty:1030 - CMSIS Pack Vendor :STMicroelectronics X-CUBE-NFC9 1.0.0
2025-12-16 18:40:56,110 [INFO] ThirdParty:1030 - CMSIS Pack Vendor :STMicroelectronics X-CUBE-BLE1 7.1.0
2025-12-16 18:40:56,110 [INFO] ThirdParty:1030 - CMSIS Pack Vendor :STMicroelectronics USB_DEVICE 3.0.0
2025-12-16 18:40:56,110 [INFO] ThirdParty:1030 - CMSIS Pack Vendor :STMicroelectronics X-CUBE-FREERTOS 1.4.0
2025-12-16 18:40:56,110 [INFO] ThirdParty:1030 - CMSIS Pack Vendor :STMicroelectronics X-CUBE-EEPRMA1 5.2.0
2025-12-16 18:40:56,110 [INFO] ThirdParty:1030 - CMSIS Pack Vendor :STMicroelectronics X-CUBE-BLEMGR 4.1.0
2025-12-16 18:40:56,110 [INFO] ThirdParty:1030 - CMSIS Pack Vendor :STMicroelectronics X-CUBE-AZRTOS-WB 2.0.0
2025-12-16 18:40:56,110 [INFO] ThirdParty:1030 - CMSIS Pack Vendor :STMicroelectronics X-CUBE-GNSS1 7.0.1
2025-12-16 18:40:56,110 [INFO] ThirdParty:1030 - CMSIS Pack Vendor :STMicroelectronics X-CUBE-ST67W61 1.1.0
2025-12-16 18:40:56,110 [INFO] ThirdParty:1030 - CMSIS Pack Vendor :STMicroelectronics FP-SNS-STBOX1 2.0.0
2025-12-16 18:40:56,110 [INFO] ThirdParty:1030 - CMSIS Pack Vendor :STMicroelectronics X-CUBE-MEMS1 12.0.0
2025-12-16 18:40:56,110 [INFO] ThirdParty:1030 - CMSIS Pack Vendor :STMicroelectronics X-CUBE-AZRTOS-G0 1.1.0
2025-12-16 18:40:56,111 [INFO] ThirdParty:1030 - CMSIS Pack Vendor :STMicroelectronics X-CUBE-SAFEA1 1.2.2
2025-12-16 18:40:56,111 [INFO] ThirdParty:1030 - CMSIS Pack Vendor :STMicroelectronics X-CUBE-NFC4 3.0.0
2025-12-16 18:40:56,111 [INFO] ThirdParty:1030 - CMSIS Pack Vendor :STMicroelectronics X-CUBE-SUBG2 5.0.0
2025-12-16 18:40:56,111 [INFO] ThirdParty:1030 - CMSIS Pack Vendor :STMicroelectronics X-CUBE-AZRTOS-H7RS 1.1.0
2025-12-16 18:40:56,111 [INFO] ThirdParty:1030 - CMSIS Pack Vendor :STMicroelectronics STM32_WPAN 1.0.0
2025-12-16 18:40:56,111 [INFO] ThirdParty:1030 - CMSIS Pack Vendor :EmbeddedOffice I-CUBE-FS-RTOS 1.0.1
2025-12-16 18:40:56,111 [INFO] ThirdParty:1030 - CMSIS Pack Vendor :STMicroelectronics lwIP 2.0.3
2025-12-16 18:40:56,111 [INFO] ThirdParty:1030 - CMSIS Pack Vendor :Cesanta I-CUBE-Mongoose 7.13.0
2025-12-16 18:40:56,112 [INFO] ThirdParty:1030 - CMSIS Pack Vendor :STMicroelectronics USB_HOST 1.0.0
2025-12-16 18:40:56,112 [INFO] ThirdParty:1030 - CMSIS Pack Vendor :STMicroelectronics X-CUBE-AZRTOS-G4 2.0.0
2025-12-16 18:40:56,112 [INFO] ThirdParty:1030 - CMSIS Pack Vendor :STMicroelectronics X-CUBE-WB05N 2.0.0
2025-12-16 18:40:56,112 [INFO] ThirdParty:1030 - CMSIS Pack Vendor :STMicroelectronics PDM2PCM 3.1.0
2025-12-16 18:40:56,112 [INFO] ThirdParty:1030 - CMSIS Pack Vendor :STMicroelectronics X-CUBE-NFC7 2.0.0
2025-12-16 18:40:56,112 [INFO] ThirdParty:1030 - CMSIS Pack Vendor :STMicroelectronics X-CUBE-TCPP 4.2.0
2025-12-16 18:40:56,112 [INFO] ThirdParty:1030 - CMSIS Pack Vendor :RealThread X-CUBE-RT-Thread_Nano 4.1.1
2025-12-16 18:40:56,112 [INFO] ThirdParty:1030 - CMSIS Pack Vendor :STMicroelectronics FP-ATR-SIGFOX1 3.2.0
2025-12-16 18:40:56,113 [INFO] ThirdParty:1030 - CMSIS Pack Vendor :quantropi X-CUBE-qispace-sdk-base 1.9.3
2025-12-16 18:40:56,113 [INFO] ThirdParty:1030 - CMSIS Pack Vendor :STMicroelectronics X-CUBE-EEPRMA1 5.1.0
2025-12-16 18:40:56,113 [INFO] ThirdParty:1030 - CMSIS Pack Vendor :STMicroelectronics MBEDTLS 2.16.2
2025-12-16 18:40:56,113 [INFO] ThirdParty:1030 - CMSIS Pack Vendor :STMicroelectronics X-CUBE-IPS 3.1.0
2025-12-16 18:40:56,113 [INFO] ThirdParty:1030 - CMSIS Pack Vendor :STMicroelectronics X-CUBE-ALS 1.0.2
2025-12-16 18:40:56,113 [INFO] ThirdParty:1030 - CMSIS Pack Vendor :wolfSSL I-CUBE-wolfSSL 5.7.6
2025-12-16 18:40:56,113 [INFO] ThirdParty:1030 - CMSIS Pack Vendor :ITTIA_DB I-CUBE-ITTIADB 8.9.0
2025-12-16 18:40:56,113 [INFO] ThirdParty:1030 - CMSIS Pack Vendor :STMicroelectronics X-CUBE-TOUCHGFX 4.24.2
2025-12-16 18:40:56,113 [INFO] ThirdParty:1030 - CMSIS Pack Vendor :STMicroelectronics X-CUBE-STSE01 1.0.0
2025-12-16 18:40:56,113 [INFO] ThirdParty:1030 - CMSIS Pack Vendor :wolfSSL I-CUBE-wolfTPM 3.4.0
2025-12-16 18:40:56,113 [INFO] ThirdParty:1030 - CMSIS Pack Vendor :portGmbH I-Cube-SoM-uGOAL 1.1.0
2025-12-16 18:40:56,114 [INFO] ThirdParty:1030 - CMSIS Pack Vendor :STMicroelectronics X-CUBE-ST67W61 1.0.0
2025-12-16 18:40:56,114 [INFO] ThirdParty:1030 - CMSIS Pack Vendor :STMicroelectronics X-CUBE-AI 10.2.0
2025-12-16 18:40:56,114 [INFO] ThirdParty:1030 - CMSIS Pack Vendor :STMicroelectronics ThreadX 1.0.0
2025-12-16 18:40:56,114 [INFO] ThirdParty:1030 - CMSIS Pack Vendor :SEGGER I-CUBE-embOS 1.3.1
2025-12-16 18:40:56,114 [INFO] ThirdParty:1030 - CMSIS Pack Vendor :STMicroelectronics X-CUBE-ALGOBUILD 1.4.0
2025-12-16 18:40:56,114 [INFO] ThirdParty:1030 - CMSIS Pack Vendor :STMicroelectronics X-CUBE-MEMS1 11.3.0
2025-12-16 18:40:56,115 [INFO] ThirdParty:1030 - CMSIS Pack Vendor :STMicroelectronics X-CUBE-AZRTOS-H7RS 1.0.0
2025-12-16 18:40:56,115 [INFO] ThirdParty:1030 - CMSIS Pack Vendor :STMicroelectronics X-CUBE-TOF1 3.4.2
2025-12-16 18:40:56,115 [INFO] ThirdParty:1030 - CMSIS Pack Vendor :STMicroelectronics X-CUBE-TOF1 3.4.3
2025-12-16 18:40:56,115 [INFO] ThirdParty:1030 - CMSIS Pack Vendor :wolfSSL I-CUBE-wolfSSH 1.4.17
2025-12-16 18:40:56,115 [INFO] ThirdParty:841 - exiting critical section [change project]
2025-12-16 18:40:56,692 [INFO] PinOutPanel:1589 - setPackage(No Configuration,No Configuration)
2025-12-16 18:40:56,693 [INFO] PinOutPanel:1589 - setPackage(STM32H753ZITx,LQFP144)
2025-12-16 18:40:57,382 [INFO] UtilMem:75 - Before build in PCC Used Memory: 968796232 Bytes (1073741824)
2025-12-16 18:40:57,738 [INFO] UtilMem:75 - After build in PCC Used Memory: 901094392 Bytes (1073741824)
2025-12-16 18:40:57,784 [INFO] IPUIPlugin:80 - create IPUIPlugin
2025-12-16 18:40:57,785 [INFO] IPUIPlugin:80 - create IPUIPlugin
2025-12-16 18:40:57,785 [INFO] IPUIPlugin:80 - create IPUIPlugin
2025-12-16 18:40:57,785 [INFO] IPUIPlugin:80 - create IPUIPlugin
2025-12-16 18:40:57,785 [INFO] IPUIPlugin:80 - create IPUIPlugin
2025-12-16 18:40:57,785 [INFO] IPUIPlugin:80 - create IPUIPlugin
2025-12-16 18:40:57,785 [INFO] IPUIPlugin:80 - create IPUIPlugin
2025-12-16 18:40:57,786 [INFO] IPUIPlugin:80 - create IPUIPlugin
2025-12-16 18:40:57,786 [INFO] IPUIPlugin:80 - create IPUIPlugin
2025-12-16 18:40:57,786 [INFO] IPUIPlugin:80 - create IPUIPlugin
2025-12-16 18:40:57,786 [INFO] IPUIPlugin:80 - create IPUIPlugin
2025-12-16 18:40:57,786 [INFO] IPUIPlugin:80 - create IPUIPlugin
2025-12-16 18:40:57,787 [INFO] IPUIPlugin:80 - create IPUIPlugin
2025-12-16 18:40:57,787 [INFO] IPUIPlugin:80 - create IPUIPlugin
2025-12-16 18:40:57,787 [INFO] IPUIPlugin:80 - create IPUIPlugin
2025-12-16 18:40:57,787 [INFO] IPUIPlugin:80 - create IPUIPlugin
2025-12-16 18:40:57,787 [INFO] IPUIPlugin:80 - create IPUIPlugin
2025-12-16 18:40:57,787 [INFO] IPUIPlugin:80 - create IPUIPlugin
2025-12-16 18:40:57,788 [INFO] IPUIPlugin:80 - create IPUIPlugin
2025-12-16 18:40:57,788 [INFO] IPUIPlugin:80 - create IPUIPlugin
2025-12-16 18:40:57,788 [INFO] IPUIPlugin:80 - create IPUIPlugin
2025-12-16 18:40:57,788 [INFO] IPUIPlugin:80 - create IPUIPlugin
2025-12-16 18:40:57,788 [INFO] IPUIPlugin:80 - create IPUIPlugin
2025-12-16 18:40:57,788 [INFO] IPUIPlugin:80 - create IPUIPlugin
2025-12-16 18:40:57,789 [INFO] IPUIPlugin:80 - create IPUIPlugin
2025-12-16 18:40:57,789 [INFO] IPUIPlugin:80 - create IPUIPlugin
2025-12-16 18:40:57,789 [INFO] IPUIPlugin:80 - create IPUIPlugin
2025-12-16 18:40:57,789 [INFO] IPUIPlugin:80 - create IPUIPlugin
2025-12-16 18:40:57,789 [INFO] IPUIPlugin:80 - create IPUIPlugin
2025-12-16 18:40:57,789 [INFO] IPUIPlugin:80 - create IPUIPlugin
2025-12-16 18:40:57,789 [INFO] IPUIPlugin:80 - create IPUIPlugin
2025-12-16 18:40:57,789 [INFO] IPUIPlugin:80 - create IPUIPlugin
2025-12-16 18:40:57,790 [INFO] IPUIPlugin:80 - create IPUIPlugin
2025-12-16 18:40:57,790 [INFO] IPUIPlugin:80 - create IPUIPlugin
2025-12-16 18:40:57,790 [INFO] IPUIPlugin:80 - create IPUIPlugin
2025-12-16 18:40:57,791 [INFO] IPUIPlugin:80 - create IPUIPlugin
2025-12-16 18:40:57,791 [INFO] IPUIPlugin:80 - create IPUIPlugin
2025-12-16 18:40:57,791 [INFO] IPUIPlugin:80 - create IPUIPlugin
2025-12-16 18:40:57,791 [INFO] IPUIPlugin:80 - create IPUIPlugin
2025-12-16 18:40:57,792 [INFO] IPUIPlugin:80 - create IPUIPlugin
2025-12-16 18:40:57,792 [INFO] IPUIPlugin:80 - create IPUIPlugin
2025-12-16 18:40:57,792 [INFO] IPUIPlugin:80 - create IPUIPlugin
2025-12-16 18:40:57,792 [INFO] IPUIPlugin:80 - create IPUIPlugin
2025-12-16 18:40:57,793 [INFO] IPUIPlugin:80 - create IPUIPlugin
2025-12-16 18:40:57,793 [INFO] IPUIPlugin:80 - create IPUIPlugin
2025-12-16 18:40:57,793 [INFO] IPUIPlugin:80 - create IPUIPlugin
2025-12-16 18:40:57,793 [INFO] IPUIPlugin:80 - create IPUIPlugin
2025-12-16 18:40:57,794 [INFO] IPUIPlugin:80 - create IPUIPlugin
2025-12-16 18:40:57,794 [INFO] IPUIPlugin:80 - create IPUIPlugin
2025-12-16 18:40:57,794 [INFO] IPUIPlugin:80 - create IPUIPlugin
2025-12-16 18:40:57,795 [INFO] IPUIPlugin:80 - create IPUIPlugin
2025-12-16 18:40:57,795 [INFO] IPUIPlugin:80 - create IPUIPlugin
2025-12-16 18:40:57,795 [INFO] IPUIPlugin:80 - create IPUIPlugin
2025-12-16 18:40:57,795 [INFO] IPUIPlugin:80 - create IPUIPlugin
2025-12-16 18:40:57,796 [INFO] IPUIPlugin:80 - create IPUIPlugin
2025-12-16 18:40:57,796 [INFO] IPUIPlugin:80 - create IPUIPlugin
2025-12-16 18:40:57,796 [INFO] IPUIPlugin:80 - create IPUIPlugin
2025-12-16 18:40:57,796 [INFO] IPUIPlugin:80 - create IPUIPlugin
2025-12-16 18:40:57,797 [INFO] IPUIPlugin:80 - create IPUIPlugin
2025-12-16 18:40:57,797 [INFO] IPUIPlugin:80 - create IPUIPlugin
2025-12-16 18:40:57,797 [INFO] IPUIPlugin:80 - create IPUIPlugin
2025-12-16 18:40:57,797 [INFO] IPUIPlugin:80 - create IPUIPlugin
2025-12-16 18:40:57,798 [INFO] IPUIPlugin:80 - create IPUIPlugin
2025-12-16 18:40:57,798 [INFO] IPUIPlugin:80 - create IPUIPlugin
2025-12-16 18:40:57,799 [INFO] IPUIPlugin:80 - create IPUIPlugin
2025-12-16 18:40:57,799 [INFO] IPUIPlugin:80 - create IPUIPlugin
2025-12-16 18:40:57,799 [INFO] IPUIPlugin:80 - create IPUIPlugin
2025-12-16 18:40:57,799 [INFO] IPUIPlugin:80 - create IPUIPlugin
2025-12-16 18:40:57,800 [INFO] IPUIPlugin:80 - create IPUIPlugin
2025-12-16 18:40:57,800 [INFO] IPUIPlugin:80 - create IPUIPlugin
2025-12-16 18:40:57,800 [INFO] IPUIPlugin:80 - create IPUIPlugin
2025-12-16 18:40:57,800 [INFO] IPUIPlugin:80 - create IPUIPlugin
2025-12-16 18:40:57,801 [INFO] IPUIPlugin:80 - create IPUIPlugin
2025-12-16 18:40:57,801 [INFO] IPUIPlugin:80 - create IPUIPlugin
2025-12-16 18:40:57,801 [INFO] IPUIPlugin:80 - create IPUIPlugin
2025-12-16 18:40:57,802 [INFO] IPUIPlugin:80 - create IPUIPlugin
2025-12-16 18:40:57,802 [INFO] IPUIPlugin:80 - create IPUIPlugin
2025-12-16 18:40:57,802 [INFO] IPUIPlugin:80 - create IPUIPlugin
2025-12-16 18:40:57,803 [INFO] IPUIPlugin:80 - create IPUIPlugin
2025-12-16 18:40:57,803 [INFO] IPUIPlugin:80 - create IPUIPlugin
2025-12-16 18:40:57,803 [INFO] IPUIPlugin:80 - create IPUIPlugin
2025-12-16 18:40:57,803 [INFO] IPUIPlugin:80 - create IPUIPlugin
2025-12-16 18:40:57,804 [INFO] IPUIPlugin:80 - create IPUIPlugin
2025-12-16 18:40:57,804 [INFO] IPUIPlugin:80 - create IPUIPlugin
2025-12-16 18:40:57,804 [INFO] IPUIPlugin:80 - create IPUIPlugin
2025-12-16 18:40:57,804 [INFO] IPUIPlugin:80 - create IPUIPlugin
2025-12-16 18:40:57,805 [INFO] IPUIPlugin:80 - create IPUIPlugin
2025-12-16 18:40:57,805 [INFO] IPUIPlugin:80 - create IPUIPlugin
2025-12-16 18:40:57,805 [INFO] IPUIPlugin:80 - create IPUIPlugin
2025-12-16 18:40:57,806 [INFO] IPUIPlugin:80 - create IPUIPlugin
2025-12-16 18:40:57,806 [INFO] IPUIPlugin:80 - create IPUIPlugin
2025-12-16 18:40:57,806 [INFO] IPUIPlugin:80 - create IPUIPlugin
2025-12-16 18:40:57,807 [INFO] IPUIPlugin:80 - create IPUIPlugin
2025-12-16 18:40:57,807 [INFO] IPUIPlugin:80 - create IPUIPlugin
2025-12-16 18:40:57,807 [INFO] IPUIPlugin:80 - create IPUIPlugin
2025-12-16 18:40:57,808 [INFO] IPUIPlugin:80 - create IPUIPlugin
2025-12-16 18:40:57,808 [INFO] IPUIPlugin:80 - create IPUIPlugin
2025-12-16 18:40:57,809 [INFO] IPUIPlugin:80 - create IPUIPlugin
2025-12-16 18:40:57,809 [INFO] IPUIPlugin:80 - create IPUIPlugin
2025-12-16 18:40:57,810 [INFO] IPUIPlugin:80 - create IPUIPlugin
2025-12-16 18:40:57,810 [INFO] IPUIPlugin:80 - create IPUIPlugin
2025-12-16 18:40:57,828 [INFO] ApiDbMcu:532 - Load IP Config File for PDM2PCM
2025-12-16 18:40:57,893 [INFO] CADModel:165 - CPN selected for project levelSTM32H753ZIT6
2025-12-16 18:40:57,893 [INFO] CADModel:114 - Register for checkConnection events
2025-12-16 18:40:57,985 [INFO] OpenFileManager:386 - Restore cursor
2025-12-16 18:40:59,649 [INFO] UtilMem:75 - End SaveConfig() Used Memory: 996689240 Bytes (1073741824)
2025-12-16 18:40:59,767 [WARN] Context:862 - Trying to set MEMORYMAP twice on same context Cortex-M7NS
2025-12-16 18:40:59,810 [INFO] UtilMem:75 - End SaveConfig() Used Memory: 918391216 Bytes (1073741824)
2025-12-16 18:41:00,291 [INFO] BlockDiagram:2775 - set Specific Code input for plugin: RCC
2025-12-16 18:41:00,291 [INFO] BlockDiagram:2775 - set Specific Code input for plugin: NUCLEO-H753ZI
2025-12-16 18:41:00,291 [INFO] BlockDiagram:2775 - set Specific Code input for plugin: MEMORYMAP
2025-12-16 18:41:00,291 [INFO] BlockDiagram:2775 - set Specific Code input for plugin: SYS
2025-12-16 18:41:00,292 [INFO] BlockDiagram:2775 - set Specific Code input for plugin: NVIC
2025-12-16 18:41:00,292 [INFO] BlockDiagram:2775 - set Specific Code input for plugin: GPIO
2025-12-16 18:41:00,293 [INFO] CodeGenerator:892 - code generatio: config db path: C:\ST\STM32CubeIDE_1.19.0\STM32CubeIDE\plugins\com.st.stm32cube.common.mx_6.15.0.202507011659\\db\
2025-12-16 18:41:00,415 [INFO] CodeEngine:265 - oldGeneratedFile, C:\FabioAugusto\ESISAR\5A\PX505\PoLiNoM\stm32\test\MXTmpFiles\license.tmp_save
2025-12-16 18:41:00,452 [ERROR] IocParser:95 - Exception caught: null
2025-12-16 18:41:00,679 [INFO] CodeEngine:289 - Generated code: C:\FabioAugusto\ESISAR\5A\PX505\PoLiNoM\stm32\test\MXTmpFiles\license.tmp
2025-12-16 18:41:00,735 [INFO] CodeEngine:265 - oldGeneratedFile, C:\FabioAugusto\ESISAR\5A\PX505\PoLiNoM\stm32\test\MXTmpFiles\gpio.tmp_save
2025-12-16 18:41:00,882 [INFO] CodeEngine:289 - Generated code: C:\FabioAugusto\ESISAR\5A\PX505\PoLiNoM\stm32\test\MXTmpFiles\gpio.tmp
2025-12-16 18:41:00,908 [WARN] IPConfigManager:103 - WARNING: Missing Config File for MEMORYMAP ip!!
2025-12-16 18:41:00,974 [INFO] CodeEngine:265 - oldGeneratedFile, C:\FabioAugusto\ESISAR\5A\PX505\PoLiNoM\stm32\test\MXTmpFiles\cortex.tmp_save
2025-12-16 18:41:01,123 [INFO] CodeEngine:289 - Generated code: C:\FabioAugusto\ESISAR\5A\PX505\PoLiNoM\stm32\test\MXTmpFiles\cortex.tmp
2025-12-16 18:41:01,146 [INFO] CodeEngine:265 - oldGeneratedFile, C:\FabioAugusto\ESISAR\5A\PX505\PoLiNoM\stm32\test\Core\Inc\stm32h7xx_nucleo_conf.h_save
2025-12-16 18:41:01,292 [INFO] CodeEngine:289 - Generated code: C:\FabioAugusto\ESISAR\5A\PX505\PoLiNoM\stm32\test\Core\Inc\stm32h7xx_nucleo_conf.h
2025-12-16 18:41:01,312 [INFO] CodeEngine:265 - oldGeneratedFile, C:\FabioAugusto\ESISAR\5A\PX505\PoLiNoM\stm32\test\MXTmpFiles\bsp_inc.tmp_save
2025-12-16 18:41:01,395 [INFO] CodeEngine:289 - Generated code: C:\FabioAugusto\ESISAR\5A\PX505\PoLiNoM\stm32\test\MXTmpFiles\bsp_inc.tmp
2025-12-16 18:41:01,410 [INFO] CodeEngine:265 - oldGeneratedFile, C:\FabioAugusto\ESISAR\5A\PX505\PoLiNoM\stm32\test\MXTmpFiles\bsp_common_vars.tmp_save
2025-12-16 18:41:01,493 [INFO] CodeEngine:289 - Generated code: C:\FabioAugusto\ESISAR\5A\PX505\PoLiNoM\stm32\test\MXTmpFiles\bsp_common_vars.tmp
2025-12-16 18:41:01,510 [INFO] CodeEngine:265 - oldGeneratedFile, C:\FabioAugusto\ESISAR\5A\PX505\PoLiNoM\stm32\test\MXTmpFiles\bsp_common_init.tmp_save
2025-12-16 18:41:01,592 [INFO] CodeEngine:289 - Generated code: C:\FabioAugusto\ESISAR\5A\PX505\PoLiNoM\stm32\test\MXTmpFiles\bsp_common_init.tmp
2025-12-16 18:41:01,609 [INFO] CodeEngine:265 - oldGeneratedFile, C:\FabioAugusto\ESISAR\5A\PX505\PoLiNoM\stm32\test\MXTmpFiles\bsp_common_demo_before_while.tmp_save
2025-12-16 18:41:01,680 [INFO] CodeEngine:289 - Generated code: C:\FabioAugusto\ESISAR\5A\PX505\PoLiNoM\stm32\test\MXTmpFiles\bsp_common_demo_before_while.tmp
2025-12-16 18:41:01,697 [INFO] CodeEngine:265 - oldGeneratedFile, C:\FabioAugusto\ESISAR\5A\PX505\PoLiNoM\stm32\test\MXTmpFiles\bsp_common_demo_inside_while.tmp_save
2025-12-16 18:41:01,773 [INFO] CodeEngine:289 - Generated code: C:\FabioAugusto\ESISAR\5A\PX505\PoLiNoM\stm32\test\MXTmpFiles\bsp_common_demo_inside_while.tmp
2025-12-16 18:41:01,790 [INFO] CodeEngine:265 - oldGeneratedFile, C:\FabioAugusto\ESISAR\5A\PX505\PoLiNoM\stm32\test\MXTmpFiles\bsp_common_demo_fct.tmp_save
2025-12-16 18:41:01,864 [INFO] CodeEngine:289 - Generated code: C:\FabioAugusto\ESISAR\5A\PX505\PoLiNoM\stm32\test\MXTmpFiles\bsp_common_demo_fct.tmp
2025-12-16 18:41:01,890 [INFO] CodeEngine:265 - oldGeneratedFile, C:\FabioAugusto\ESISAR\5A\PX505\PoLiNoM\stm32\test\Core\Src\stm32h7xx_it.c_save
2025-12-16 18:41:02,208 [INFO] CodeEngine:289 - Generated code: C:\FabioAugusto\ESISAR\5A\PX505\PoLiNoM\stm32\test\Core\Src\stm32h7xx_it.c
2025-12-16 18:41:02,233 [INFO] CodeEngine:265 - oldGeneratedFile, C:\FabioAugusto\ESISAR\5A\PX505\PoLiNoM\stm32\test\Core\Inc\stm32h7xx_it.h_save
2025-12-16 18:41:02,346 [INFO] CodeEngine:289 - Generated code: C:\FabioAugusto\ESISAR\5A\PX505\PoLiNoM\stm32\test\Core\Inc\stm32h7xx_it.h
2025-12-16 18:41:02,406 [INFO] CodeEngine:265 - oldGeneratedFile, C:\FabioAugusto\ESISAR\5A\PX505\PoLiNoM\stm32\test\Core\Src\stm32h7xx_hal_msp.c_save
2025-12-16 18:41:02,582 [INFO] CodeEngine:289 - Generated code: C:\FabioAugusto\ESISAR\5A\PX505\PoLiNoM\stm32\test\Core\Src\stm32h7xx_hal_msp.c
2025-12-16 18:41:02,599 [INFO] CodeEngine:265 - oldGeneratedFile, C:\FabioAugusto\ESISAR\5A\PX505\PoLiNoM\stm32\test\MXTmpFiles\system.tmp_save
2025-12-16 18:41:02,679 [INFO] CodeEngine:289 - Generated code: C:\FabioAugusto\ESISAR\5A\PX505\PoLiNoM\stm32\test\MXTmpFiles\system.tmp
2025-12-16 18:41:02,701 [INFO] CodeEngine:321 - oldGeneratedFile, C:\FabioAugusto\ESISAR\5A\PX505\PoLiNoM\stm32\test\Core\Inc\stm32h7xx_hal_conf.h_save
2025-12-16 18:41:02,842 [INFO] CodeEngine:345 - Generated code: C:\FabioAugusto\ESISAR\5A\PX505\PoLiNoM\stm32\test\Core\Inc\stm32h7xx_hal_conf.h
2025-12-16 18:41:02,899 [INFO] ApiDbMcu:532 - Load IP Config File for RCC
2025-12-16 18:41:02,910 [INFO] CodeEngine:265 - oldGeneratedFile, C:\FabioAugusto\ESISAR\5A\PX505\PoLiNoM\stm32\test\Core\Inc\main.h_save
2025-12-16 18:41:03,077 [INFO] CodeEngine:289 - Generated code: C:\FabioAugusto\ESISAR\5A\PX505\PoLiNoM\stm32\test\Core\Inc\main.h
2025-12-16 18:41:03,097 [INFO] CodeEngine:265 - oldGeneratedFile, C:\FabioAugusto\ESISAR\5A\PX505\PoLiNoM\stm32\test\Core\Src\main.c_save
2025-12-16 18:41:03,235 [INFO] CodeEngine:289 - Generated code: C:\FabioAugusto\ESISAR\5A\PX505\PoLiNoM\stm32\test\Core\Src\main.c
2025-12-16 18:41:03,621 [INFO] ProjectBuilder:3606 - Time for Copy HAL[1] : 213mS.
2025-12-16 18:41:03,628 [INFO] ProjectBuilder:5216 - Project Generator version: 4.7.0-B52
2025-12-16 18:41:03,722 [INFO] ConfigFileManager:1595 - The Die is : DIE450
2025-12-16 18:41:03,729 [INFO] ApiDbMcu:532 - Load IP Config File for FATFS
2025-12-16 18:41:03,735 [INFO] ApiDbMcu:532 - Load IP Config File for FREERTOS
2025-12-16 18:41:03,740 [INFO] ApiDbMcu:532 - Load IP Config File for LIBJPEG
2025-12-16 18:41:03,749 [INFO] ApiDbMcu:532 - Load IP Config File for LWIP
2025-12-16 18:41:03,758 [INFO] ApiDbMcu:532 - Load IP Config File for MBEDTLS
2025-12-16 18:41:03,769 [INFO] ApiDbMcu:532 - Load IP Config File for USB_DEVICE
2025-12-16 18:41:03,775 [INFO] ApiDbMcu:532 - Load IP Config File for USB_HOST
2025-12-16 18:41:07,269 [INFO] ProjectBuilder:5496 - Time for Generating toolchain IDE Files: 3641mS.
2025-12-16 18:41:07,270 [INFO] ProjectBuilder:3463 - Time for Copy CMSIS : 0mS.
2025-12-16 18:41:07,273 [INFO] ProjectBuilder:3463 - Time for Copy CMSIS : 0mS.
2025-12-16 18:41:09,411 [INFO] McuFinderGlobals:76 - Set McuFinderConnectedMode to true
2025-12-16 18:41:09,416 [INFO] ApiDb:448 - Save user favorites file C:\Users\Fabio Marçal/.stm32cubeide/favorites.mcus.txt: 0 item(s)
2025-12-16 18:41:09,416 [INFO] ApiDb:452 - User favorites MCUs=[]
2025-12-16 18:41:09,420 [INFO] ApiDb:448 - Save user favorites file C:\Users\Fabio Marçal/.stm32cubeide/favorites.boards.txt: 1 item(s)
2025-12-16 18:41:09,420 [INFO] ApiDb:452 - User favorites Boards=[NUCLEO-G031K8]
2025-12-16 18:41:27,773 [INFO] NvicIntPanel:101 - NVIC parent = com.st.microxplorer.plugins.ip.nvic.MultiNvicIntPanel[,0,0,0x0,invalid,layout=javax.swing.BoxLayout,alignmentX=0.0,alignmentY=0.0,border=,flags=9,maximumSize=,minimumSize=,preferredSize=]
2025-12-16 18:41:34,038 [INFO] NvicIntPanel:101 - NVIC parent = com.st.microxplorer.plugins.ip.nvic.MultiNvicIntPanel[,0,0,0x0,invalid,layout=javax.swing.BoxLayout,alignmentX=0.0,alignmentY=0.0,border=,flags=9,maximumSize=,minimumSize=,preferredSize=]
2025-12-16 18:41:38,048 [INFO] NvicIntPanel:101 - NVIC parent = com.st.microxplorer.plugins.ip.nvic.MultiNvicIntPanel[,0,0,0x0,invalid,layout=javax.swing.BoxLayout,alignmentX=0.0,alignmentY=0.0,border=,flags=9,maximumSize=,minimumSize=,preferredSize=]
2025-12-16 18:42:18,582 [INFO] NvicIntPanel:101 - NVIC parent = com.st.microxplorer.plugins.ip.nvic.MultiNvicIntPanel[,0,0,0x0,invalid,layout=javax.swing.BoxLayout,alignmentX=0.0,alignmentY=0.0,border=,flags=9,maximumSize=,minimumSize=,preferredSize=]
2025-12-16 18:42:22,032 [INFO] NvicIntPanel:101 - NVIC parent = com.st.microxplorer.plugins.ip.nvic.MultiNvicIntPanel[,0,0,0x0,invalid,layout=javax.swing.BoxLayout,alignmentX=0.0,alignmentY=0.0,border=,flags=9,maximumSize=,minimumSize=,preferredSize=]
2025-12-16 18:42:26,244 [INFO] NvicIntPanel:101 - NVIC parent = com.st.microxplorer.plugins.ip.nvic.MultiNvicIntPanel[,0,0,0x0,invalid,layout=javax.swing.BoxLayout,alignmentX=0.0,alignmentY=0.0,border=,flags=9,maximumSize=,minimumSize=,preferredSize=]
2025-12-16 18:42:50,441 [INFO] NvicIntPanel:101 - NVIC parent = com.st.microxplorer.plugins.ip.nvic.MultiNvicIntPanel[,0,0,0x0,invalid,layout=javax.swing.BoxLayout,alignmentX=0.0,alignmentY=0.0,border=,flags=9,maximumSize=,minimumSize=,preferredSize=]
2025-12-16 18:43:03,071 [INFO] UtilMem:75 - End SaveConfig() Used Memory: 852653408 Bytes (1073741824)
2025-12-16 18:43:04,007 [INFO] UtilMem:75 - End SaveConfig() Used Memory: 889872848 Bytes (1073741824)
2025-12-16 18:43:04,029 [ERROR] IocParser:95 - Exception caught: null
2025-12-16 18:43:06,013 [INFO] UtilMem:75 - End SaveConfig() Used Memory: 957760968 Bytes (1073741824)
2025-12-16 18:43:06,328 [ERROR] IocParser:95 - Exception caught: null
2025-12-16 18:43:06,578 [INFO] BlockDiagram:2775 - set Specific Code input for plugin: DFSDM
2025-12-16 18:43:06,579 [INFO] BlockDiagram:2775 - set Specific Code input for plugin: RCC
2025-12-16 18:43:06,579 [INFO] BlockDiagram:2775 - set Specific Code input for plugin: NUCLEO-H753ZI
2025-12-16 18:43:06,579 [INFO] BlockDiagram:2775 - set Specific Code input for plugin: DAC
2025-12-16 18:43:06,579 [INFO] BlockDiagram:2775 - set Specific Code input for plugin: MEMORYMAP
2025-12-16 18:43:06,579 [INFO] BlockDiagram:2775 - set Specific Code input for plugin: SYS
2025-12-16 18:43:06,579 [INFO] BlockDiagram:2775 - set Specific Code input for plugin: NVIC
2025-12-16 18:43:06,579 [INFO] BlockDiagram:2775 - set Specific Code input for plugin: DMA
2025-12-16 18:43:06,579 [INFO] BlockDiagram:2775 - set Specific Code input for plugin: GPIO
2025-12-16 18:43:06,580 [INFO] CodeGenerator:892 - code generatio: config db path: C:\ST\STM32CubeIDE_1.19.0\STM32CubeIDE\plugins\com.st.stm32cube.common.mx_6.15.0.202507011659\\db\
2025-12-16 18:43:06,769 [INFO] CodeEngine:265 - oldGeneratedFile, C:\FabioAugusto\ESISAR\5A\PX505\PoLiNoM\stm32\test\MXTmpFiles\license.tmp_save
2025-12-16 18:43:07,002 [INFO] CodeEngine:289 - Generated code: C:\FabioAugusto\ESISAR\5A\PX505\PoLiNoM\stm32\test\MXTmpFiles\license.tmp
2025-12-16 18:43:07,049 [INFO] CodeEngine:265 - oldGeneratedFile, C:\FabioAugusto\ESISAR\5A\PX505\PoLiNoM\stm32\test\MXTmpFiles\gpio.tmp_save
2025-12-16 18:43:07,214 [INFO] CodeEngine:289 - Generated code: C:\FabioAugusto\ESISAR\5A\PX505\PoLiNoM\stm32\test\MXTmpFiles\gpio.tmp
2025-12-16 18:43:07,597 [WARN] IPConfigManager:103 - WARNING: Missing Config File for MEMORYMAP ip!!
2025-12-16 18:43:07,680 [INFO] CodeEngine:265 - oldGeneratedFile, C:\FabioAugusto\ESISAR\5A\PX505\PoLiNoM\stm32\test\MXTmpFiles\cortex.tmp_save
2025-12-16 18:43:07,847 [INFO] CodeEngine:289 - Generated code: C:\FabioAugusto\ESISAR\5A\PX505\PoLiNoM\stm32\test\MXTmpFiles\cortex.tmp
2025-12-16 18:43:07,929 [INFO] CodeEngine:265 - oldGeneratedFile, C:\FabioAugusto\ESISAR\5A\PX505\PoLiNoM\stm32\test\MXTmpFiles\dma.tmp_save
2025-12-16 18:43:08,098 [INFO] CodeEngine:289 - Generated code: C:\FabioAugusto\ESISAR\5A\PX505\PoLiNoM\stm32\test\MXTmpFiles\dma.tmp
2025-12-16 18:43:08,117 [INFO] CodeEngine:265 - oldGeneratedFile, C:\FabioAugusto\ESISAR\5A\PX505\PoLiNoM\stm32\test\MXTmpFiles\dma_GV.tmp_save
2025-12-16 18:43:08,186 [INFO] CodeEngine:289 - Generated code: C:\FabioAugusto\ESISAR\5A\PX505\PoLiNoM\stm32\test\MXTmpFiles\dma_GV.tmp
2025-12-16 18:43:08,206 [INFO] CodeEngine:265 - oldGeneratedFile, C:\FabioAugusto\ESISAR\5A\PX505\PoLiNoM\stm32\test\Core\Inc\stm32h7xx_nucleo_conf.h_save
2025-12-16 18:43:08,315 [INFO] CodeEngine:289 - Generated code: C:\FabioAugusto\ESISAR\5A\PX505\PoLiNoM\stm32\test\Core\Inc\stm32h7xx_nucleo_conf.h
2025-12-16 18:43:08,323 [INFO] CodeEngine:265 - oldGeneratedFile, C:\FabioAugusto\ESISAR\5A\PX505\PoLiNoM\stm32\test\MXTmpFiles\bsp_inc.tmp_save
2025-12-16 18:43:08,381 [INFO] CodeEngine:289 - Generated code: C:\FabioAugusto\ESISAR\5A\PX505\PoLiNoM\stm32\test\MXTmpFiles\bsp_inc.tmp
2025-12-16 18:43:08,388 [INFO] CodeEngine:265 - oldGeneratedFile, C:\FabioAugusto\ESISAR\5A\PX505\PoLiNoM\stm32\test\MXTmpFiles\bsp_common_vars.tmp_save
2025-12-16 18:43:08,445 [INFO] CodeEngine:289 - Generated code: C:\FabioAugusto\ESISAR\5A\PX505\PoLiNoM\stm32\test\MXTmpFiles\bsp_common_vars.tmp
2025-12-16 18:43:08,456 [INFO] CodeEngine:265 - oldGeneratedFile, C:\FabioAugusto\ESISAR\5A\PX505\PoLiNoM\stm32\test\MXTmpFiles\bsp_common_init.tmp_save
2025-12-16 18:43:08,515 [INFO] CodeEngine:289 - Generated code: C:\FabioAugusto\ESISAR\5A\PX505\PoLiNoM\stm32\test\MXTmpFiles\bsp_common_init.tmp
2025-12-16 18:43:08,522 [INFO] CodeEngine:265 - oldGeneratedFile, C:\FabioAugusto\ESISAR\5A\PX505\PoLiNoM\stm32\test\MXTmpFiles\bsp_common_demo_before_while.tmp_save
2025-12-16 18:43:08,586 [INFO] CodeEngine:289 - Generated code: C:\FabioAugusto\ESISAR\5A\PX505\PoLiNoM\stm32\test\MXTmpFiles\bsp_common_demo_before_while.tmp
2025-12-16 18:43:08,593 [INFO] CodeEngine:265 - oldGeneratedFile, C:\FabioAugusto\ESISAR\5A\PX505\PoLiNoM\stm32\test\MXTmpFiles\bsp_common_demo_inside_while.tmp_save
2025-12-16 18:43:08,648 [INFO] CodeEngine:289 - Generated code: C:\FabioAugusto\ESISAR\5A\PX505\PoLiNoM\stm32\test\MXTmpFiles\bsp_common_demo_inside_while.tmp
2025-12-16 18:43:08,654 [INFO] CodeEngine:265 - oldGeneratedFile, C:\FabioAugusto\ESISAR\5A\PX505\PoLiNoM\stm32\test\MXTmpFiles\bsp_common_demo_fct.tmp_save
2025-12-16 18:43:08,708 [INFO] CodeEngine:289 - Generated code: C:\FabioAugusto\ESISAR\5A\PX505\PoLiNoM\stm32\test\MXTmpFiles\bsp_common_demo_fct.tmp
2025-12-16 18:43:08,726 [INFO] CodeEngine:265 - oldGeneratedFile, C:\FabioAugusto\ESISAR\5A\PX505\PoLiNoM\stm32\test\Core\Src\stm32h7xx_it.c_save
2025-12-16 18:43:08,917 [INFO] CodeEngine:289 - Generated code: C:\FabioAugusto\ESISAR\5A\PX505\PoLiNoM\stm32\test\Core\Src\stm32h7xx_it.c
2025-12-16 18:43:08,925 [INFO] CodeEngine:265 - oldGeneratedFile, C:\FabioAugusto\ESISAR\5A\PX505\PoLiNoM\stm32\test\Core\Inc\stm32h7xx_it.h_save
2025-12-16 18:43:09,016 [INFO] CodeEngine:289 - Generated code: C:\FabioAugusto\ESISAR\5A\PX505\PoLiNoM\stm32\test\Core\Inc\stm32h7xx_it.h
2025-12-16 18:43:09,065 [INFO] CodeEngine:265 - oldGeneratedFile, C:\FabioAugusto\ESISAR\5A\PX505\PoLiNoM\stm32\test\Core\Src\stm32h7xx_hal_msp.c_save
2025-12-16 18:43:09,268 [INFO] CodeEngine:289 - Generated code: C:\FabioAugusto\ESISAR\5A\PX505\PoLiNoM\stm32\test\Core\Src\stm32h7xx_hal_msp.c
2025-12-16 18:43:09,276 [INFO] CodeEngine:265 - oldGeneratedFile, C:\FabioAugusto\ESISAR\5A\PX505\PoLiNoM\stm32\test\MXTmpFiles\system.tmp_save
2025-12-16 18:43:09,327 [INFO] CodeEngine:289 - Generated code: C:\FabioAugusto\ESISAR\5A\PX505\PoLiNoM\stm32\test\MXTmpFiles\system.tmp
2025-12-16 18:43:09,343 [INFO] CodeEngine:321 - oldGeneratedFile, C:\FabioAugusto\ESISAR\5A\PX505\PoLiNoM\stm32\test\Core\Inc\stm32h7xx_hal_conf.h_save
2025-12-16 18:43:09,501 [INFO] CodeEngine:345 - Generated code: C:\FabioAugusto\ESISAR\5A\PX505\PoLiNoM\stm32\test\Core\Inc\stm32h7xx_hal_conf.h
2025-12-16 18:43:09,549 [INFO] ApiDbMcu:532 - Load IP Config File for DAC1
2025-12-16 18:43:09,562 [INFO] ApiDbMcu:532 - Load IP Config File for DFSDM1
2025-12-16 18:43:09,576 [INFO] CodeEngine:265 - oldGeneratedFile, C:\FabioAugusto\ESISAR\5A\PX505\PoLiNoM\stm32\test\Core\Inc\main.h_save
2025-12-16 18:43:09,702 [INFO] CodeEngine:289 - Generated code: C:\FabioAugusto\ESISAR\5A\PX505\PoLiNoM\stm32\test\Core\Inc\main.h
2025-12-16 18:43:09,709 [INFO] CodeEngine:265 - oldGeneratedFile, C:\FabioAugusto\ESISAR\5A\PX505\PoLiNoM\stm32\test\Core\Src\main.c_save
2025-12-16 18:43:09,876 [INFO] CodeEngine:289 - Generated code: C:\FabioAugusto\ESISAR\5A\PX505\PoLiNoM\stm32\test\Core\Src\main.c
2025-12-16 18:43:10,323 [INFO] ProjectBuilder:3606 - Time for Copy HAL[1] : 267mS.
2025-12-16 18:43:10,328 [INFO] ProjectBuilder:5216 - Project Generator version: 4.7.0-B52
2025-12-16 18:43:10,388 [INFO] ConfigFileManager:1595 - The Die is : DIE450
2025-12-16 18:43:11,508 [INFO] ProjectBuilder:5496 - Time for Generating toolchain IDE Files: 1180mS.
2025-12-16 18:43:11,508 [INFO] ProjectBuilder:3463 - Time for Copy CMSIS : 0mS.
2025-12-16 18:43:11,511 [INFO] ProjectBuilder:3463 - Time for Copy CMSIS : 0mS.
2025-12-16 19:10:12,939 [INFO] MainUpdater:2872 - connection check result : 10
2025-12-16 19:10:12,939 [INFO] MainUpdater:2872 - connection check result : 10
2025-12-16 19:10:12,963 [ERROR] IocParser:57 - IOException caught: C:\FabioAugusto\ESISAR\5A\PX505\PoLiNoM\stm32\test\test.ioc (O sistema não pode encontrar o caminho especificado)
2025-12-16 19:10:12,963 [ERROR] IocParser:95 - Exception caught: null
2025-12-16 19:10:13,039 [INFO] MicroXplorer:468 - Change Database Path : 
2025-12-16 19:10:13,039 [INFO] MicroXplorer:498 - Change Database Version : DB.6.0.150
2025-12-16 19:10:13,132 [ERROR] ProjectManagerView:395 - 
java.lang.NullPointerException: Cannot invoke "javax.swing.JTextField.getText()" because the return value of "java.util.List.get(int)" is null
	at com.st.microxplorer.plugins.projectmanager.gui.ProjectChoiceTab$9.caretUpdate(ProjectChoiceTab.java:2706) ~[filemanager.jar:?]
	at javax.swing.text.JTextComponent.fireCaretUpdate(JTextComponent.java:408) ~[?:?]
	at javax.swing.text.JTextComponent$MutableCaretEvent.fire(JTextComponent.java:4484) ~[?:?]
	at javax.swing.text.JTextComponent$MutableCaretEvent.stateChanged(JTextComponent.java:4506) ~[?:?]
	at javax.swing.text.DefaultCaret.fireStateChanged(DefaultCaret.java:857) ~[?:?]
	at javax.swing.text.DefaultCaret.changeCaretPosition(DefaultCaret.java:1343) ~[?:?]
	at javax.swing.text.DefaultCaret.handleSetDot(DefaultCaret.java:1242) ~[?:?]
	at javax.swing.text.DefaultCaret.setDot(DefaultCaret.java:1223) ~[?:?]
	at javax.swing.text.DefaultCaret$Handler.insertUpdate(DefaultCaret.java:1819) ~[?:?]
	at javax.swing.text.AbstractDocument.fireInsertUpdate(AbstractDocument.java:227) ~[?:?]
	at javax.swing.text.AbstractDocument.handleInsertString(AbstractDocument.java:781) ~[?:?]
	at javax.swing.text.AbstractDocument.insertString(AbstractDocument.java:740) ~[?:?]
	at javax.swing.text.PlainDocument.insertString(PlainDocument.java:131) ~[?:?]
	at javax.swing.text.AbstractDocument.replace(AbstractDocument.java:699) ~[?:?]
	at javax.swing.text.JTextComponent.setText(JTextComponent.java:1725) ~[?:?]
	at com.st.microxplorer.plugins.projectmanager.gui.ProjectChoiceTab.createHeapStackFields(ProjectChoiceTab.java:993) ~[filemanager.jar:?]
	at com.st.microxplorer.plugins.projectmanager.gui.ProjectChoiceTab.buildLinkSettingsPanel(ProjectChoiceTab.java:3813) ~[filemanager.jar:?]
	at com.st.microxplorer.plugins.projectmanager.gui.ProjectChoiceTab.defineWindowsFields(ProjectChoiceTab.java:1987) ~[filemanager.jar:?]
	at com.st.microxplorer.plugins.projectmanager.gui.ProjectChoiceTab.updateSettings(ProjectChoiceTab.java:558) ~[filemanager.jar:?]
	at com.st.microxplorer.plugins.projectmanager.gui.ProjectSettingsPanel.UpdateDialog(ProjectSettingsPanel.java:247) ~[filemanager.jar:?]
	at com.st.microxplorer.plugins.projectmanager.ProjectManagerView.propertyChange(ProjectManagerView.java:392) ~[filemanager.jar:?]
	at java.beans.PropertyChangeSupport.fire(PropertyChangeSupport.java:343) ~[?:?]
	at java.beans.PropertyChangeSupport.firePropertyChange(PropertyChangeSupport.java:335) ~[?:?]
	at java.beans.PropertyChangeSupport.firePropertyChange(PropertyChangeSupport.java:268) ~[?:?]
	at com.st.microxplorer.util.MXPropertyChangeSupport.firePropertyChange(MXPropertyChangeSupport.java:54) ~[STM32CubeMX.jar:?]
	at com.st.microxplorer.mxsystem.MxSystem.closeConfig(MxSystem.java:899) ~[STM32CubeMX.jar:?]
	at com.st.microxplorer.maingui.MainPanel.closeConfig(MainPanel.java:792) ~[STM32CubeMX.jar:?]
	at com.st.microxplorer.plugins.filemanager.engine.OpenFileManager.loadConfigurationFile(OpenFileManager.java:288) ~[filemanager.jar:?]
	at com.st.microxplorer.plugins.filemanager.engine.MainFileManager.userLoadConfig(MainFileManager.java:364) ~[filemanager.jar:?]
	at com.st.microxplorer.plugins.filemanager.engine.MainFileManager.userLoadConfig(MainFileManager.java:342) ~[filemanager.jar:?]
	at com.st.microxplorer.plugins.filemanager.FileManagerView.getSpecificTask(FileManagerView.java:264) ~[filemanager.jar:?]
	at com.st.stm32cube.common.mx.editor.CubeMxEditor.getMxTabbedPaneInstance(CubeMxEditor.java:1198) ~[com.st.stm32cube.common.mx_6.15.0.202507011659/:?]
	at com.st.stm32cube.common.mx.editor.CubeMxEditor$12$1.createSwingComponent(CubeMxEditor.java:1068) ~[com.st.stm32cube.common.mx_6.15.0.202507011659/:?]
	at com.st.stm32cube.common.mx.oss.core.awtswtbridge.EmbeddedSwingComposite.doComponentCreation(EmbeddedSwingComposite.java:492) ~[com.st.stm32cube.common.mx.oss_6.15.0.202507011659/:?]
	at com.st.stm32cube.common.mx.oss.core.awtswtbridge.EmbeddedSwingComposite$4.run(EmbeddedSwingComposite.java:291) ~[com.st.stm32cube.common.mx.oss_6.15.0.202507011659/:?]
	at com.st.stm32cube.common.mx.oss.core.awtswtbridge.AwtEnvironment$2.run(AwtEnvironment.java:166) ~[com.st.stm32cube.common.mx.oss_6.15.0.202507011659/:?]
	at java.awt.event.InvocationEvent.dispatch(InvocationEvent.java:318) ~[?:?]
	at java.awt.EventQueue.dispatchEventImpl(EventQueue.java:773) ~[?:?]
	at java.awt.EventQueue$4.run(EventQueue.java:720) ~[?:?]
	at java.awt.EventQueue$4.run(EventQueue.java:714) ~[?:?]
	at java.security.AccessController.doPrivileged(AccessController.java:400) ~[?:?]
	at java.security.ProtectionDomain$JavaSecurityAccessImpl.doIntersectionPrivilege(ProtectionDomain.java:87) ~[?:?]
	at java.awt.EventQueue.dispatchEvent(EventQueue.java:742) ~[?:?]
	at java.awt.EventDispatchThread.pumpOneEventForFilters(EventDispatchThread.java:203) ~[?:?]
	at java.awt.EventDispatchThread.pumpEventsForFilter(EventDispatchThread.java:124) ~[?:?]
	at java.awt.EventDispatchThread.pumpEventsForHierarchy(EventDispatchThread.java:113) ~[?:?]
	at java.awt.EventDispatchThread.pumpEvents(EventDispatchThread.java:109) ~[?:?]
	at java.awt.EventDispatchThread.pumpEvents(EventDispatchThread.java:101) ~[?:?]
	at java.awt.EventDispatchThread.run(EventDispatchThread.java:90) ~[?:?]
2025-12-16 19:10:13,136 [WARN] ThirdParty:871 - waiting for thirdparty lock release [close project]
2025-12-16 19:10:13,136 [INFO] ThirdParty:873 - entering critical section [close project]
2025-12-16 19:10:13,136 [INFO] ThirdParty:883 - exiting critical section [close project]
2025-12-16 19:10:13,151 [INFO] PinOutPanel:1589 - setPackage(No Configuration,No Configuration)
2025-12-16 19:10:13,195 [WARN] IpParametersView:155 - Warning: This peripheral hasn't parameters
2025-12-16 19:10:13,229 [WARN] MainPanel:289 - <html><b><center>Warning: This peripheral has no parameters to be configured<br></b></html>
2025-12-16 19:10:13,252 [INFO] UtilMem:75 - Begin LoadConfig() Used Memory: 949445016 Bytes (1073741824)
2025-12-16 19:10:13,253 [INFO] MicroXplorer:468 - Change Database Path : 
2025-12-16 19:10:13,254 [INFO] MicroXplorer:498 - Change Database Version : DB.6.0.150
2025-12-16 19:10:13,254 [INFO] OpenFileManager:355 - Change cursor
2025-12-16 19:10:13,306 [INFO] RulesReader:64 - Compatibility file has been processed (317 Rules)
2025-12-16 19:10:13,322 [INFO] Mcu:2029 - Initializing MCU STM32H753ZITx STM32H753ZITx STM32H753ZIT6
2025-12-16 19:10:17,723 [INFO] Context:786 - Trying to add GPIOservice into a context  which must be forbidden
2025-12-16 19:10:19,544 [INFO] ApiDbMcu:532 - Load IP Config File for NUCLEO-H753ZI
2025-12-16 19:10:19,829 [INFO] ImportTextPane:234 - (OptionalMessage_ERROR) Pin17 (VP_RIF_VS_RIF1) cannot be retrieved for this MCU
2025-12-16 19:10:19,838 [INFO] ImportTextPane:234 - (OptionalMessage_ERROR) Unable to find key (Mcu.IP9) in loaded IOC file
2025-12-16 19:10:19,838 [INFO] ImportTextPane:234 - (OptionalMessage_ERROR) Unknown IP (dummy)
2025-12-16 19:10:19,923 [INFO] RtosManager:558 - Registered RTOS mode: class=CMSIS, group=RTOS, mode=CMSIS_V1, owner=FREERTOS
2025-12-16 19:10:19,923 [INFO] RtosManager:558 - Registered RTOS mode: class=CMSIS, group=RTOS2, mode=CMSIS_V2, owner=FREERTOS
2025-12-16 19:10:19,923 [INFO] RtosManager:558 - Registered RTOS mode: class=RTOS, group=Core, mode=CMSIS_V1, owner=FREERTOS
2025-12-16 19:10:19,924 [INFO] RtosManager:558 - Registered RTOS mode: class=RTOS, group=Core, mode=CMSIS_V2, owner=FREERTOS
2025-12-16 19:10:19,924 [WARN] ModelIntegratedComponent:184 - Missing modes for component STMicroelectronics:FreeRTOS:0.0.1:STMicroelectronics:RTOS:FreeRTOS:Core:::10.2.0:
2025-12-16 19:10:19,948 [WARN] ModelIntegratedComponent:63 - No mode defined for component null
2025-12-16 19:10:19,948 [WARN] ModelIntegratedComponent:63 - No mode defined for component null
2025-12-16 19:10:19,948 [WARN] ModelIntegratedComponent:63 - No mode defined for component null
2025-12-16 19:10:19,948 [WARN] ModelIntegratedComponent:63 - No mode defined for component null
2025-12-16 19:10:19,948 [WARN] ModelIntegratedComponent:63 - No mode defined for component null
2025-12-16 19:10:19,949 [WARN] ModelIntegratedComponent:63 - No mode defined for component null
2025-12-16 19:10:19,949 [WARN] ModelIntegratedComponent:63 - No mode defined for component null
2025-12-16 19:10:19,949 [WARN] ModelIntegratedComponent:63 - No mode defined for component null
2025-12-16 19:10:19,949 [WARN] ModelIntegratedComponent:63 - No mode defined for component null
2025-12-16 19:10:19,950 [WARN] ModelIntegratedComponent:63 - No mode defined for component null
2025-12-16 19:10:19,950 [WARN] ModelIntegratedComponent:63 - No mode defined for component null
2025-12-16 19:10:19,950 [WARN] ModelIntegratedComponent:63 - No mode defined for component null
2025-12-16 19:10:19,950 [WARN] ModelIntegratedComponent:63 - No mode defined for component null
2025-12-16 19:10:19,950 [WARN] ModelIntegratedComponent:63 - No mode defined for component null
2025-12-16 19:10:19,950 [WARN] ModelIntegratedComponent:63 - No mode defined for component null
2025-12-16 19:10:19,950 [WARN] ModelIntegratedComponent:63 - No mode defined for component null
2025-12-16 19:10:19,950 [WARN] ModelIntegratedComponent:63 - No mode defined for component null
2025-12-16 19:10:19,950 [WARN] ModelIntegratedComponent:63 - No mode defined for component null
2025-12-16 19:10:19,950 [WARN] ModelIntegratedComponent:63 - No mode defined for component null
2025-12-16 19:10:19,951 [WARN] ModelIntegratedComponent:63 - No mode defined for component null
2025-12-16 19:10:19,951 [WARN] ModelIntegratedComponent:63 - No mode defined for component null
2025-12-16 19:10:19,951 [WARN] ModelIntegratedComponent:63 - No mode defined for component null
2025-12-16 19:10:19,951 [WARN] ModelIntegratedComponent:63 - No mode defined for component null
2025-12-16 19:10:19,951 [WARN] ModelIntegratedComponent:63 - No mode defined for component null
2025-12-16 19:10:19,951 [WARN] ModelIntegratedComponent:63 - No mode defined for component null
2025-12-16 19:10:19,951 [WARN] ModelIntegratedComponent:63 - No mode defined for component null
2025-12-16 19:10:19,951 [WARN] ModelIntegratedComponent:63 - No mode defined for component null
2025-12-16 19:10:19,951 [WARN] ModelIntegratedComponent:63 - No mode defined for component null
2025-12-16 19:10:19,951 [WARN] ModelIntegratedComponent:63 - No mode defined for component null
2025-12-16 19:10:19,951 [WARN] ModelIntegratedComponent:63 - No mode defined for component null
2025-12-16 19:10:19,952 [WARN] ModelIntegratedComponent:63 - No mode defined for component null
2025-12-16 19:10:19,952 [WARN] ModelIntegratedComponent:63 - No mode defined for component null
2025-12-16 19:10:19,952 [WARN] ModelIntegratedComponent:63 - No mode defined for component null
2025-12-16 19:10:19,952 [WARN] ModelIntegratedComponent:63 - No mode defined for component null
2025-12-16 19:10:19,952 [WARN] ModelIntegratedComponent:63 - No mode defined for component null
2025-12-16 19:10:19,952 [WARN] ModelPack:524 - Component already loaded: STMicroelectronics:HAL Drivers:0.0.0:STMicroelectronics:Device:STMicro_Driver:XSPI:HAL::0.0.1:HAL_XSPI
2025-12-16 19:10:20,255 [INFO] ThirdPartyModel:298 - Start build external matchings
2025-12-16 19:10:21,632 [INFO] ThirdPartyModel:316 - End build external matchings
2025-12-16 19:10:21,726 [INFO] ImportTextPane:234 - (OptionalMessage_ERROR) IP (DMA) : Parameter (Instance) has Id (DFSDM1_FLT0) currently not set
2025-12-16 19:10:21,726 [INFO] ImportTextPane:234 - (OptionalMessage_ERROR) IP (DMA) : Parameter (Request) has Id (DFSDM1_FLT0) currently not set
2025-12-16 19:10:21,726 [INFO] ImportTextPane:234 - (OptionalMessage_ERROR) IP (DMA) : Parameter (Direction) has Id (DFSDM1_FLT0) currently not set
2025-12-16 19:10:21,726 [INFO] ImportTextPane:234 - (OptionalMessage_ERROR) IP (DMA) : Parameter (PeriphInc) has Id (DFSDM1_FLT0) currently not set
2025-12-16 19:10:21,726 [INFO] ImportTextPane:234 - (OptionalMessage_ERROR) IP (DMA) : Parameter (MemInc) has Id (DFSDM1_FLT0) currently not set
2025-12-16 19:10:21,726 [INFO] ImportTextPane:234 - (OptionalMessage_ERROR) IP (DMA) : Parameter (PeriphDataAlignment) has Id (DFSDM1_FLT0) currently not set
2025-12-16 19:10:21,727 [INFO] ImportTextPane:234 - (OptionalMessage_ERROR) IP (DMA) : Parameter (MemDataAlignment) has Id (DFSDM1_FLT0) currently not set
2025-12-16 19:10:21,727 [INFO] ImportTextPane:234 - (OptionalMessage_ERROR) IP (DMA) : Parameter (Mode) has Id (DFSDM1_FLT0) currently not set
2025-12-16 19:10:21,727 [INFO] ImportTextPane:234 - (OptionalMessage_ERROR) IP (DMA) : Parameter (Priority) has Id (DFSDM1_FLT0) currently not set
2025-12-16 19:10:21,727 [INFO] ImportTextPane:234 - (OptionalMessage_ERROR) IP (DMA) : Parameter (FIFOMode) has Id (DFSDM1_FLT0) currently not set
2025-12-16 19:10:21,727 [INFO] ImportTextPane:234 - (OptionalMessage_ERROR) IP (DMA) : Parameter (SignalID) has Id (DFSDM1_FLT0) currently not set
2025-12-16 19:10:21,727 [INFO] ImportTextPane:234 - (OptionalMessage_ERROR) IP (DMA) : Parameter (Polarity) has Id (DFSDM1_FLT0) currently not set
2025-12-16 19:10:21,727 [INFO] ImportTextPane:234 - (OptionalMessage_ERROR) IP (DMA) : Parameter (RequestNumber) has Id (DFSDM1_FLT0) currently not set
2025-12-16 19:10:21,727 [INFO] ImportTextPane:234 - (OptionalMessage_ERROR) IP (DMA) : Parameter (SyncSignalID) has Id (DFSDM1_FLT0) currently not set
2025-12-16 19:10:21,727 [INFO] ImportTextPane:234 - (OptionalMessage_ERROR) IP (DMA) : Parameter (SyncPolarity) has Id (DFSDM1_FLT0) currently not set
2025-12-16 19:10:21,727 [INFO] ImportTextPane:234 - (OptionalMessage_ERROR) IP (DMA) : Parameter (SyncEnable) has Id (DFSDM1_FLT0) currently not set
2025-12-16 19:10:21,728 [INFO] ImportTextPane:234 - (OptionalMessage_ERROR) IP (DMA) : Parameter (EventEnable) has Id (DFSDM1_FLT0) currently not set
2025-12-16 19:10:21,728 [INFO] ImportTextPane:234 - (OptionalMessage_ERROR) IP (DMA) : Parameter (SyncRequestNumber) has Id (DFSDM1_FLT0) currently not set
2025-12-16 19:10:21,728 [INFO] ImportTextPane:234 - (OptionalMessage_ERROR) IP (DMA) : Parameter (Instance) has Id (DFSDM1_FLT1) currently not set
2025-12-16 19:10:21,728 [INFO] ImportTextPane:234 - (OptionalMessage_ERROR) IP (DMA) : Parameter (Request) has Id (DFSDM1_FLT1) currently not set
2025-12-16 19:10:21,728 [INFO] ImportTextPane:234 - (OptionalMessage_ERROR) IP (DMA) : Parameter (Direction) has Id (DFSDM1_FLT1) currently not set
2025-12-16 19:10:21,728 [INFO] ImportTextPane:234 - (OptionalMessage_ERROR) IP (DMA) : Parameter (PeriphInc) has Id (DFSDM1_FLT1) currently not set
2025-12-16 19:10:21,728 [INFO] ImportTextPane:234 - (OptionalMessage_ERROR) IP (DMA) : Parameter (MemInc) has Id (DFSDM1_FLT1) currently not set
2025-12-16 19:10:21,728 [INFO] ImportTextPane:234 - (OptionalMessage_ERROR) IP (DMA) : Parameter (PeriphDataAlignment) has Id (DFSDM1_FLT1) currently not set
2025-12-16 19:10:21,728 [INFO] ImportTextPane:234 - (OptionalMessage_ERROR) IP (DMA) : Parameter (MemDataAlignment) has Id (DFSDM1_FLT1) currently not set
2025-12-16 19:10:21,728 [INFO] ImportTextPane:234 - (OptionalMessage_ERROR) IP (DMA) : Parameter (Mode) has Id (DFSDM1_FLT1) currently not set
2025-12-16 19:10:21,728 [INFO] ImportTextPane:234 - (OptionalMessage_ERROR) IP (DMA) : Parameter (Priority) has Id (DFSDM1_FLT1) currently not set
2025-12-16 19:10:21,728 [INFO] ImportTextPane:234 - (OptionalMessage_ERROR) IP (DMA) : Parameter (FIFOMode) has Id (DFSDM1_FLT1) currently not set
2025-12-16 19:10:21,728 [INFO] ImportTextPane:234 - (OptionalMessage_ERROR) IP (DMA) : Parameter (SignalID) has Id (DFSDM1_FLT1) currently not set
2025-12-16 19:10:21,728 [INFO] ImportTextPane:234 - (OptionalMessage_ERROR) IP (DMA) : Parameter (Polarity) has Id (DFSDM1_FLT1) currently not set
2025-12-16 19:10:21,728 [INFO] ImportTextPane:234 - (OptionalMessage_ERROR) IP (DMA) : Parameter (RequestNumber) has Id (DFSDM1_FLT1) currently not set
2025-12-16 19:10:21,728 [INFO] ImportTextPane:234 - (OptionalMessage_ERROR) IP (DMA) : Parameter (SyncSignalID) has Id (DFSDM1_FLT1) currently not set
2025-12-16 19:10:21,729 [INFO] ImportTextPane:234 - (OptionalMessage_ERROR) IP (DMA) : Parameter (SyncPolarity) has Id (DFSDM1_FLT1) currently not set
2025-12-16 19:10:21,729 [INFO] ImportTextPane:234 - (OptionalMessage_ERROR) IP (DMA) : Parameter (SyncEnable) has Id (DFSDM1_FLT1) currently not set
2025-12-16 19:10:21,729 [INFO] ImportTextPane:234 - (OptionalMessage_ERROR) IP (DMA) : Parameter (EventEnable) has Id (DFSDM1_FLT1) currently not set
2025-12-16 19:10:21,729 [INFO] ImportTextPane:234 - (OptionalMessage_ERROR) IP (DMA) : Parameter (SyncRequestNumber) has Id (DFSDM1_FLT1) currently not set
2025-12-16 19:10:21,729 [INFO] ImportTextPane:234 - (OptionalMessage_ERROR) IP (DMA) : Parameter (Instance) has Id (DAC1_CH1) currently not set
2025-12-16 19:10:21,729 [INFO] ImportTextPane:234 - (OptionalMessage_ERROR) IP (DMA) : Parameter (Request) has Id (DAC1_CH1) currently not set
2025-12-16 19:10:21,729 [INFO] ImportTextPane:234 - (OptionalMessage_ERROR) IP (DMA) : Parameter (Direction) has Id (DAC1_CH1) currently not set
2025-12-16 19:10:21,729 [INFO] ImportTextPane:234 - (OptionalMessage_ERROR) IP (DMA) : Parameter (PeriphInc) has Id (DAC1_CH1) currently not set
2025-12-16 19:10:21,729 [INFO] ImportTextPane:234 - (OptionalMessage_ERROR) IP (DMA) : Parameter (MemInc) has Id (DAC1_CH1) currently not set
2025-12-16 19:10:21,729 [INFO] ImportTextPane:234 - (OptionalMessage_ERROR) IP (DMA) : Parameter (PeriphDataAlignment) has Id (DAC1_CH1) currently not set
2025-12-16 19:10:21,729 [INFO] ImportTextPane:234 - (OptionalMessage_ERROR) IP (DMA) : Parameter (MemDataAlignment) has Id (DAC1_CH1) currently not set
2025-12-16 19:10:21,729 [INFO] ImportTextPane:234 - (OptionalMessage_ERROR) IP (DMA) : Parameter (Mode) has Id (DAC1_CH1) currently not set
2025-12-16 19:10:21,729 [INFO] ImportTextPane:234 - (OptionalMessage_ERROR) IP (DMA) : Parameter (Priority) has Id (DAC1_CH1) currently not set
2025-12-16 19:10:21,730 [INFO] ImportTextPane:234 - (OptionalMessage_ERROR) IP (DMA) : Parameter (FIFOMode) has Id (DAC1_CH1) currently not set
2025-12-16 19:10:21,730 [INFO] ImportTextPane:234 - (OptionalMessage_ERROR) IP (DMA) : Parameter (SignalID) has Id (DAC1_CH1) currently not set
2025-12-16 19:10:21,730 [INFO] ImportTextPane:234 - (OptionalMessage_ERROR) IP (DMA) : Parameter (Polarity) has Id (DAC1_CH1) currently not set
2025-12-16 19:10:21,730 [INFO] ImportTextPane:234 - (OptionalMessage_ERROR) IP (DMA) : Parameter (RequestNumber) has Id (DAC1_CH1) currently not set
2025-12-16 19:10:21,730 [INFO] ImportTextPane:234 - (OptionalMessage_ERROR) IP (DMA) : Parameter (SyncSignalID) has Id (DAC1_CH1) currently not set
2025-12-16 19:10:21,730 [INFO] ImportTextPane:234 - (OptionalMessage_ERROR) IP (DMA) : Parameter (SyncPolarity) has Id (DAC1_CH1) currently not set
2025-12-16 19:10:21,730 [INFO] ImportTextPane:234 - (OptionalMessage_ERROR) IP (DMA) : Parameter (SyncEnable) has Id (DAC1_CH1) currently not set
2025-12-16 19:10:21,730 [INFO] ImportTextPane:234 - (OptionalMessage_ERROR) IP (DMA) : Parameter (EventEnable) has Id (DAC1_CH1) currently not set
2025-12-16 19:10:21,730 [INFO] ImportTextPane:234 - (OptionalMessage_ERROR) IP (DMA) : Parameter (SyncRequestNumber) has Id (DAC1_CH1) currently not set
2025-12-16 19:10:22,564 [INFO] UtilMem:75 - End LoadConfig() Used Memory: 815763088 Bytes (1073741824)
2025-12-16 19:10:22,648 [WARN] ThirdParty:833 - waiting for thirdparty lock release [change project]
2025-12-16 19:10:22,648 [INFO] ThirdParty:835 - entering critical section [change project]
2025-12-16 19:10:22,648 [INFO] ThirdParty:1030 - CMSIS Pack Vendor :STMicroelectronics X-CUBE-PM33A1 1.0.0
2025-12-16 19:10:22,648 [INFO] ThirdParty:1030 - CMSIS Pack Vendor :STMicroelectronics USBPD 4.1
2025-12-16 19:10:22,648 [INFO] ThirdParty:1030 - CMSIS Pack Vendor :STMicroelectronics USB_HOST 2.0.0
2025-12-16 19:10:22,648 [INFO] ThirdParty:1030 - CMSIS Pack Vendor :STMicroelectronics FP-SNS-MOTENVWB1 1.4.0
2025-12-16 19:10:22,648 [INFO] ThirdParty:1030 - CMSIS Pack Vendor :STMicroelectronics X-CUBE-AZRTOS-F4 1.1.0
2025-12-16 19:10:22,648 [INFO] ThirdParty:1030 - CMSIS Pack Vendor :STMicroelectronics LIBJPEG 8.0.0
2025-12-16 19:10:22,648 [INFO] ThirdParty:1030 - CMSIS Pack Vendor :STMicroelectronics FP-ATR-ASTRA1 2.0.2
2025-12-16 19:10:22,648 [INFO] ThirdParty:1030 - CMSIS Pack Vendor :STMicroelectronics FP-ATR-ASTRA1 2.0.1
2025-12-16 19:10:22,648 [INFO] ThirdParty:1030 - CMSIS Pack Vendor :STMicroelectronics X-CUBE-SMBUS 2.1.0
2025-12-16 19:10:22,648 [INFO] ThirdParty:1030 - CMSIS Pack Vendor :STMicroelectronics X-CUBE-WB05N 1.1.0
2025-12-16 19:10:22,648 [INFO] ThirdParty:1030 - CMSIS Pack Vendor :STMicroelectronics X-CUBE-ISPU 2.1.0
2025-12-16 19:10:22,648 [INFO] ThirdParty:1030 - CMSIS Pack Vendor :STMicroelectronics X-CUBE-IPS 3.2.0
2025-12-16 19:10:22,648 [INFO] ThirdParty:1030 - CMSIS Pack Vendor :STMicroelectronics X-CUBE-ST60 1.0.0
2025-12-16 19:10:22,648 [INFO] ThirdParty:1030 - CMSIS Pack Vendor :STMicroelectronics X-CUBE-NFC12 1.0.0
2025-12-16 19:10:22,648 [INFO] ThirdParty:1030 - CMSIS Pack Vendor :STMicroelectronics X-CUBE-AZRTOS-F7 1.1.0
2025-12-16 19:10:22,648 [INFO] ThirdParty:1030 - CMSIS Pack Vendor :STMicroelectronics X-CUBE-AZRTOS-L5 2.0.0
2025-12-16 19:10:22,648 [INFO] ThirdParty:1030 - CMSIS Pack Vendor :STMicroelectronics USB_DEVICE 2.0.0
2025-12-16 19:10:22,648 [INFO] ThirdParty:1030 - CMSIS Pack Vendor :STMicroelectronics X-CUBE-NFC6 3.1.0
2025-12-16 19:10:22,648 [INFO] ThirdParty:1030 - CMSIS Pack Vendor :STMicroelectronics FP-SNS-MOTENV1 5.1.0
2025-12-16 19:10:22,648 [INFO] ThirdParty:1030 - CMSIS Pack Vendor :STMicroelectronics FreeRTOS 0.0.1
2025-12-16 19:10:22,648 [INFO] ThirdParty:1030 - CMSIS Pack Vendor :STMicroelectronics X-CUBE-DPower 1.2.0
2025-12-16 19:10:22,648 [INFO] ThirdParty:1030 - CMSIS Pack Vendor :STMicroelectronics FP-SNS-FLIGHT1 5.0.2
2025-12-16 19:10:22,648 [INFO] ThirdParty:1030 - CMSIS Pack Vendor :Infineon AIROC-Wi-Fi-Bluetooth-STM32 1.7.0
2025-12-16 19:10:22,648 [INFO] ThirdParty:1030 - CMSIS Pack Vendor :STMicroelectronics PDM2PCM 3.3.0
2025-12-16 19:10:22,648 [INFO] ThirdParty:1030 - CMSIS Pack Vendor :STMicroelectronics X-CUBE-AZRTOS-H7 3.4.0
2025-12-16 19:10:22,648 [INFO] ThirdParty:1030 - CMSIS Pack Vendor :STMicroelectronics X-CUBE-DISPLAY 3.0.0
2025-12-16 19:10:22,648 [INFO] ThirdParty:1030 - CMSIS Pack Vendor :STMicroelectronics X-CUBE-BLE1 7.0.0
2025-12-16 19:10:22,648 [INFO] ThirdParty:1030 - CMSIS Pack Vendor :STMicroelectronics X-CUBE-NFC10 1.0.0
2025-12-16 19:10:22,648 [INFO] ThirdParty:1030 - CMSIS Pack Vendor :STMicroelectronics X-CUBE-BLEMGR 4.0.0
2025-12-16 19:10:22,648 [INFO] ThirdParty:1030 - CMSIS Pack Vendor :STMicroelectronics X-CUBE-FREERTOS 1.3.1
2025-12-16 19:10:22,648 [INFO] ThirdParty:1030 - CMSIS Pack Vendor :STMicroelectronics HAL Drivers 0.0.0
2025-12-16 19:10:22,648 [INFO] ThirdParty:1030 - CMSIS Pack Vendor :STMicroelectronics X-CUBE-ST60 1.1.0
2025-12-16 19:10:22,648 [INFO] ThirdParty:1030 - CMSIS Pack Vendor :emotas I-CUBE-CANOPEN 1.3.0
2025-12-16 19:10:22,648 [INFO] ThirdParty:1030 - CMSIS Pack Vendor :STMicroelectronics X-CUBE-FREERTOS 1.3.0
2025-12-16 19:10:22,648 [INFO] ThirdParty:1030 - CMSIS Pack Vendor :STMicroelectronics X-CUBE-NFC7 1.0.1
2025-12-16 19:10:22,648 [INFO] ThirdParty:1030 - CMSIS Pack Vendor :STMicroelectronics MBEDTLS 2.14.1
2025-12-16 19:10:22,648 [INFO] ThirdParty:1030 - CMSIS Pack Vendor :STMicroelectronics X-CUBE-GNSS1 7.1.0
2025-12-16 19:10:22,648 [INFO] ThirdParty:1030 - CMSIS Pack Vendor :STMicroelectronics X-CUBE-TOUCHGFX 4.26.0
2025-12-16 19:10:22,648 [INFO] ThirdParty:1030 - CMSIS Pack Vendor :STMicroelectronics X-CUBE-AI 10.0.0
2025-12-16 19:10:22,648 [INFO] ThirdParty:1030 - CMSIS Pack Vendor :STMicroelectronics FP-SNS-STBOX1 2.1.0
2025-12-16 19:10:22,648 [INFO] ThirdParty:1030 - CMSIS Pack Vendor :STMicroelectronics FP-SNS-STAIOTCFT 1.0.0
2025-12-16 19:10:22,648 [INFO] ThirdParty:1030 - CMSIS Pack Vendor :STMicroelectronics FP-SNS-SMARTAG2 1.2.0
2025-12-16 19:10:22,648 [INFO] ThirdParty:1030 - CMSIS Pack Vendor :STMicroelectronics FP-SNS-FLIGHT1 5.1.0
2025-12-16 19:10:22,648 [INFO] ThirdParty:1030 - CMSIS Pack Vendor :STMicroelectronics X-CUBE-MEMS1 11.1.0
2025-12-16 19:10:22,648 [INFO] ThirdParty:1030 - CMSIS Pack Vendor :STMicroelectronics X-CUBE-AZRTOS-WL 2.0.0
2025-12-16 19:10:22,648 [INFO] ThirdParty:1030 - CMSIS Pack Vendor :STMicroelectronics X-CUBE-DPower 1.3.0
2025-12-16 19:10:22,648 [INFO] ThirdParty:1030 - CMSIS Pack Vendor :STMicroelectronics FP-SNS-MOTENV1 5.0.0
2025-12-16 19:10:22,648 [INFO] ThirdParty:1030 - CMSIS Pack Vendor :STMicroelectronics USB_DEVICE 1.0.0
2025-12-16 19:10:22,648 [INFO] ThirdParty:1030 - CMSIS Pack Vendor :STMicroelectronics X-CUBE-AZRTOS-H7RS 1.2.0
2025-12-16 19:10:22,648 [INFO] ThirdParty:1030 - CMSIS Pack Vendor :wolfSSL I-CUBE-wolfMQTT 1.19.0
2025-12-16 19:10:22,648 [INFO] ThirdParty:1030 - CMSIS Pack Vendor :STMicroelectronics X-CUBE-AZRTOS-L4 2.0.0
2025-12-16 19:10:22,648 [INFO] ThirdParty:1030 - CMSIS Pack Vendor :STMicroelectronics ThreadX 0.0.2
2025-12-16 19:10:22,648 [INFO] ThirdParty:1030 - CMSIS Pack Vendor :WES I-CUBE-Cesium 1.3.0
2025-12-16 19:10:22,648 [INFO] ThirdParty:1030 - CMSIS Pack Vendor :STMicroelectronics lwIP 2.1.2
2025-12-16 19:10:22,648 [INFO] ThirdParty:1030 - CMSIS Pack Vendor :STMicroelectronics X-CUBE-SFXS2LP1 4.0.0
2025-12-16 19:10:22,648 [INFO] ThirdParty:1030 - CMSIS Pack Vendor :STMicroelectronics X-CUBE-BLE2 3.3.0
2025-12-16 19:10:22,648 [INFO] ThirdParty:1030 - CMSIS Pack Vendor :Avnet-IOTCONNECT X-CUBE-iotc-st67-sdk 1.0.0
2025-12-16 19:10:22,648 [INFO] ThirdParty:1030 - CMSIS Pack Vendor :STMicroelectronics PDM2PCM 3.2.0
2025-12-16 19:10:22,648 [INFO] ThirdParty:1030 - CMSIS Pack Vendor :STMicroelectronics X-CUBE-AZRTOS-H7 3.3.0
2025-12-16 19:10:22,648 [INFO] ThirdParty:1030 - CMSIS Pack Vendor :STMicroelectronics X-CUBE-NFC9 1.0.0
2025-12-16 19:10:22,648 [INFO] ThirdParty:1030 - CMSIS Pack Vendor :STMicroelectronics X-CUBE-BLE1 7.1.0
2025-12-16 19:10:22,648 [INFO] ThirdParty:1030 - CMSIS Pack Vendor :STMicroelectronics USB_DEVICE 3.0.0
2025-12-16 19:10:22,648 [INFO] ThirdParty:1030 - CMSIS Pack Vendor :STMicroelectronics X-CUBE-FREERTOS 1.4.0
2025-12-16 19:10:22,648 [INFO] ThirdParty:1030 - CMSIS Pack Vendor :STMicroelectronics X-CUBE-EEPRMA1 5.2.0
2025-12-16 19:10:22,648 [INFO] ThirdParty:1030 - CMSIS Pack Vendor :STMicroelectronics X-CUBE-BLEMGR 4.1.0
2025-12-16 19:10:22,648 [INFO] ThirdParty:1030 - CMSIS Pack Vendor :STMicroelectronics X-CUBE-AZRTOS-WB 2.0.0
2025-12-16 19:10:22,648 [INFO] ThirdParty:1030 - CMSIS Pack Vendor :STMicroelectronics X-CUBE-GNSS1 7.0.1
2025-12-16 19:10:22,648 [INFO] ThirdParty:1030 - CMSIS Pack Vendor :STMicroelectronics X-CUBE-ST67W61 1.1.0
2025-12-16 19:10:22,648 [INFO] ThirdParty:1030 - CMSIS Pack Vendor :STMicroelectronics FP-SNS-STBOX1 2.0.0
2025-12-16 19:10:22,648 [INFO] ThirdParty:1030 - CMSIS Pack Vendor :STMicroelectronics X-CUBE-MEMS1 12.0.0
2025-12-16 19:10:22,648 [INFO] ThirdParty:1030 - CMSIS Pack Vendor :STMicroelectronics X-CUBE-AZRTOS-G0 1.1.0
2025-12-16 19:10:22,648 [INFO] ThirdParty:1030 - CMSIS Pack Vendor :STMicroelectronics X-CUBE-SAFEA1 1.2.2
2025-12-16 19:10:22,648 [INFO] ThirdParty:1030 - CMSIS Pack Vendor :STMicroelectronics X-CUBE-NFC4 3.0.0
2025-12-16 19:10:22,648 [INFO] ThirdParty:1030 - CMSIS Pack Vendor :STMicroelectronics X-CUBE-SUBG2 5.0.0
2025-12-16 19:10:22,648 [INFO] ThirdParty:1030 - CMSIS Pack Vendor :STMicroelectronics X-CUBE-AZRTOS-H7RS 1.1.0
2025-12-16 19:10:22,648 [INFO] ThirdParty:1030 - CMSIS Pack Vendor :STMicroelectronics STM32_WPAN 1.0.0
2025-12-16 19:10:22,648 [INFO] ThirdParty:1030 - CMSIS Pack Vendor :EmbeddedOffice I-CUBE-FS-RTOS 1.0.1
2025-12-16 19:10:22,648 [INFO] ThirdParty:1030 - CMSIS Pack Vendor :STMicroelectronics lwIP 2.0.3
2025-12-16 19:10:22,648 [INFO] ThirdParty:1030 - CMSIS Pack Vendor :Cesanta I-CUBE-Mongoose 7.13.0
2025-12-16 19:10:22,648 [INFO] ThirdParty:1030 - CMSIS Pack Vendor :STMicroelectronics USB_HOST 1.0.0
2025-12-16 19:10:22,648 [INFO] ThirdParty:1030 - CMSIS Pack Vendor :STMicroelectronics X-CUBE-AZRTOS-G4 2.0.0
2025-12-16 19:10:22,648 [INFO] ThirdParty:1030 - CMSIS Pack Vendor :STMicroelectronics X-CUBE-WB05N 2.0.0
2025-12-16 19:10:22,648 [INFO] ThirdParty:1030 - CMSIS Pack Vendor :STMicroelectronics PDM2PCM 3.1.0
2025-12-16 19:10:22,648 [INFO] ThirdParty:1030 - CMSIS Pack Vendor :STMicroelectronics X-CUBE-NFC7 2.0.0
2025-12-16 19:10:22,648 [INFO] ThirdParty:1030 - CMSIS Pack Vendor :STMicroelectronics X-CUBE-TCPP 4.2.0
2025-12-16 19:10:22,648 [INFO] ThirdParty:1030 - CMSIS Pack Vendor :RealThread X-CUBE-RT-Thread_Nano 4.1.1
2025-12-16 19:10:22,648 [INFO] ThirdParty:1030 - CMSIS Pack Vendor :STMicroelectronics FP-ATR-SIGFOX1 3.2.0
2025-12-16 19:10:22,648 [INFO] ThirdParty:1030 - CMSIS Pack Vendor :quantropi X-CUBE-qispace-sdk-base 1.9.3
2025-12-16 19:10:22,648 [INFO] ThirdParty:1030 - CMSIS Pack Vendor :STMicroelectronics X-CUBE-EEPRMA1 5.1.0
2025-12-16 19:10:22,648 [INFO] ThirdParty:1030 - CMSIS Pack Vendor :STMicroelectronics MBEDTLS 2.16.2
2025-12-16 19:10:22,648 [INFO] ThirdParty:1030 - CMSIS Pack Vendor :STMicroelectronics X-CUBE-IPS 3.1.0
2025-12-16 19:10:22,648 [INFO] ThirdParty:1030 - CMSIS Pack Vendor :STMicroelectronics X-CUBE-ALS 1.0.2
2025-12-16 19:10:22,648 [INFO] ThirdParty:1030 - CMSIS Pack Vendor :wolfSSL I-CUBE-wolfSSL 5.7.6
2025-12-16 19:10:22,648 [INFO] ThirdParty:1030 - CMSIS Pack Vendor :ITTIA_DB I-CUBE-ITTIADB 8.9.0
2025-12-16 19:10:22,648 [INFO] ThirdParty:1030 - CMSIS Pack Vendor :STMicroelectronics X-CUBE-TOUCHGFX 4.24.2
2025-12-16 19:10:22,648 [INFO] ThirdParty:1030 - CMSIS Pack Vendor :STMicroelectronics X-CUBE-STSE01 1.0.0
2025-12-16 19:10:22,648 [INFO] ThirdParty:1030 - CMSIS Pack Vendor :wolfSSL I-CUBE-wolfTPM 3.4.0
2025-12-16 19:10:22,648 [INFO] ThirdParty:1030 - CMSIS Pack Vendor :portGmbH I-Cube-SoM-uGOAL 1.1.0
2025-12-16 19:10:22,648 [INFO] ThirdParty:1030 - CMSIS Pack Vendor :STMicroelectronics X-CUBE-ST67W61 1.0.0
2025-12-16 19:10:22,648 [INFO] ThirdParty:1030 - CMSIS Pack Vendor :STMicroelectronics X-CUBE-AI 10.2.0
2025-12-16 19:10:22,648 [INFO] ThirdParty:1030 - CMSIS Pack Vendor :STMicroelectronics ThreadX 1.0.0
2025-12-16 19:10:22,648 [INFO] ThirdParty:1030 - CMSIS Pack Vendor :SEGGER I-CUBE-embOS 1.3.1
2025-12-16 19:10:22,648 [INFO] ThirdParty:1030 - CMSIS Pack Vendor :STMicroelectronics X-CUBE-ALGOBUILD 1.4.0
2025-12-16 19:10:22,648 [INFO] ThirdParty:1030 - CMSIS Pack Vendor :STMicroelectronics X-CUBE-MEMS1 11.3.0
2025-12-16 19:10:22,648 [INFO] ThirdParty:1030 - CMSIS Pack Vendor :STMicroelectronics X-CUBE-AZRTOS-H7RS 1.0.0
2025-12-16 19:10:22,648 [INFO] ThirdParty:1030 - CMSIS Pack Vendor :STMicroelectronics X-CUBE-TOF1 3.4.2
2025-12-16 19:10:22,648 [INFO] ThirdParty:1030 - CMSIS Pack Vendor :STMicroelectronics X-CUBE-TOF1 3.4.3
2025-12-16 19:10:22,648 [INFO] ThirdParty:1030 - CMSIS Pack Vendor :wolfSSL I-CUBE-wolfSSH 1.4.17
2025-12-16 19:10:22,654 [INFO] ThirdParty:841 - exiting critical section [change project]
2025-12-16 19:10:23,192 [INFO] PinOutPanel:1589 - setPackage(No Configuration,No Configuration)
2025-12-16 19:10:23,193 [INFO] PinOutPanel:1589 - setPackage(STM32H753ZITx,LQFP144)
2025-12-16 19:10:23,748 [INFO] UtilMem:75 - Before build in PCC Used Memory: 903320904 Bytes (1073741824)
2025-12-16 19:10:24,073 [INFO] UtilMem:75 - After build in PCC Used Memory: 968332616 Bytes (1073741824)
2025-12-16 19:10:24,111 [INFO] IPUIPlugin:80 - create IPUIPlugin
2025-12-16 19:10:24,111 [INFO] IPUIPlugin:80 - create IPUIPlugin
2025-12-16 19:10:24,111 [INFO] IPUIPlugin:80 - create IPUIPlugin
2025-12-16 19:10:24,111 [INFO] IPUIPlugin:80 - create IPUIPlugin
2025-12-16 19:10:24,112 [INFO] IPUIPlugin:80 - create IPUIPlugin
2025-12-16 19:10:24,112 [INFO] IPUIPlugin:80 - create IPUIPlugin
2025-12-16 19:10:24,112 [INFO] IPUIPlugin:80 - create IPUIPlugin
2025-12-16 19:10:24,112 [INFO] IPUIPlugin:80 - create IPUIPlugin
2025-12-16 19:10:24,112 [INFO] IPUIPlugin:80 - create IPUIPlugin
2025-12-16 19:10:24,112 [INFO] IPUIPlugin:80 - create IPUIPlugin
2025-12-16 19:10:24,113 [INFO] IPUIPlugin:80 - create IPUIPlugin
2025-12-16 19:10:24,113 [INFO] IPUIPlugin:80 - create IPUIPlugin
2025-12-16 19:10:24,113 [INFO] IPUIPlugin:80 - create IPUIPlugin
2025-12-16 19:10:24,113 [INFO] IPUIPlugin:80 - create IPUIPlugin
2025-12-16 19:10:24,113 [INFO] IPUIPlugin:80 - create IPUIPlugin
2025-12-16 19:10:24,113 [INFO] IPUIPlugin:80 - create IPUIPlugin
2025-12-16 19:10:24,113 [INFO] IPUIPlugin:80 - create IPUIPlugin
2025-12-16 19:10:24,114 [INFO] IPUIPlugin:80 - create IPUIPlugin
2025-12-16 19:10:24,114 [INFO] IPUIPlugin:80 - create IPUIPlugin
2025-12-16 19:10:24,114 [INFO] IPUIPlugin:80 - create IPUIPlugin
2025-12-16 19:10:24,114 [INFO] IPUIPlugin:80 - create IPUIPlugin
2025-12-16 19:10:24,114 [INFO] IPUIPlugin:80 - create IPUIPlugin
2025-12-16 19:10:24,114 [INFO] IPUIPlugin:80 - create IPUIPlugin
2025-12-16 19:10:24,115 [INFO] IPUIPlugin:80 - create IPUIPlugin
2025-12-16 19:10:24,115 [INFO] IPUIPlugin:80 - create IPUIPlugin
2025-12-16 19:10:24,115 [INFO] IPUIPlugin:80 - create IPUIPlugin
2025-12-16 19:10:24,115 [INFO] IPUIPlugin:80 - create IPUIPlugin
2025-12-16 19:10:24,115 [INFO] IPUIPlugin:80 - create IPUIPlugin
2025-12-16 19:10:24,115 [INFO] IPUIPlugin:80 - create IPUIPlugin
2025-12-16 19:10:24,115 [INFO] IPUIPlugin:80 - create IPUIPlugin
2025-12-16 19:10:24,115 [INFO] IPUIPlugin:80 - create IPUIPlugin
2025-12-16 19:10:24,116 [INFO] IPUIPlugin:80 - create IPUIPlugin
2025-12-16 19:10:24,116 [INFO] IPUIPlugin:80 - create IPUIPlugin
2025-12-16 19:10:24,116 [INFO] IPUIPlugin:80 - create IPUIPlugin
2025-12-16 19:10:24,116 [INFO] IPUIPlugin:80 - create IPUIPlugin
2025-12-16 19:10:24,116 [INFO] IPUIPlugin:80 - create IPUIPlugin
2025-12-16 19:10:24,116 [INFO] IPUIPlugin:80 - create IPUIPlugin
2025-12-16 19:10:24,117 [INFO] IPUIPlugin:80 - create IPUIPlugin
2025-12-16 19:10:24,117 [INFO] IPUIPlugin:80 - create IPUIPlugin
2025-12-16 19:10:24,117 [INFO] IPUIPlugin:80 - create IPUIPlugin
2025-12-16 19:10:24,117 [INFO] IPUIPlugin:80 - create IPUIPlugin
2025-12-16 19:10:24,117 [INFO] IPUIPlugin:80 - create IPUIPlugin
2025-12-16 19:10:24,118 [INFO] IPUIPlugin:80 - create IPUIPlugin
2025-12-16 19:10:24,118 [INFO] IPUIPlugin:80 - create IPUIPlugin
2025-12-16 19:10:24,118 [INFO] IPUIPlugin:80 - create IPUIPlugin
2025-12-16 19:10:24,118 [INFO] IPUIPlugin:80 - create IPUIPlugin
2025-12-16 19:10:24,119 [INFO] IPUIPlugin:80 - create IPUIPlugin
2025-12-16 19:10:24,119 [INFO] IPUIPlugin:80 - create IPUIPlugin
2025-12-16 19:10:24,119 [INFO] IPUIPlugin:80 - create IPUIPlugin
2025-12-16 19:10:24,119 [INFO] IPUIPlugin:80 - create IPUIPlugin
2025-12-16 19:10:24,120 [INFO] IPUIPlugin:80 - create IPUIPlugin
2025-12-16 19:10:24,120 [INFO] IPUIPlugin:80 - create IPUIPlugin
2025-12-16 19:10:24,120 [INFO] IPUIPlugin:80 - create IPUIPlugin
2025-12-16 19:10:24,120 [INFO] IPUIPlugin:80 - create IPUIPlugin
2025-12-16 19:10:24,121 [INFO] IPUIPlugin:80 - create IPUIPlugin
2025-12-16 19:10:24,121 [INFO] IPUIPlugin:80 - create IPUIPlugin
2025-12-16 19:10:24,121 [INFO] IPUIPlugin:80 - create IPUIPlugin
2025-12-16 19:10:24,121 [INFO] IPUIPlugin:80 - create IPUIPlugin
2025-12-16 19:10:24,121 [INFO] IPUIPlugin:80 - create IPUIPlugin
2025-12-16 19:10:24,122 [INFO] IPUIPlugin:80 - create IPUIPlugin
2025-12-16 19:10:24,122 [INFO] IPUIPlugin:80 - create IPUIPlugin
2025-12-16 19:10:24,122 [INFO] IPUIPlugin:80 - create IPUIPlugin
2025-12-16 19:10:24,122 [INFO] IPUIPlugin:80 - create IPUIPlugin
2025-12-16 19:10:24,123 [INFO] IPUIPlugin:80 - create IPUIPlugin
2025-12-16 19:10:24,123 [INFO] IPUIPlugin:80 - create IPUIPlugin
2025-12-16 19:10:24,123 [INFO] IPUIPlugin:80 - create IPUIPlugin
2025-12-16 19:10:24,124 [INFO] IPUIPlugin:80 - create IPUIPlugin
2025-12-16 19:10:24,124 [INFO] IPUIPlugin:80 - create IPUIPlugin
2025-12-16 19:10:24,124 [INFO] IPUIPlugin:80 - create IPUIPlugin
2025-12-16 19:10:24,124 [INFO] IPUIPlugin:80 - create IPUIPlugin
2025-12-16 19:10:24,124 [INFO] IPUIPlugin:80 - create IPUIPlugin
2025-12-16 19:10:24,125 [INFO] IPUIPlugin:80 - create IPUIPlugin
2025-12-16 19:10:24,125 [INFO] IPUIPlugin:80 - create IPUIPlugin
2025-12-16 19:10:24,125 [INFO] IPUIPlugin:80 - create IPUIPlugin
2025-12-16 19:10:24,126 [INFO] IPUIPlugin:80 - create IPUIPlugin
2025-12-16 19:10:24,127 [INFO] IPUIPlugin:80 - create IPUIPlugin
2025-12-16 19:10:24,127 [INFO] IPUIPlugin:80 - create IPUIPlugin
2025-12-16 19:10:24,127 [INFO] IPUIPlugin:80 - create IPUIPlugin
2025-12-16 19:10:24,127 [INFO] IPUIPlugin:80 - create IPUIPlugin
2025-12-16 19:10:24,128 [INFO] IPUIPlugin:80 - create IPUIPlugin
2025-12-16 19:10:24,128 [INFO] IPUIPlugin:80 - create IPUIPlugin
2025-12-16 19:10:24,128 [INFO] IPUIPlugin:80 - create IPUIPlugin
2025-12-16 19:10:24,128 [INFO] IPUIPlugin:80 - create IPUIPlugin
2025-12-16 19:10:24,128 [INFO] IPUIPlugin:80 - create IPUIPlugin
2025-12-16 19:10:24,128 [INFO] IPUIPlugin:80 - create IPUIPlugin
2025-12-16 19:10:24,128 [INFO] IPUIPlugin:80 - create IPUIPlugin
2025-12-16 19:10:24,130 [INFO] IPUIPlugin:80 - create IPUIPlugin
2025-12-16 19:10:24,130 [INFO] IPUIPlugin:80 - create IPUIPlugin
2025-12-16 19:10:24,130 [INFO] IPUIPlugin:80 - create IPUIPlugin
2025-12-16 19:10:24,131 [INFO] IPUIPlugin:80 - create IPUIPlugin
2025-12-16 19:10:24,131 [INFO] IPUIPlugin:80 - create IPUIPlugin
2025-12-16 19:10:24,131 [INFO] IPUIPlugin:80 - create IPUIPlugin
2025-12-16 19:10:24,132 [INFO] IPUIPlugin:80 - create IPUIPlugin
2025-12-16 19:10:24,132 [INFO] IPUIPlugin:80 - create IPUIPlugin
2025-12-16 19:10:24,132 [INFO] IPUIPlugin:80 - create IPUIPlugin
2025-12-16 19:10:24,133 [INFO] IPUIPlugin:80 - create IPUIPlugin
2025-12-16 19:10:24,133 [INFO] IPUIPlugin:80 - create IPUIPlugin
2025-12-16 19:10:24,134 [INFO] IPUIPlugin:80 - create IPUIPlugin
2025-12-16 19:10:24,134 [INFO] IPUIPlugin:80 - create IPUIPlugin
2025-12-16 19:10:24,135 [INFO] IPUIPlugin:80 - create IPUIPlugin
2025-12-16 19:10:24,135 [INFO] IPUIPlugin:80 - create IPUIPlugin
2025-12-16 19:10:24,151 [INFO] ApiDbMcu:532 - Load IP Config File for PDM2PCM
2025-12-16 19:10:24,269 [INFO] CADModel:165 - CPN selected for project levelSTM32H753ZIT6
2025-12-16 19:10:24,269 [INFO] CADModel:114 - Register for checkConnection events
2025-12-16 19:10:24,466 [INFO] OpenFileManager:386 - Restore cursor
2025-12-16 19:11:56,003 [INFO] HwResourcesManager:1943 - RZone for current mcu STM32H753ZITx : STM32_DIE450_864_2048
2025-12-16 19:11:56,055 [INFO] HwResourcesManager:286 - provisioning FMC Bank1 added
2025-12-16 19:11:56,062 [INFO] HwResourcesManager:286 - provisioning FMC Bank3 added
2025-12-16 19:11:56,062 [INFO] HwResourcesManager:286 - provisioning QuadSPI added
2025-12-16 19:11:56,068 [INFO] HwResourcesManager:286 - provisioning FMC SDRAM Bank1 added
2025-12-16 19:11:56,071 [INFO] HwResourcesManager:286 - provisioning FMC SDRAM Bank2 added
2025-12-16 19:11:56,083 [INFO] HwResourcesManager:473 - Memory Region RAM_ITCM added without MPC
2025-12-16 19:11:56,092 [INFO] HwResourcesManager:473 - Memory Region Flash Bank1 added without MPC
2025-12-16 19:11:56,095 [INFO] HwResourcesManager:473 - Memory Region Flash Bank2 added without MPC
2025-12-16 19:11:56,105 [INFO] HwResourcesManager:473 - Memory Region System Bank1 added without MPC
2025-12-16 19:11:56,111 [INFO] HwResourcesManager:473 - Memory Region System Bank2 added without MPC
2025-12-16 19:11:56,111 [INFO] HwResourcesManager:473 - Memory Region RAM_DTCM added without MPC
2025-12-16 19:11:56,118 [INFO] HwResourcesManager:473 - Memory Region RAM_AXI added without MPC
2025-12-16 19:11:56,118 [INFO] HwResourcesManager:473 - Memory Region RAM1_AHB added without MPC
2025-12-16 19:11:56,124 [INFO] HwResourcesManager:473 - Memory Region RAM2_AHB added without MPC
2025-12-16 19:11:56,129 [INFO] HwResourcesManager:473 - Memory Region RAM3_AHB added without MPC
2025-12-16 19:11:56,131 [INFO] HwResourcesManager:473 - Memory Region RAM_AHB_D4 added without MPC
2025-12-16 19:11:56,131 [INFO] HwResourcesManager:473 - Memory Region BKPSRAM added without MPC
2025-12-16 19:11:56,173 [INFO] MemInfoExtractor$FMCInfoExtractor:920 - Cannot find FMC BANK1 start address in the info provided by HWResourceManager => Set it to the default value
2025-12-16 19:11:56,173 [INFO] MemInfoExtractor$FMCInfoExtractor:923 - Cannot find FMC SDRAM BANK1 start address in the info provided by HWResourceManager => Set it to the default value
2025-12-16 19:11:56,180 [INFO] MemInfoExtractor$OctoQuadSPIInfoExtractor:1646 - Cannot find QUADSPI start address in the info provided by HWResourceManager => Set it to the default value
2025-12-16 19:12:03,707 [INFO] CADModel:198 - CPN selected (Project mode): STM32H753ZIT6
2025-12-16 19:12:03,707 [INFO] CADModel:200 - Internet connection configuration mode: 1
2025-12-16 19:12:03,707 [INFO] CADModel:203 - rpn retrievedSTM32H753ZI
2025-12-16 19:12:03,728 [INFO] WebAppUi:336 - Instantiating new browser for Project
2025-12-16 19:12:04,158 [INFO] WebAppUi:1235 - Register for checkConnection events
2025-12-16 19:12:04,158 [INFO] WebAppUi:1270 - Apply proxy settings
2025-12-16 19:12:04,158 [INFO] WebAppUi:1308 - Chromium requires no authentication
2025-12-16 19:12:04,158 [INFO] WebAppUi:1294 - Direct internet connection detected
2025-12-16 19:12:04,167 [INFO] WebAppUi:1166 - Web application path used C:\ST\STM32CubeIDE_1.19.0\STM32CubeIDE\plugins\com.st.stm32cube.common.mx_6.15.0.202507011659\db\plugins\mcufinder\reactClient\index.html
2025-12-16 19:12:04,232 [INFO] WebAppUi:938 - Path where api_config.json is located C:\Users\Fabio Marçal\.stmcufinder\plugins\mcufinder//mcu/api_config.json
2025-12-16 19:12:04,233 [INFO] WebAppUi:939 - Setting api config in window object
2025-12-16 19:12:04,283 [WARN] WebAppUi:976 - Cannot access cad_preferences.json
2025-12-16 19:12:04,283 [WARN] WebAppUi:979 - Fallback to default consent
2025-12-16 19:12:04,290 [INFO] WebAppUi:947 - Path where cad_preferences.json is located C:\Users\Fabio Marçal/.stm32cubeide/
2025-12-16 19:12:04,290 [INFO] WebAppUi:948 - Setting consent info in window object
2025-12-16 19:12:04,974 [INFO] WebAppUi:843 - Allow Downloads
2025-12-16 19:12:04,975 [INFO] WebAppUi:336 - Instantiating new browser for Finder
2025-12-16 19:12:05,062 [INFO] WebAppUi:1100 - Web application message: [UlApiManager component] Connecting to SSO
2025-12-16 19:12:05,157 [INFO] WebAppUi:1235 - Register for checkConnection events
2025-12-16 19:12:05,158 [INFO] WebAppUi:1270 - Apply proxy settings
2025-12-16 19:12:05,158 [INFO] WebAppUi:1308 - Chromium requires no authentication
2025-12-16 19:12:05,159 [INFO] WebAppUi:1294 - Direct internet connection detected
2025-12-16 19:12:05,164 [INFO] WebAppUi:1166 - Web application path used C:\ST\STM32CubeIDE_1.19.0\STM32CubeIDE\plugins\com.st.stm32cube.common.mx_6.15.0.202507011659\db\plugins\mcufinder\reactClient\index.html
2025-12-16 19:12:05,181 [INFO] WebAppUi:938 - Path where api_config.json is located C:\Users\Fabio Marçal\.stmcufinder\plugins\mcufinder//mcu/api_config.json
2025-12-16 19:12:05,182 [INFO] WebAppUi:939 - Setting api config in window object
2025-12-16 19:12:05,219 [INFO] WebAppUi:947 - Path where cad_preferences.json is located C:\Users\Fabio Marçal/.stm32cubeide/
2025-12-16 19:12:05,219 [INFO] WebAppUi:948 - Setting consent info in window object
2025-12-16 19:12:05,657 [INFO] WebAppUi:843 - Allow Downloads
2025-12-16 19:12:05,659 [INFO] WebAppUi:664 - RPN selected STM32H753ZI
2025-12-16 19:12:05,660 [INFO] WebAppUi:665 - RefName selected STM32H753ZITx
2025-12-16 19:12:05,660 [INFO] WebAppUi:666 - CPN selected STM32H753ZIT6
2025-12-16 19:12:05,675 [INFO] WebAppUi:829 - Which Bigleton in use 2 and which CPN is about STM32H753ZIT6
2025-12-16 19:12:05,677 [INFO] WebAppUi:703 - Have injected Javascript into web application
2025-12-16 19:12:05,678 [INFO] WebAppUiContainer:153 - Web application run mode: Project CPN: STM32H753ZIT6
2025-12-16 19:12:05,774 [INFO] WebAppUi:1100 - Web application message: [UlApiManager component] Connected to Ultra Librarian SSO
2025-12-16 19:12:05,774 [INFO] WebAppUi:1100 - Web application message: [UlApiManager component] Connected to Ultra Librarian API
2025-12-16 19:12:05,806 [INFO] WebAppUi:1100 - Web application message: [UlApiManager component] Connecting to SSO
2025-12-16 19:12:06,536 [INFO] WebAppUi:1100 - Web application message: [UlApiManager component] Connected to Ultra Librarian SSO
2025-12-16 19:12:06,537 [INFO] WebAppUi:1100 - Web application message: [UlApiManager component] Connected to Ultra Librarian API
2025-12-16 19:12:07,179 [INFO] WebAppUi:1100 - Web application message: CAD resources feature launch attempt
2025-12-16 19:12:09,184 [INFO] WebAppUi:938 - Path where api_config.json is located C:\Users\Fabio Marçal\.stmcufinder\plugins\mcufinder//mcu/api_config.json
2025-12-16 19:12:09,185 [INFO] WebAppUi:939 - Setting api config in window object
2025-12-16 19:12:09,226 [INFO] WebAppUi:947 - Path where cad_preferences.json is located C:\Users\Fabio Marçal/.stm32cubeide/
2025-12-16 19:12:09,227 [INFO] WebAppUi:948 - Setting consent info in window object
2025-12-16 19:12:09,776 [INFO] CADModel:198 - CPN selected (Project mode): STM32H753ZIT6
2025-12-16 19:12:09,777 [INFO] CADModel:200 - Internet connection configuration mode: 1
2025-12-16 19:12:09,777 [INFO] CADModel:203 - rpn retrievedSTM32H753ZI
2025-12-16 19:12:09,778 [INFO] WebAppUi:664 - RPN selected STM32H753ZI
2025-12-16 19:12:09,778 [INFO] WebAppUi:665 - RefName selected STM32H753ZITx
2025-12-16 19:12:09,778 [INFO] WebAppUi:666 - CPN selected STM32H753ZIT6
2025-12-16 19:12:09,781 [INFO] WebAppUi:829 - Which Bigleton in use 2 and which CPN is about STM32H753ZIT6
2025-12-16 19:12:09,784 [INFO] WebAppUi:703 - Have injected Javascript into web application
2025-12-16 19:12:09,785 [INFO] WebAppUiContainer:153 - Web application run mode: Project CPN: STM32H753ZIT6
2025-12-16 19:12:16,664 [INFO] WebAppUi:1100 - Web application message: THREE.WebGLRenderer 101
2025-12-16 19:12:53,885 [INFO] UtilMem:75 - End SaveConfig() Used Memory: 868149088 Bytes (1073741824)
2025-12-16 19:12:54,953 [INFO] UtilMem:75 - End SaveConfig() Used Memory: 906420688 Bytes (1073741824)
2025-12-16 19:12:57,245 [INFO] UtilMem:75 - End SaveConfig() Used Memory: 793901720 Bytes (1073741824)
2025-12-16 19:12:57,806 [INFO] BlockDiagram:2775 - set Specific Code input for plugin: DFSDM
2025-12-16 19:12:57,806 [INFO] BlockDiagram:2775 - set Specific Code input for plugin: RCC
2025-12-16 19:12:57,806 [INFO] BlockDiagram:2775 - set Specific Code input for plugin: NUCLEO-H753ZI
2025-12-16 19:12:57,806 [INFO] BlockDiagram:2775 - set Specific Code input for plugin: DAC
2025-12-16 19:12:57,806 [INFO] BlockDiagram:2775 - set Specific Code input for plugin: MEMORYMAP
2025-12-16 19:12:57,806 [INFO] BlockDiagram:2775 - set Specific Code input for plugin: SYS
2025-12-16 19:12:57,806 [INFO] BlockDiagram:2775 - set Specific Code input for plugin: NVIC
2025-12-16 19:12:57,806 [INFO] BlockDiagram:2775 - set Specific Code input for plugin: DMA
2025-12-16 19:12:57,807 [INFO] BlockDiagram:2775 - set Specific Code input for plugin: GPIO
2025-12-16 19:12:57,808 [INFO] CodeGenerator:892 - code generatio: config db path: C:\ST\STM32CubeIDE_1.19.0\STM32CubeIDE\plugins\com.st.stm32cube.common.mx_6.15.0.202507011659\\db\
2025-12-16 19:12:57,809 [ERROR] IocParser:95 - Exception caught: null
2025-12-16 19:12:57,811 [INFO] Argument:325 - Argument : hdmavalue: null
2025-12-16 19:12:57,812 [INFO] Argument:327 - 	 sub Args: 
2025-12-16 19:12:57,812 [INFO] Argument:325 - Argument : Instancevalue: DMA1_Stream2
2025-12-16 19:12:57,812 [INFO] Argument:335 - Argument : Instancevalue: DMA1_Stream2
2025-12-16 19:12:57,812 [INFO] Argument:325 - Argument : Initvalue: null
2025-12-16 19:12:57,812 [INFO] Argument:327 - 	 sub Args: 
2025-12-16 19:12:57,812 [INFO] Argument:325 - Argument : Requestvalue: DMA_REQUEST_DAC1
2025-12-16 19:12:57,812 [INFO] Argument:335 - Argument : Requestvalue: DMA_REQUEST_DAC1
2025-12-16 19:12:57,812 [INFO] Argument:325 - Argument : Directionvalue: DMA_MEMORY_TO_PERIPH
2025-12-16 19:12:57,812 [INFO] Argument:335 - Argument : Directionvalue: DMA_MEMORY_TO_PERIPH
2025-12-16 19:12:57,812 [INFO] Argument:325 - Argument : PeriphIncvalue: DMA_PINC_DISABLE
2025-12-16 19:12:57,812 [INFO] Argument:335 - Argument : PeriphIncvalue: DMA_PINC_DISABLE
2025-12-16 19:12:57,812 [INFO] Argument:325 - Argument : MemIncvalue: DMA_MINC_ENABLE
2025-12-16 19:12:57,812 [INFO] Argument:335 - Argument : MemIncvalue: DMA_MINC_ENABLE
2025-12-16 19:12:57,812 [INFO] Argument:325 - Argument : PeriphDataAlignmentvalue: DMA_PDATAALIGN_BYTE
2025-12-16 19:12:57,812 [INFO] Argument:335 - Argument : PeriphDataAlignmentvalue: DMA_PDATAALIGN_BYTE
2025-12-16 19:12:57,812 [INFO] Argument:325 - Argument : MemDataAlignmentvalue: DMA_MDATAALIGN_BYTE
2025-12-16 19:12:57,812 [INFO] Argument:335 - Argument : MemDataAlignmentvalue: DMA_MDATAALIGN_BYTE
2025-12-16 19:12:57,812 [INFO] Argument:325 - Argument : Modevalue: DMA_CIRCULAR
2025-12-16 19:12:57,812 [INFO] Argument:335 - Argument : Modevalue: DMA_CIRCULAR
2025-12-16 19:12:57,812 [INFO] Argument:325 - Argument : Priorityvalue: DMA_PRIORITY_LOW
2025-12-16 19:12:57,812 [INFO] Argument:335 - Argument : Priorityvalue: DMA_PRIORITY_LOW
2025-12-16 19:12:57,812 [INFO] Argument:325 - Argument : FIFOModevalue: DMA_FIFOMODE_DISABLE
2025-12-16 19:12:57,812 [INFO] Argument:335 - Argument : FIFOModevalue: DMA_FIFOMODE_DISABLE
2025-12-16 19:12:57,812 [INFO] Argument:325 - Argument : FIFOThresholdvalue: null
2025-12-16 19:12:57,812 [INFO] Argument:335 - Argument : FIFOThresholdvalue: null
2025-12-16 19:12:57,812 [INFO] Argument:325 - Argument : MemBurstvalue: null
2025-12-16 19:12:57,812 [INFO] Argument:335 - Argument : MemBurstvalue: null
2025-12-16 19:12:57,812 [INFO] Argument:325 - Argument : PeriphBurstvalue: null
2025-12-16 19:12:57,812 [INFO] Argument:335 - Argument : PeriphBurstvalue: null
2025-12-16 19:12:57,812 [INFO] Argument:325 - Argument : Lockvalue: null
2025-12-16 19:12:57,813 [INFO] Argument:335 - Argument : Lockvalue: null
2025-12-16 19:12:57,813 [INFO] Argument:325 - Argument : Statevalue: null
2025-12-16 19:12:57,813 [INFO] Argument:335 - Argument : Statevalue: null
2025-12-16 19:12:57,813 [INFO] Argument:325 - Argument : Parentvalue: null
2025-12-16 19:12:57,813 [INFO] Argument:335 - Argument : Parentvalue: null
2025-12-16 19:12:57,813 [INFO] Argument:325 - Argument : XferCpltCallbackvalue: null
2025-12-16 19:12:57,813 [INFO] Argument:335 - Argument : XferCpltCallbackvalue: null
2025-12-16 19:12:57,813 [INFO] Argument:325 - Argument : XferHalfCpltCallbackvalue: null
2025-12-16 19:12:57,813 [INFO] Argument:335 - Argument : XferHalfCpltCallbackvalue: null
2025-12-16 19:12:57,813 [INFO] Argument:325 - Argument : XferM1CpltCallbackvalue: null
2025-12-16 19:12:57,813 [INFO] Argument:335 - Argument : XferM1CpltCallbackvalue: null
2025-12-16 19:12:57,813 [INFO] Argument:325 - Argument : XferM1HalfCpltCallbackvalue: null
2025-12-16 19:12:57,813 [INFO] Argument:335 - Argument : XferM1HalfCpltCallbackvalue: null
2025-12-16 19:12:57,813 [INFO] Argument:325 - Argument : XferErrorCallbackvalue: null
2025-12-16 19:12:57,813 [INFO] Argument:335 - Argument : XferErrorCallbackvalue: null
2025-12-16 19:12:57,813 [INFO] Argument:325 - Argument : XferAbortCallbackvalue: null
2025-12-16 19:12:57,813 [INFO] Argument:335 - Argument : XferAbortCallbackvalue: null
2025-12-16 19:12:57,813 [INFO] Argument:325 - Argument : ErrorCodevalue: null
2025-12-16 19:12:57,813 [INFO] Argument:335 - Argument : ErrorCodevalue: null
2025-12-16 19:12:57,813 [INFO] Argument:325 - Argument : StreamBaseAddressvalue: null
2025-12-16 19:12:57,813 [INFO] Argument:335 - Argument : StreamBaseAddressvalue: null
2025-12-16 19:12:57,813 [INFO] Argument:325 - Argument : StreamIndexvalue: null
2025-12-16 19:12:57,813 [INFO] Argument:335 - Argument : StreamIndexvalue: null
2025-12-16 19:12:57,872 [INFO] Argument:325 - Argument : hdmavalue: null
2025-12-16 19:12:57,872 [INFO] Argument:327 - 	 sub Args: 
2025-12-16 19:12:57,872 [INFO] Argument:325 - Argument : Instancevalue: DMA1_Stream0
2025-12-16 19:12:57,872 [INFO] Argument:335 - Argument : Instancevalue: DMA1_Stream0
2025-12-16 19:12:57,872 [INFO] Argument:325 - Argument : Initvalue: null
2025-12-16 19:12:57,872 [INFO] Argument:327 - 	 sub Args: 
2025-12-16 19:12:57,872 [INFO] Argument:325 - Argument : Requestvalue: DMA_REQUEST_DFSDM1_FLT0
2025-12-16 19:12:57,872 [INFO] Argument:335 - Argument : Requestvalue: DMA_REQUEST_DFSDM1_FLT0
2025-12-16 19:12:57,872 [INFO] Argument:325 - Argument : Directionvalue: DMA_PERIPH_TO_MEMORY
2025-12-16 19:12:57,872 [INFO] Argument:335 - Argument : Directionvalue: DMA_PERIPH_TO_MEMORY
2025-12-16 19:12:57,872 [INFO] Argument:325 - Argument : PeriphIncvalue: DMA_PINC_DISABLE
2025-12-16 19:12:57,872 [INFO] Argument:335 - Argument : PeriphIncvalue: DMA_PINC_DISABLE
2025-12-16 19:12:57,872 [INFO] Argument:325 - Argument : MemIncvalue: DMA_MINC_ENABLE
2025-12-16 19:12:57,872 [INFO] Argument:335 - Argument : MemIncvalue: DMA_MINC_ENABLE
2025-12-16 19:12:57,872 [INFO] Argument:325 - Argument : PeriphDataAlignmentvalue: DMA_PDATAALIGN_BYTE
2025-12-16 19:12:57,872 [INFO] Argument:335 - Argument : PeriphDataAlignmentvalue: DMA_PDATAALIGN_BYTE
2025-12-16 19:12:57,872 [INFO] Argument:325 - Argument : MemDataAlignmentvalue: DMA_MDATAALIGN_BYTE
2025-12-16 19:12:57,872 [INFO] Argument:335 - Argument : MemDataAlignmentvalue: DMA_MDATAALIGN_BYTE
2025-12-16 19:12:57,872 [INFO] Argument:325 - Argument : Modevalue: DMA_CIRCULAR
2025-12-16 19:12:57,872 [INFO] Argument:335 - Argument : Modevalue: DMA_CIRCULAR
2025-12-16 19:12:57,872 [INFO] Argument:325 - Argument : Priorityvalue: DMA_PRIORITY_LOW
2025-12-16 19:12:57,872 [INFO] Argument:335 - Argument : Priorityvalue: DMA_PRIORITY_LOW
2025-12-16 19:12:57,872 [INFO] Argument:325 - Argument : FIFOModevalue: DMA_FIFOMODE_DISABLE
2025-12-16 19:12:57,872 [INFO] Argument:335 - Argument : FIFOModevalue: DMA_FIFOMODE_DISABLE
2025-12-16 19:12:57,872 [INFO] Argument:325 - Argument : FIFOThresholdvalue: null
2025-12-16 19:12:57,872 [INFO] Argument:335 - Argument : FIFOThresholdvalue: null
2025-12-16 19:12:57,872 [INFO] Argument:325 - Argument : MemBurstvalue: null
2025-12-16 19:12:57,872 [INFO] Argument:335 - Argument : MemBurstvalue: null
2025-12-16 19:12:57,872 [INFO] Argument:325 - Argument : PeriphBurstvalue: null
2025-12-16 19:12:57,872 [INFO] Argument:335 - Argument : PeriphBurstvalue: null
2025-12-16 19:12:57,872 [INFO] Argument:325 - Argument : Lockvalue: null
2025-12-16 19:12:57,872 [INFO] Argument:335 - Argument : Lockvalue: null
2025-12-16 19:12:57,872 [INFO] Argument:325 - Argument : Statevalue: null
2025-12-16 19:12:57,872 [INFO] Argument:335 - Argument : Statevalue: null
2025-12-16 19:12:57,872 [INFO] Argument:325 - Argument : Parentvalue: null
2025-12-16 19:12:57,872 [INFO] Argument:335 - Argument : Parentvalue: null
2025-12-16 19:12:57,872 [INFO] Argument:325 - Argument : XferCpltCallbackvalue: null
2025-12-16 19:12:57,872 [INFO] Argument:335 - Argument : XferCpltCallbackvalue: null
2025-12-16 19:12:57,872 [INFO] Argument:325 - Argument : XferHalfCpltCallbackvalue: null
2025-12-16 19:12:57,872 [INFO] Argument:335 - Argument : XferHalfCpltCallbackvalue: null
2025-12-16 19:12:57,872 [INFO] Argument:325 - Argument : XferM1CpltCallbackvalue: null
2025-12-16 19:12:57,872 [INFO] Argument:335 - Argument : XferM1CpltCallbackvalue: null
2025-12-16 19:12:57,872 [INFO] Argument:325 - Argument : XferM1HalfCpltCallbackvalue: null
2025-12-16 19:12:57,872 [INFO] Argument:335 - Argument : XferM1HalfCpltCallbackvalue: null
2025-12-16 19:12:57,872 [INFO] Argument:325 - Argument : XferErrorCallbackvalue: null
2025-12-16 19:12:57,872 [INFO] Argument:335 - Argument : XferErrorCallbackvalue: null
2025-12-16 19:12:57,872 [INFO] Argument:325 - Argument : XferAbortCallbackvalue: null
2025-12-16 19:12:57,872 [INFO] Argument:335 - Argument : XferAbortCallbackvalue: null
2025-12-16 19:12:57,872 [INFO] Argument:325 - Argument : ErrorCodevalue: null
2025-12-16 19:12:57,872 [INFO] Argument:335 - Argument : ErrorCodevalue: null
2025-12-16 19:12:57,872 [INFO] Argument:325 - Argument : StreamBaseAddressvalue: null
2025-12-16 19:12:57,872 [INFO] Argument:335 - Argument : StreamBaseAddressvalue: null
2025-12-16 19:12:57,872 [INFO] Argument:325 - Argument : StreamIndexvalue: null
2025-12-16 19:12:57,872 [INFO] Argument:335 - Argument : StreamIndexvalue: null
2025-12-16 19:12:57,872 [INFO] Argument:325 - Argument : hdmavalue: null
2025-12-16 19:12:57,872 [INFO] Argument:327 - 	 sub Args: 
2025-12-16 19:12:57,872 [INFO] Argument:325 - Argument : Instancevalue: DMA1_Stream1
2025-12-16 19:12:57,872 [INFO] Argument:335 - Argument : Instancevalue: DMA1_Stream1
2025-12-16 19:12:57,872 [INFO] Argument:325 - Argument : Initvalue: null
2025-12-16 19:12:57,872 [INFO] Argument:327 - 	 sub Args: 
2025-12-16 19:12:57,872 [INFO] Argument:325 - Argument : Requestvalue: DMA_REQUEST_DFSDM1_FLT1
2025-12-16 19:12:57,872 [INFO] Argument:335 - Argument : Requestvalue: DMA_REQUEST_DFSDM1_FLT1
2025-12-16 19:12:57,872 [INFO] Argument:325 - Argument : Directionvalue: DMA_PERIPH_TO_MEMORY
2025-12-16 19:12:57,872 [INFO] Argument:335 - Argument : Directionvalue: DMA_PERIPH_TO_MEMORY
2025-12-16 19:12:57,872 [INFO] Argument:325 - Argument : PeriphIncvalue: DMA_PINC_DISABLE
2025-12-16 19:12:57,872 [INFO] Argument:335 - Argument : PeriphIncvalue: DMA_PINC_DISABLE
2025-12-16 19:12:57,872 [INFO] Argument:325 - Argument : MemIncvalue: DMA_MINC_ENABLE
2025-12-16 19:12:57,872 [INFO] Argument:335 - Argument : MemIncvalue: DMA_MINC_ENABLE
2025-12-16 19:12:57,872 [INFO] Argument:325 - Argument : PeriphDataAlignmentvalue: DMA_PDATAALIGN_BYTE
2025-12-16 19:12:57,872 [INFO] Argument:335 - Argument : PeriphDataAlignmentvalue: DMA_PDATAALIGN_BYTE
2025-12-16 19:12:57,872 [INFO] Argument:325 - Argument : MemDataAlignmentvalue: DMA_MDATAALIGN_BYTE
2025-12-16 19:12:57,872 [INFO] Argument:335 - Argument : MemDataAlignmentvalue: DMA_MDATAALIGN_BYTE
2025-12-16 19:12:57,872 [INFO] Argument:325 - Argument : Modevalue: DMA_CIRCULAR
2025-12-16 19:12:57,872 [INFO] Argument:335 - Argument : Modevalue: DMA_CIRCULAR
2025-12-16 19:12:57,872 [INFO] Argument:325 - Argument : Priorityvalue: DMA_PRIORITY_LOW
2025-12-16 19:12:57,872 [INFO] Argument:335 - Argument : Priorityvalue: DMA_PRIORITY_LOW
2025-12-16 19:12:57,872 [INFO] Argument:325 - Argument : FIFOModevalue: DMA_FIFOMODE_DISABLE
2025-12-16 19:12:57,872 [INFO] Argument:335 - Argument : FIFOModevalue: DMA_FIFOMODE_DISABLE
2025-12-16 19:12:57,872 [INFO] Argument:325 - Argument : FIFOThresholdvalue: null
2025-12-16 19:12:57,872 [INFO] Argument:335 - Argument : FIFOThresholdvalue: null
2025-12-16 19:12:57,872 [INFO] Argument:325 - Argument : MemBurstvalue: null
2025-12-16 19:12:57,872 [INFO] Argument:335 - Argument : MemBurstvalue: null
2025-12-16 19:12:57,872 [INFO] Argument:325 - Argument : PeriphBurstvalue: null
2025-12-16 19:12:57,872 [INFO] Argument:335 - Argument : PeriphBurstvalue: null
2025-12-16 19:12:57,872 [INFO] Argument:325 - Argument : Lockvalue: null
2025-12-16 19:12:57,872 [INFO] Argument:335 - Argument : Lockvalue: null
2025-12-16 19:12:57,872 [INFO] Argument:325 - Argument : Statevalue: null
2025-12-16 19:12:57,872 [INFO] Argument:335 - Argument : Statevalue: null
2025-12-16 19:12:57,872 [INFO] Argument:325 - Argument : Parentvalue: null
2025-12-16 19:12:57,872 [INFO] Argument:335 - Argument : Parentvalue: null
2025-12-16 19:12:57,872 [INFO] Argument:325 - Argument : XferCpltCallbackvalue: null
2025-12-16 19:12:57,872 [INFO] Argument:335 - Argument : XferCpltCallbackvalue: null
2025-12-16 19:12:57,872 [INFO] Argument:325 - Argument : XferHalfCpltCallbackvalue: null
2025-12-16 19:12:57,872 [INFO] Argument:335 - Argument : XferHalfCpltCallbackvalue: null
2025-12-16 19:12:57,872 [INFO] Argument:325 - Argument : XferM1CpltCallbackvalue: null
2025-12-16 19:12:57,872 [INFO] Argument:335 - Argument : XferM1CpltCallbackvalue: null
2025-12-16 19:12:57,872 [INFO] Argument:325 - Argument : XferM1HalfCpltCallbackvalue: null
2025-12-16 19:12:57,872 [INFO] Argument:335 - Argument : XferM1HalfCpltCallbackvalue: null
2025-12-16 19:12:57,872 [INFO] Argument:325 - Argument : XferErrorCallbackvalue: null
2025-12-16 19:12:57,872 [INFO] Argument:335 - Argument : XferErrorCallbackvalue: null
2025-12-16 19:12:57,872 [INFO] Argument:325 - Argument : XferAbortCallbackvalue: null
2025-12-16 19:12:57,872 [INFO] Argument:335 - Argument : XferAbortCallbackvalue: null
2025-12-16 19:12:57,872 [INFO] Argument:325 - Argument : ErrorCodevalue: null
2025-12-16 19:12:57,872 [INFO] Argument:335 - Argument : ErrorCodevalue: null
2025-12-16 19:12:57,872 [INFO] Argument:325 - Argument : StreamBaseAddressvalue: null
2025-12-16 19:12:57,872 [INFO] Argument:335 - Argument : StreamBaseAddressvalue: null
2025-12-16 19:12:57,872 [INFO] Argument:325 - Argument : StreamIndexvalue: null
2025-12-16 19:12:57,872 [INFO] Argument:335 - Argument : StreamIndexvalue: null
2025-12-16 19:12:58,185 [INFO] CodeEngine:265 - oldGeneratedFile, C:\FabioAugusto\ESISAR\5A\PX505\PoLiNoM\stm32\PoLiNoM\MXTmpFiles\license.tmp_save
2025-12-16 19:12:58,434 [INFO] CodeEngine:289 - Generated code: C:\FabioAugusto\ESISAR\5A\PX505\PoLiNoM\stm32\PoLiNoM\MXTmpFiles\license.tmp
2025-12-16 19:12:58,531 [INFO] CodeEngine:265 - oldGeneratedFile, C:\FabioAugusto\ESISAR\5A\PX505\PoLiNoM\stm32\PoLiNoM\MXTmpFiles\gpio.tmp_save
2025-12-16 19:12:58,693 [INFO] CodeEngine:289 - Generated code: C:\FabioAugusto\ESISAR\5A\PX505\PoLiNoM\stm32\PoLiNoM\MXTmpFiles\gpio.tmp
2025-12-16 19:12:59,079 [WARN] IPConfigManager:103 - WARNING: Missing Config File for MEMORYMAP ip!!
2025-12-16 19:12:59,081 [WARN] IP:2250 - DefaultDataRegion not found: check if there is a RefParameter without a condition.
2025-12-16 19:12:59,189 [INFO] CodeEngine:265 - oldGeneratedFile, C:\FabioAugusto\ESISAR\5A\PX505\PoLiNoM\stm32\PoLiNoM\MXTmpFiles\cortex.tmp_save
2025-12-16 19:12:59,340 [INFO] CodeEngine:289 - Generated code: C:\FabioAugusto\ESISAR\5A\PX505\PoLiNoM\stm32\PoLiNoM\MXTmpFiles\cortex.tmp
2025-12-16 19:12:59,395 [INFO] CodeEngine:265 - oldGeneratedFile, C:\FabioAugusto\ESISAR\5A\PX505\PoLiNoM\stm32\PoLiNoM\MXTmpFiles\dma.tmp_save
2025-12-16 19:12:59,523 [INFO] CodeEngine:289 - Generated code: C:\FabioAugusto\ESISAR\5A\PX505\PoLiNoM\stm32\PoLiNoM\MXTmpFiles\dma.tmp
2025-12-16 19:12:59,532 [INFO] CodeEngine:265 - oldGeneratedFile, C:\FabioAugusto\ESISAR\5A\PX505\PoLiNoM\stm32\PoLiNoM\MXTmpFiles\dma_GV.tmp_save
2025-12-16 19:12:59,602 [INFO] CodeEngine:289 - Generated code: C:\FabioAugusto\ESISAR\5A\PX505\PoLiNoM\stm32\PoLiNoM\MXTmpFiles\dma_GV.tmp
2025-12-16 19:12:59,622 [INFO] CodeEngine:265 - oldGeneratedFile, C:\FabioAugusto\ESISAR\5A\PX505\PoLiNoM\stm32\PoLiNoM\Core\Inc\stm32h7xx_nucleo_conf.h_save
2025-12-16 19:12:59,745 [INFO] CodeEngine:289 - Generated code: C:\FabioAugusto\ESISAR\5A\PX505\PoLiNoM\stm32\PoLiNoM\Core\Inc\stm32h7xx_nucleo_conf.h
2025-12-16 19:12:59,752 [INFO] CodeEngine:265 - oldGeneratedFile, C:\FabioAugusto\ESISAR\5A\PX505\PoLiNoM\stm32\PoLiNoM\MXTmpFiles\bsp_inc.tmp_save
2025-12-16 19:12:59,854 [INFO] CodeEngine:289 - Generated code: C:\FabioAugusto\ESISAR\5A\PX505\PoLiNoM\stm32\PoLiNoM\MXTmpFiles\bsp_inc.tmp
2025-12-16 19:12:59,864 [INFO] CodeEngine:265 - oldGeneratedFile, C:\FabioAugusto\ESISAR\5A\PX505\PoLiNoM\stm32\PoLiNoM\MXTmpFiles\bsp_common_vars.tmp_save
2025-12-16 19:12:59,962 [INFO] CodeEngine:289 - Generated code: C:\FabioAugusto\ESISAR\5A\PX505\PoLiNoM\stm32\PoLiNoM\MXTmpFiles\bsp_common_vars.tmp
2025-12-16 19:12:59,989 [INFO] CodeEngine:265 - oldGeneratedFile, C:\FabioAugusto\ESISAR\5A\PX505\PoLiNoM\stm32\PoLiNoM\MXTmpFiles\bsp_common_init.tmp_save
2025-12-16 19:13:00,087 [INFO] CodeEngine:289 - Generated code: C:\FabioAugusto\ESISAR\5A\PX505\PoLiNoM\stm32\PoLiNoM\MXTmpFiles\bsp_common_init.tmp
2025-12-16 19:13:00,100 [INFO] CodeEngine:265 - oldGeneratedFile, C:\FabioAugusto\ESISAR\5A\PX505\PoLiNoM\stm32\PoLiNoM\MXTmpFiles\bsp_common_demo_before_while.tmp_save
2025-12-16 19:13:00,177 [INFO] CodeEngine:289 - Generated code: C:\FabioAugusto\ESISAR\5A\PX505\PoLiNoM\stm32\PoLiNoM\MXTmpFiles\bsp_common_demo_before_while.tmp
2025-12-16 19:13:00,188 [INFO] CodeEngine:265 - oldGeneratedFile, C:\FabioAugusto\ESISAR\5A\PX505\PoLiNoM\stm32\PoLiNoM\MXTmpFiles\bsp_common_demo_inside_while.tmp_save
2025-12-16 19:13:00,255 [INFO] CodeEngine:289 - Generated code: C:\FabioAugusto\ESISAR\5A\PX505\PoLiNoM\stm32\PoLiNoM\MXTmpFiles\bsp_common_demo_inside_while.tmp
2025-12-16 19:13:00,260 [INFO] CodeEngine:265 - oldGeneratedFile, C:\FabioAugusto\ESISAR\5A\PX505\PoLiNoM\stm32\PoLiNoM\MXTmpFiles\bsp_common_demo_fct.tmp_save
2025-12-16 19:13:00,316 [INFO] CodeEngine:289 - Generated code: C:\FabioAugusto\ESISAR\5A\PX505\PoLiNoM\stm32\PoLiNoM\MXTmpFiles\bsp_common_demo_fct.tmp
2025-12-16 19:13:00,337 [INFO] CodeEngine:265 - oldGeneratedFile, C:\FabioAugusto\ESISAR\5A\PX505\PoLiNoM\stm32\PoLiNoM\Core\Src\stm32h7xx_it.c_save
2025-12-16 19:13:00,573 [INFO] CodeEngine:289 - Generated code: C:\FabioAugusto\ESISAR\5A\PX505\PoLiNoM\stm32\PoLiNoM\Core\Src\stm32h7xx_it.c
2025-12-16 19:13:00,587 [INFO] CodeEngine:265 - oldGeneratedFile, C:\FabioAugusto\ESISAR\5A\PX505\PoLiNoM\stm32\PoLiNoM\Core\Inc\stm32h7xx_it.h_save
2025-12-16 19:13:00,651 [INFO] CodeEngine:289 - Generated code: C:\FabioAugusto\ESISAR\5A\PX505\PoLiNoM\stm32\PoLiNoM\Core\Inc\stm32h7xx_it.h
2025-12-16 19:13:00,719 [INFO] CodeEngine:265 - oldGeneratedFile, C:\FabioAugusto\ESISAR\5A\PX505\PoLiNoM\stm32\PoLiNoM\Core\Src\stm32h7xx_hal_msp.c_save
2025-12-16 19:13:00,947 [INFO] CodeEngine:289 - Generated code: C:\FabioAugusto\ESISAR\5A\PX505\PoLiNoM\stm32\PoLiNoM\Core\Src\stm32h7xx_hal_msp.c
2025-12-16 19:13:00,953 [INFO] CodeEngine:265 - oldGeneratedFile, C:\FabioAugusto\ESISAR\5A\PX505\PoLiNoM\stm32\PoLiNoM\MXTmpFiles\system.tmp_save
2025-12-16 19:13:01,016 [INFO] CodeEngine:289 - Generated code: C:\FabioAugusto\ESISAR\5A\PX505\PoLiNoM\stm32\PoLiNoM\MXTmpFiles\system.tmp
2025-12-16 19:13:01,032 [INFO] CodeEngine:321 - oldGeneratedFile, C:\FabioAugusto\ESISAR\5A\PX505\PoLiNoM\stm32\PoLiNoM\Core\Inc\stm32h7xx_hal_conf.h_save
2025-12-16 19:13:01,188 [INFO] CodeEngine:345 - Generated code: C:\FabioAugusto\ESISAR\5A\PX505\PoLiNoM\stm32\PoLiNoM\Core\Inc\stm32h7xx_hal_conf.h
2025-12-16 19:13:01,236 [INFO] ApiDbMcu:532 - Load IP Config File for DAC1
2025-12-16 19:13:01,249 [INFO] ApiDbMcu:532 - Load IP Config File for DFSDM1
2025-12-16 19:13:01,255 [INFO] ApiDbMcu:532 - Load IP Config File for RCC
2025-12-16 19:13:01,272 [INFO] CodeEngine:265 - oldGeneratedFile, C:\FabioAugusto\ESISAR\5A\PX505\PoLiNoM\stm32\PoLiNoM\Core\Inc\main.h_save
2025-12-16 19:13:01,416 [INFO] CodeEngine:289 - Generated code: C:\FabioAugusto\ESISAR\5A\PX505\PoLiNoM\stm32\PoLiNoM\Core\Inc\main.h
2025-12-16 19:13:01,423 [INFO] CodeEngine:265 - oldGeneratedFile, C:\FabioAugusto\ESISAR\5A\PX505\PoLiNoM\stm32\PoLiNoM\Core\Src\main.c_save
2025-12-16 19:13:01,590 [INFO] CodeEngine:289 - Generated code: C:\FabioAugusto\ESISAR\5A\PX505\PoLiNoM\stm32\PoLiNoM\Core\Src\main.c
2025-12-16 19:13:01,776 [INFO] ProjectBuilder:3606 - Time for Copy HAL[2] : 45mS.
2025-12-16 19:13:01,781 [INFO] ProjectBuilder:5216 - Project Generator version: 4.7.0-B52
2025-12-16 19:13:01,850 [INFO] ConfigFileManager:1595 - The Die is : DIE450
2025-12-16 19:13:01,853 [INFO] ApiDbMcu:532 - Load IP Config File for FATFS
2025-12-16 19:13:01,858 [INFO] ApiDbMcu:532 - Load IP Config File for FREERTOS
2025-12-16 19:13:01,862 [INFO] ApiDbMcu:532 - Load IP Config File for LIBJPEG
2025-12-16 19:13:01,868 [INFO] ApiDbMcu:532 - Load IP Config File for LWIP
2025-12-16 19:13:01,874 [INFO] ApiDbMcu:532 - Load IP Config File for MBEDTLS
2025-12-16 19:13:01,880 [INFO] ApiDbMcu:532 - Load IP Config File for USB_DEVICE
2025-12-16 19:13:01,883 [INFO] ApiDbMcu:532 - Load IP Config File for USB_HOST
2025-12-16 19:13:03,831 [INFO] ProjectBuilder:5496 - Time for Generating toolchain IDE Files: 2050mS.
2025-12-16 19:13:03,834 [INFO] ProjectBuilder:3463 - Time for Copy CMSIS : 3mS.
2025-12-16 19:13:03,838 [INFO] ProjectBuilder:3463 - Time for Copy CMSIS : 2mS.
2025-12-16 19:13:33,540 [INFO] UtilMem:75 - End SaveConfig() Used Memory: 995414080 Bytes (1073741824)
2025-12-16 19:13:34,120 [ERROR] IocParser:95 - Exception caught: null
2025-12-16 19:13:34,426 [INFO] UtilMem:75 - End SaveConfig() Used Memory: 819819048 Bytes (1073741824)
2025-12-16 19:13:35,850 [INFO] UtilMem:75 - End SaveConfig() Used Memory: 878539304 Bytes (1073741824)
2025-12-16 19:13:36,042 [INFO] BlockDiagram:2775 - set Specific Code input for plugin: DFSDM
2025-12-16 19:13:36,044 [INFO] BlockDiagram:2775 - set Specific Code input for plugin: RCC
2025-12-16 19:13:36,044 [INFO] BlockDiagram:2775 - set Specific Code input for plugin: NUCLEO-H753ZI
2025-12-16 19:13:36,044 [INFO] BlockDiagram:2775 - set Specific Code input for plugin: DAC
2025-12-16 19:13:36,044 [INFO] BlockDiagram:2775 - set Specific Code input for plugin: MEMORYMAP
2025-12-16 19:13:36,044 [INFO] BlockDiagram:2775 - set Specific Code input for plugin: SYS
2025-12-16 19:13:36,044 [INFO] BlockDiagram:2775 - set Specific Code input for plugin: NVIC
2025-12-16 19:13:36,044 [INFO] BlockDiagram:2775 - set Specific Code input for plugin: DMA
2025-12-16 19:13:36,044 [INFO] BlockDiagram:2775 - set Specific Code input for plugin: GPIO
2025-12-16 19:13:36,048 [INFO] CodeGenerator:892 - code generatio: config db path: C:\ST\STM32CubeIDE_1.19.0\STM32CubeIDE\plugins\com.st.stm32cube.common.mx_6.15.0.202507011659\\db\
2025-12-16 19:13:36,054 [INFO] Argument:325 - Argument : hdmavalue: null
2025-12-16 19:13:36,054 [INFO] Argument:327 - 	 sub Args: 
2025-12-16 19:13:36,054 [INFO] Argument:325 - Argument : Instancevalue: DMA1_Stream2
2025-12-16 19:13:36,054 [INFO] Argument:335 - Argument : Instancevalue: DMA1_Stream2
2025-12-16 19:13:36,054 [INFO] Argument:325 - Argument : Initvalue: null
2025-12-16 19:13:36,054 [INFO] Argument:327 - 	 sub Args: 
2025-12-16 19:13:36,054 [INFO] Argument:325 - Argument : Requestvalue: DMA_REQUEST_DAC1
2025-12-16 19:13:36,054 [INFO] Argument:335 - Argument : Requestvalue: DMA_REQUEST_DAC1
2025-12-16 19:13:36,054 [INFO] Argument:325 - Argument : Directionvalue: DMA_MEMORY_TO_PERIPH
2025-12-16 19:13:36,054 [INFO] Argument:335 - Argument : Directionvalue: DMA_MEMORY_TO_PERIPH
2025-12-16 19:13:36,054 [INFO] Argument:325 - Argument : PeriphIncvalue: DMA_PINC_DISABLE
2025-12-16 19:13:36,055 [INFO] Argument:335 - Argument : PeriphIncvalue: DMA_PINC_DISABLE
2025-12-16 19:13:36,055 [INFO] Argument:325 - Argument : MemIncvalue: DMA_MINC_ENABLE
2025-12-16 19:13:36,055 [INFO] Argument:335 - Argument : MemIncvalue: DMA_MINC_ENABLE
2025-12-16 19:13:36,055 [INFO] Argument:325 - Argument : PeriphDataAlignmentvalue: DMA_PDATAALIGN_BYTE
2025-12-16 19:13:36,055 [INFO] Argument:335 - Argument : PeriphDataAlignmentvalue: DMA_PDATAALIGN_BYTE
2025-12-16 19:13:36,055 [INFO] Argument:325 - Argument : MemDataAlignmentvalue: DMA_MDATAALIGN_BYTE
2025-12-16 19:13:36,055 [INFO] Argument:335 - Argument : MemDataAlignmentvalue: DMA_MDATAALIGN_BYTE
2025-12-16 19:13:36,055 [INFO] Argument:325 - Argument : Modevalue: DMA_CIRCULAR
2025-12-16 19:13:36,055 [INFO] Argument:335 - Argument : Modevalue: DMA_CIRCULAR
2025-12-16 19:13:36,055 [INFO] Argument:325 - Argument : Priorityvalue: DMA_PRIORITY_LOW
2025-12-16 19:13:36,055 [INFO] Argument:335 - Argument : Priorityvalue: DMA_PRIORITY_LOW
2025-12-16 19:13:36,055 [INFO] Argument:325 - Argument : FIFOModevalue: DMA_FIFOMODE_DISABLE
2025-12-16 19:13:36,055 [INFO] Argument:335 - Argument : FIFOModevalue: DMA_FIFOMODE_DISABLE
2025-12-16 19:13:36,055 [INFO] Argument:325 - Argument : FIFOThresholdvalue: null
2025-12-16 19:13:36,055 [INFO] Argument:335 - Argument : FIFOThresholdvalue: null
2025-12-16 19:13:36,055 [INFO] Argument:325 - Argument : MemBurstvalue: null
2025-12-16 19:13:36,055 [INFO] Argument:335 - Argument : MemBurstvalue: null
2025-12-16 19:13:36,055 [INFO] Argument:325 - Argument : PeriphBurstvalue: null
2025-12-16 19:13:36,055 [INFO] Argument:335 - Argument : PeriphBurstvalue: null
2025-12-16 19:13:36,055 [INFO] Argument:325 - Argument : Lockvalue: null
2025-12-16 19:13:36,055 [INFO] Argument:335 - Argument : Lockvalue: null
2025-12-16 19:13:36,055 [INFO] Argument:325 - Argument : Statevalue: null
2025-12-16 19:13:36,055 [INFO] Argument:335 - Argument : Statevalue: null
2025-12-16 19:13:36,055 [INFO] Argument:325 - Argument : Parentvalue: null
2025-12-16 19:13:36,055 [INFO] Argument:335 - Argument : Parentvalue: null
2025-12-16 19:13:36,055 [INFO] Argument:325 - Argument : XferCpltCallbackvalue: null
2025-12-16 19:13:36,056 [INFO] Argument:335 - Argument : XferCpltCallbackvalue: null
2025-12-16 19:13:36,056 [INFO] Argument:325 - Argument : XferHalfCpltCallbackvalue: null
2025-12-16 19:13:36,056 [INFO] Argument:335 - Argument : XferHalfCpltCallbackvalue: null
2025-12-16 19:13:36,056 [INFO] Argument:325 - Argument : XferM1CpltCallbackvalue: null
2025-12-16 19:13:36,056 [INFO] Argument:335 - Argument : XferM1CpltCallbackvalue: null
2025-12-16 19:13:36,056 [INFO] Argument:325 - Argument : XferM1HalfCpltCallbackvalue: null
2025-12-16 19:13:36,056 [INFO] Argument:335 - Argument : XferM1HalfCpltCallbackvalue: null
2025-12-16 19:13:36,056 [INFO] Argument:325 - Argument : XferErrorCallbackvalue: null
2025-12-16 19:13:36,056 [INFO] Argument:335 - Argument : XferErrorCallbackvalue: null
2025-12-16 19:13:36,056 [INFO] Argument:325 - Argument : XferAbortCallbackvalue: null
2025-12-16 19:13:36,056 [INFO] Argument:335 - Argument : XferAbortCallbackvalue: null
2025-12-16 19:13:36,056 [INFO] Argument:325 - Argument : ErrorCodevalue: null
2025-12-16 19:13:36,056 [INFO] Argument:335 - Argument : ErrorCodevalue: null
2025-12-16 19:13:36,056 [INFO] Argument:325 - Argument : StreamBaseAddressvalue: null
2025-12-16 19:13:36,056 [INFO] Argument:335 - Argument : StreamBaseAddressvalue: null
2025-12-16 19:13:36,056 [INFO] Argument:325 - Argument : StreamIndexvalue: null
2025-12-16 19:13:36,056 [INFO] Argument:335 - Argument : StreamIndexvalue: null
2025-12-16 19:13:36,146 [INFO] Argument:325 - Argument : hdmavalue: null
2025-12-16 19:13:36,146 [INFO] Argument:327 - 	 sub Args: 
2025-12-16 19:13:36,146 [INFO] Argument:325 - Argument : Instancevalue: DMA1_Stream0
2025-12-16 19:13:36,146 [INFO] Argument:335 - Argument : Instancevalue: DMA1_Stream0
2025-12-16 19:13:36,146 [INFO] Argument:325 - Argument : Initvalue: null
2025-12-16 19:13:36,146 [INFO] Argument:327 - 	 sub Args: 
2025-12-16 19:13:36,146 [INFO] Argument:325 - Argument : Requestvalue: DMA_REQUEST_DFSDM1_FLT0
2025-12-16 19:13:36,146 [INFO] Argument:335 - Argument : Requestvalue: DMA_REQUEST_DFSDM1_FLT0
2025-12-16 19:13:36,146 [INFO] Argument:325 - Argument : Directionvalue: DMA_PERIPH_TO_MEMORY
2025-12-16 19:13:36,147 [INFO] Argument:335 - Argument : Directionvalue: DMA_PERIPH_TO_MEMORY
2025-12-16 19:13:36,147 [INFO] Argument:325 - Argument : PeriphIncvalue: DMA_PINC_DISABLE
2025-12-16 19:13:36,147 [INFO] Argument:335 - Argument : PeriphIncvalue: DMA_PINC_DISABLE
2025-12-16 19:13:36,147 [INFO] Argument:325 - Argument : MemIncvalue: DMA_MINC_ENABLE
2025-12-16 19:13:36,147 [INFO] Argument:335 - Argument : MemIncvalue: DMA_MINC_ENABLE
2025-12-16 19:13:36,147 [INFO] Argument:325 - Argument : PeriphDataAlignmentvalue: DMA_PDATAALIGN_BYTE
2025-12-16 19:13:36,147 [INFO] Argument:335 - Argument : PeriphDataAlignmentvalue: DMA_PDATAALIGN_BYTE
2025-12-16 19:13:36,147 [INFO] Argument:325 - Argument : MemDataAlignmentvalue: DMA_MDATAALIGN_BYTE
2025-12-16 19:13:36,147 [INFO] Argument:335 - Argument : MemDataAlignmentvalue: DMA_MDATAALIGN_BYTE
2025-12-16 19:13:36,147 [INFO] Argument:325 - Argument : Modevalue: DMA_CIRCULAR
2025-12-16 19:13:36,147 [INFO] Argument:335 - Argument : Modevalue: DMA_CIRCULAR
2025-12-16 19:13:36,147 [INFO] Argument:325 - Argument : Priorityvalue: DMA_PRIORITY_LOW
2025-12-16 19:13:36,147 [INFO] Argument:335 - Argument : Priorityvalue: DMA_PRIORITY_LOW
2025-12-16 19:13:36,147 [INFO] Argument:325 - Argument : FIFOModevalue: DMA_FIFOMODE_DISABLE
2025-12-16 19:13:36,147 [INFO] Argument:335 - Argument : FIFOModevalue: DMA_FIFOMODE_DISABLE
2025-12-16 19:13:36,147 [INFO] Argument:325 - Argument : FIFOThresholdvalue: null
2025-12-16 19:13:36,147 [INFO] Argument:335 - Argument : FIFOThresholdvalue: null
2025-12-16 19:13:36,147 [INFO] Argument:325 - Argument : MemBurstvalue: null
2025-12-16 19:13:36,147 [INFO] Argument:335 - Argument : MemBurstvalue: null
2025-12-16 19:13:36,147 [INFO] Argument:325 - Argument : PeriphBurstvalue: null
2025-12-16 19:13:36,147 [INFO] Argument:335 - Argument : PeriphBurstvalue: null
2025-12-16 19:13:36,147 [INFO] Argument:325 - Argument : Lockvalue: null
2025-12-16 19:13:36,147 [INFO] Argument:335 - Argument : Lockvalue: null
2025-12-16 19:13:36,147 [INFO] Argument:325 - Argument : Statevalue: null
2025-12-16 19:13:36,147 [INFO] Argument:335 - Argument : Statevalue: null
2025-12-16 19:13:36,147 [INFO] Argument:325 - Argument : Parentvalue: null
2025-12-16 19:13:36,147 [INFO] Argument:335 - Argument : Parentvalue: null
2025-12-16 19:13:36,147 [INFO] Argument:325 - Argument : XferCpltCallbackvalue: null
2025-12-16 19:13:36,148 [INFO] Argument:335 - Argument : XferCpltCallbackvalue: null
2025-12-16 19:13:36,148 [INFO] Argument:325 - Argument : XferHalfCpltCallbackvalue: null
2025-12-16 19:13:36,148 [INFO] Argument:335 - Argument : XferHalfCpltCallbackvalue: null
2025-12-16 19:13:36,148 [INFO] Argument:325 - Argument : XferM1CpltCallbackvalue: null
2025-12-16 19:13:36,148 [INFO] Argument:335 - Argument : XferM1CpltCallbackvalue: null
2025-12-16 19:13:36,148 [INFO] Argument:325 - Argument : XferM1HalfCpltCallbackvalue: null
2025-12-16 19:13:36,148 [INFO] Argument:335 - Argument : XferM1HalfCpltCallbackvalue: null
2025-12-16 19:13:36,148 [INFO] Argument:325 - Argument : XferErrorCallbackvalue: null
2025-12-16 19:13:36,148 [INFO] Argument:335 - Argument : XferErrorCallbackvalue: null
2025-12-16 19:13:36,148 [INFO] Argument:325 - Argument : XferAbortCallbackvalue: null
2025-12-16 19:13:36,148 [INFO] Argument:335 - Argument : XferAbortCallbackvalue: null
2025-12-16 19:13:36,148 [INFO] Argument:325 - Argument : ErrorCodevalue: null
2025-12-16 19:13:36,148 [INFO] Argument:335 - Argument : ErrorCodevalue: null
2025-12-16 19:13:36,148 [INFO] Argument:325 - Argument : StreamBaseAddressvalue: null
2025-12-16 19:13:36,148 [INFO] Argument:335 - Argument : StreamBaseAddressvalue: null
2025-12-16 19:13:36,148 [INFO] Argument:325 - Argument : StreamIndexvalue: null
2025-12-16 19:13:36,148 [INFO] Argument:335 - Argument : StreamIndexvalue: null
2025-12-16 19:13:36,149 [INFO] Argument:325 - Argument : hdmavalue: null
2025-12-16 19:13:36,149 [INFO] Argument:327 - 	 sub Args: 
2025-12-16 19:13:36,149 [INFO] Argument:325 - Argument : Instancevalue: DMA1_Stream1
2025-12-16 19:13:36,149 [INFO] Argument:335 - Argument : Instancevalue: DMA1_Stream1
2025-12-16 19:13:36,149 [INFO] Argument:325 - Argument : Initvalue: null
2025-12-16 19:13:36,149 [INFO] Argument:327 - 	 sub Args: 
2025-12-16 19:13:36,149 [INFO] Argument:325 - Argument : Requestvalue: DMA_REQUEST_DFSDM1_FLT1
2025-12-16 19:13:36,149 [INFO] Argument:335 - Argument : Requestvalue: DMA_REQUEST_DFSDM1_FLT1
2025-12-16 19:13:36,149 [INFO] Argument:325 - Argument : Directionvalue: DMA_PERIPH_TO_MEMORY
2025-12-16 19:13:36,149 [INFO] Argument:335 - Argument : Directionvalue: DMA_PERIPH_TO_MEMORY
2025-12-16 19:13:36,149 [INFO] Argument:325 - Argument : PeriphIncvalue: DMA_PINC_DISABLE
2025-12-16 19:13:36,150 [INFO] Argument:335 - Argument : PeriphIncvalue: DMA_PINC_DISABLE
2025-12-16 19:13:36,150 [INFO] Argument:325 - Argument : MemIncvalue: DMA_MINC_ENABLE
2025-12-16 19:13:36,150 [INFO] Argument:335 - Argument : MemIncvalue: DMA_MINC_ENABLE
2025-12-16 19:13:36,150 [INFO] Argument:325 - Argument : PeriphDataAlignmentvalue: DMA_PDATAALIGN_BYTE
2025-12-16 19:13:36,150 [INFO] Argument:335 - Argument : PeriphDataAlignmentvalue: DMA_PDATAALIGN_BYTE
2025-12-16 19:13:36,150 [INFO] Argument:325 - Argument : MemDataAlignmentvalue: DMA_MDATAALIGN_BYTE
2025-12-16 19:13:36,150 [INFO] Argument:335 - Argument : MemDataAlignmentvalue: DMA_MDATAALIGN_BYTE
2025-12-16 19:13:36,150 [INFO] Argument:325 - Argument : Modevalue: DMA_CIRCULAR
2025-12-16 19:13:36,150 [INFO] Argument:335 - Argument : Modevalue: DMA_CIRCULAR
2025-12-16 19:13:36,150 [INFO] Argument:325 - Argument : Priorityvalue: DMA_PRIORITY_LOW
2025-12-16 19:13:36,150 [INFO] Argument:335 - Argument : Priorityvalue: DMA_PRIORITY_LOW
2025-12-16 19:13:36,150 [INFO] Argument:325 - Argument : FIFOModevalue: DMA_FIFOMODE_DISABLE
2025-12-16 19:13:36,150 [INFO] Argument:335 - Argument : FIFOModevalue: DMA_FIFOMODE_DISABLE
2025-12-16 19:13:36,150 [INFO] Argument:325 - Argument : FIFOThresholdvalue: null
2025-12-16 19:13:36,150 [INFO] Argument:335 - Argument : FIFOThresholdvalue: null
2025-12-16 19:13:36,150 [INFO] Argument:325 - Argument : MemBurstvalue: null
2025-12-16 19:13:36,150 [INFO] Argument:335 - Argument : MemBurstvalue: null
2025-12-16 19:13:36,150 [INFO] Argument:325 - Argument : PeriphBurstvalue: null
2025-12-16 19:13:36,150 [INFO] Argument:335 - Argument : PeriphBurstvalue: null
2025-12-16 19:13:36,150 [INFO] Argument:325 - Argument : Lockvalue: null
2025-12-16 19:13:36,150 [INFO] Argument:335 - Argument : Lockvalue: null
2025-12-16 19:13:36,150 [INFO] Argument:325 - Argument : Statevalue: null
2025-12-16 19:13:36,150 [INFO] Argument:335 - Argument : Statevalue: null
2025-12-16 19:13:36,150 [INFO] Argument:325 - Argument : Parentvalue: null
2025-12-16 19:13:36,150 [INFO] Argument:335 - Argument : Parentvalue: null
2025-12-16 19:13:36,150 [INFO] Argument:325 - Argument : XferCpltCallbackvalue: null
2025-12-16 19:13:36,150 [INFO] Argument:335 - Argument : XferCpltCallbackvalue: null
2025-12-16 19:13:36,150 [INFO] Argument:325 - Argument : XferHalfCpltCallbackvalue: null
2025-12-16 19:13:36,151 [INFO] Argument:335 - Argument : XferHalfCpltCallbackvalue: null
2025-12-16 19:13:36,151 [INFO] Argument:325 - Argument : XferM1CpltCallbackvalue: null
2025-12-16 19:13:36,151 [INFO] Argument:335 - Argument : XferM1CpltCallbackvalue: null
2025-12-16 19:13:36,151 [INFO] Argument:325 - Argument : XferM1HalfCpltCallbackvalue: null
2025-12-16 19:13:36,151 [INFO] Argument:335 - Argument : XferM1HalfCpltCallbackvalue: null
2025-12-16 19:13:36,151 [INFO] Argument:325 - Argument : XferErrorCallbackvalue: null
2025-12-16 19:13:36,151 [INFO] Argument:335 - Argument : XferErrorCallbackvalue: null
2025-12-16 19:13:36,151 [INFO] Argument:325 - Argument : XferAbortCallbackvalue: null
2025-12-16 19:13:36,151 [INFO] Argument:335 - Argument : XferAbortCallbackvalue: null
2025-12-16 19:13:36,151 [INFO] Argument:325 - Argument : ErrorCodevalue: null
2025-12-16 19:13:36,151 [INFO] Argument:335 - Argument : ErrorCodevalue: null
2025-12-16 19:13:36,151 [INFO] Argument:325 - Argument : StreamBaseAddressvalue: null
2025-12-16 19:13:36,151 [INFO] Argument:335 - Argument : StreamBaseAddressvalue: null
2025-12-16 19:13:36,151 [INFO] Argument:325 - Argument : StreamIndexvalue: null
2025-12-16 19:13:36,151 [INFO] Argument:335 - Argument : StreamIndexvalue: null
2025-12-16 19:13:36,167 [ERROR] IocParser:95 - Exception caught: null
2025-12-16 19:13:36,307 [INFO] CodeEngine:265 - oldGeneratedFile, C:\FabioAugusto\ESISAR\5A\PX505\PoLiNoM\stm32\PoLiNoM\MXTmpFiles\license.tmp_save
2025-12-16 19:13:36,428 [INFO] CodeEngine:289 - Generated code: C:\FabioAugusto\ESISAR\5A\PX505\PoLiNoM\stm32\PoLiNoM\MXTmpFiles\license.tmp
2025-12-16 19:13:36,463 [INFO] CodeEngine:265 - oldGeneratedFile, C:\FabioAugusto\ESISAR\5A\PX505\PoLiNoM\stm32\PoLiNoM\MXTmpFiles\gpio.tmp_save
2025-12-16 19:13:36,574 [INFO] CodeEngine:289 - Generated code: C:\FabioAugusto\ESISAR\5A\PX505\PoLiNoM\stm32\PoLiNoM\MXTmpFiles\gpio.tmp
2025-12-16 19:13:36,748 [WARN] IPConfigManager:103 - WARNING: Missing Config File for MEMORYMAP ip!!
2025-12-16 19:13:36,748 [WARN] IP:2250 - DefaultDataRegion not found: check if there is a RefParameter without a condition.
2025-12-16 19:13:36,797 [INFO] CodeEngine:265 - oldGeneratedFile, C:\FabioAugusto\ESISAR\5A\PX505\PoLiNoM\stm32\PoLiNoM\MXTmpFiles\cortex.tmp_save
2025-12-16 19:13:36,894 [INFO] CodeEngine:289 - Generated code: C:\FabioAugusto\ESISAR\5A\PX505\PoLiNoM\stm32\PoLiNoM\MXTmpFiles\cortex.tmp
2025-12-16 19:13:36,938 [INFO] CodeEngine:265 - oldGeneratedFile, C:\FabioAugusto\ESISAR\5A\PX505\PoLiNoM\stm32\PoLiNoM\MXTmpFiles\dma.tmp_save
2025-12-16 19:13:37,042 [INFO] CodeEngine:289 - Generated code: C:\FabioAugusto\ESISAR\5A\PX505\PoLiNoM\stm32\PoLiNoM\MXTmpFiles\dma.tmp
2025-12-16 19:13:37,048 [INFO] CodeEngine:265 - oldGeneratedFile, C:\FabioAugusto\ESISAR\5A\PX505\PoLiNoM\stm32\PoLiNoM\MXTmpFiles\dma_GV.tmp_save
2025-12-16 19:13:37,096 [INFO] CodeEngine:289 - Generated code: C:\FabioAugusto\ESISAR\5A\PX505\PoLiNoM\stm32\PoLiNoM\MXTmpFiles\dma_GV.tmp
2025-12-16 19:13:37,113 [INFO] CodeEngine:265 - oldGeneratedFile, C:\FabioAugusto\ESISAR\5A\PX505\PoLiNoM\stm32\PoLiNoM\Core\Inc\stm32h7xx_nucleo_conf.h_save
2025-12-16 19:13:37,208 [INFO] CodeEngine:289 - Generated code: C:\FabioAugusto\ESISAR\5A\PX505\PoLiNoM\stm32\PoLiNoM\Core\Inc\stm32h7xx_nucleo_conf.h
2025-12-16 19:13:37,213 [INFO] CodeEngine:265 - oldGeneratedFile, C:\FabioAugusto\ESISAR\5A\PX505\PoLiNoM\stm32\PoLiNoM\MXTmpFiles\bsp_inc.tmp_save
2025-12-16 19:13:37,273 [INFO] CodeEngine:289 - Generated code: C:\FabioAugusto\ESISAR\5A\PX505\PoLiNoM\stm32\PoLiNoM\MXTmpFiles\bsp_inc.tmp
2025-12-16 19:13:37,278 [INFO] CodeEngine:265 - oldGeneratedFile, C:\FabioAugusto\ESISAR\5A\PX505\PoLiNoM\stm32\PoLiNoM\MXTmpFiles\bsp_common_vars.tmp_save
2025-12-16 19:13:37,336 [INFO] CodeEngine:289 - Generated code: C:\FabioAugusto\ESISAR\5A\PX505\PoLiNoM\stm32\PoLiNoM\MXTmpFiles\bsp_common_vars.tmp
2025-12-16 19:13:37,343 [INFO] CodeEngine:265 - oldGeneratedFile, C:\FabioAugusto\ESISAR\5A\PX505\PoLiNoM\stm32\PoLiNoM\MXTmpFiles\bsp_common_init.tmp_save
2025-12-16 19:13:37,393 [INFO] CodeEngine:289 - Generated code: C:\FabioAugusto\ESISAR\5A\PX505\PoLiNoM\stm32\PoLiNoM\MXTmpFiles\bsp_common_init.tmp
2025-12-16 19:13:37,398 [INFO] CodeEngine:265 - oldGeneratedFile, C:\FabioAugusto\ESISAR\5A\PX505\PoLiNoM\stm32\PoLiNoM\MXTmpFiles\bsp_common_demo_before_while.tmp_save
2025-12-16 19:13:37,449 [INFO] CodeEngine:289 - Generated code: C:\FabioAugusto\ESISAR\5A\PX505\PoLiNoM\stm32\PoLiNoM\MXTmpFiles\bsp_common_demo_before_while.tmp
2025-12-16 19:13:37,454 [INFO] CodeEngine:265 - oldGeneratedFile, C:\FabioAugusto\ESISAR\5A\PX505\PoLiNoM\stm32\PoLiNoM\MXTmpFiles\bsp_common_demo_inside_while.tmp_save
2025-12-16 19:13:37,503 [INFO] CodeEngine:289 - Generated code: C:\FabioAugusto\ESISAR\5A\PX505\PoLiNoM\stm32\PoLiNoM\MXTmpFiles\bsp_common_demo_inside_while.tmp
2025-12-16 19:13:37,509 [INFO] CodeEngine:265 - oldGeneratedFile, C:\FabioAugusto\ESISAR\5A\PX505\PoLiNoM\stm32\PoLiNoM\MXTmpFiles\bsp_common_demo_fct.tmp_save
2025-12-16 19:13:37,558 [INFO] CodeEngine:289 - Generated code: C:\FabioAugusto\ESISAR\5A\PX505\PoLiNoM\stm32\PoLiNoM\MXTmpFiles\bsp_common_demo_fct.tmp
2025-12-16 19:13:37,573 [INFO] CodeEngine:265 - oldGeneratedFile, C:\FabioAugusto\ESISAR\5A\PX505\PoLiNoM\stm32\PoLiNoM\Core\Src\stm32h7xx_it.c_save
2025-12-16 19:13:37,698 [INFO] CodeEngine:289 - Generated code: C:\FabioAugusto\ESISAR\5A\PX505\PoLiNoM\stm32\PoLiNoM\Core\Src\stm32h7xx_it.c
2025-12-16 19:13:37,706 [INFO] CodeEngine:265 - oldGeneratedFile, C:\FabioAugusto\ESISAR\5A\PX505\PoLiNoM\stm32\PoLiNoM\Core\Inc\stm32h7xx_it.h_save
2025-12-16 19:13:37,759 [INFO] CodeEngine:289 - Generated code: C:\FabioAugusto\ESISAR\5A\PX505\PoLiNoM\stm32\PoLiNoM\Core\Inc\stm32h7xx_it.h
2025-12-16 19:13:37,798 [INFO] CodeEngine:265 - oldGeneratedFile, C:\FabioAugusto\ESISAR\5A\PX505\PoLiNoM\stm32\PoLiNoM\Core\Src\stm32h7xx_hal_msp.c_save
2025-12-16 19:13:37,966 [INFO] CodeEngine:289 - Generated code: C:\FabioAugusto\ESISAR\5A\PX505\PoLiNoM\stm32\PoLiNoM\Core\Src\stm32h7xx_hal_msp.c
2025-12-16 19:13:37,971 [INFO] CodeEngine:265 - oldGeneratedFile, C:\FabioAugusto\ESISAR\5A\PX505\PoLiNoM\stm32\PoLiNoM\MXTmpFiles\system.tmp_save
2025-12-16 19:13:38,022 [INFO] CodeEngine:289 - Generated code: C:\FabioAugusto\ESISAR\5A\PX505\PoLiNoM\stm32\PoLiNoM\MXTmpFiles\system.tmp
2025-12-16 19:13:38,034 [INFO] CodeEngine:321 - oldGeneratedFile, C:\FabioAugusto\ESISAR\5A\PX505\PoLiNoM\stm32\PoLiNoM\Core\Inc\stm32h7xx_hal_conf.h_save
2025-12-16 19:13:38,176 [INFO] CodeEngine:345 - Generated code: C:\FabioAugusto\ESISAR\5A\PX505\PoLiNoM\stm32\PoLiNoM\Core\Inc\stm32h7xx_hal_conf.h
2025-12-16 19:13:38,215 [INFO] CodeEngine:265 - oldGeneratedFile, C:\FabioAugusto\ESISAR\5A\PX505\PoLiNoM\stm32\PoLiNoM\Core\Inc\main.h_save
2025-12-16 19:13:38,328 [INFO] CodeEngine:289 - Generated code: C:\FabioAugusto\ESISAR\5A\PX505\PoLiNoM\stm32\PoLiNoM\Core\Inc\main.h
2025-12-16 19:13:38,336 [INFO] CodeEngine:265 - oldGeneratedFile, C:\FabioAugusto\ESISAR\5A\PX505\PoLiNoM\stm32\PoLiNoM\Core\Src\main.c_save
2025-12-16 19:13:38,476 [INFO] CodeEngine:289 - Generated code: C:\FabioAugusto\ESISAR\5A\PX505\PoLiNoM\stm32\PoLiNoM\Core\Src\main.c
2025-12-16 19:13:38,834 [INFO] ProjectBuilder:3606 - Time for Copy HAL[1] : 208mS.
2025-12-16 19:13:38,840 [INFO] ProjectBuilder:5216 - Project Generator version: 4.7.0-B52
2025-12-16 19:13:38,900 [INFO] ConfigFileManager:1595 - The Die is : DIE450
2025-12-16 19:13:40,299 [INFO] ProjectBuilder:5496 - Time for Generating toolchain IDE Files: 1459mS.
2025-12-16 19:13:40,300 [INFO] ProjectBuilder:3463 - Time for Copy CMSIS : 1mS.
2025-12-16 19:13:40,305 [INFO] ProjectBuilder:3463 - Time for Copy CMSIS : 0mS.
2025-12-16 19:18:46,748 [INFO] MainUpdater:2872 - connection check result : 10
2025-12-16 19:18:47,149 [INFO] CheckServerUpdateThread:120 - End of CheckServer Thread
2025-12-16 19:18:55,411 [INFO] ServerAccessManage:452 - Complete download http(s) 200
2025-12-16 19:18:55,412 [INFO] ServerAccessManage:509 - Download File updaters.zip
2025-12-16 19:18:55,585 [INFO] FileExtend:248 - Unzip File : updaters.zip
2025-12-16 19:18:55,585 [INFO] FileExtend:263 - Standard Zip Deflate
2025-12-16 19:18:56,425 [INFO] ServerAccessManage:452 - Complete download http(s) 200
2025-12-16 19:18:56,428 [INFO] ServerAccessManage:509 - Download File PacksControlFlags.xml
2025-12-16 19:18:56,507 [INFO] ServerAccessManage:452 - Complete download http(s) 200
2025-12-16 19:18:56,507 [INFO] ServerAccessManage:509 - Download File cubemx.pidx
2025-12-16 19:18:57,033 [INFO] ServerAccessManage:452 - Complete download http(s) 200
2025-12-16 19:18:57,034 [INFO] ServerAccessManage:509 - Download File STMicroelectronics.FP-ATR-ASTRA1.pdsc
2025-12-16 19:18:58,208 [INFO] ServerAccessManage:452 - Complete download http(s) 200
2025-12-16 19:18:58,209 [INFO] ServerAccessManage:509 - Download File STMicroelectronics.FP-ATR-SIGFOX1.pdsc
2025-12-16 19:18:58,516 [INFO] ServerAccessManage:452 - Complete download http(s) 200
2025-12-16 19:18:58,516 [INFO] ServerAccessManage:509 - Download File STMicroelectronics.FP-SNS-STBOX1.pdsc
2025-12-16 19:18:58,985 [INFO] ServerAccessManage:452 - Complete download http(s) 200
2025-12-16 19:18:58,986 [INFO] ServerAccessManage:509 - Download File STMicroelectronics.FP-SNS-FLIGHT1.pdsc
2025-12-16 19:19:00,203 [INFO] ServerAccessManage:452 - Complete download http(s) 200
2025-12-16 19:19:00,204 [INFO] ServerAccessManage:509 - Download File STMicroelectronics.FP-SNS-MOTENV1.pdsc
2025-12-16 19:19:01,645 [INFO] ServerAccessManage:452 - Complete download http(s) 200
2025-12-16 19:19:01,646 [INFO] ServerAccessManage:509 - Download File STMicroelectronics.FP-SNS-MOTENVWB1.pdsc
2025-12-16 19:19:02,262 [INFO] ServerAccessManage:452 - Complete download http(s) 200
2025-12-16 19:19:02,262 [INFO] ServerAccessManage:509 - Download File STMicroelectronics.FP-SNS-SMARTAG2.pdsc
2025-12-16 19:19:02,915 [INFO] ServerAccessManage:452 - Complete download http(s) 200
2025-12-16 19:19:02,916 [INFO] ServerAccessManage:509 - Download File STMicroelectronics.FP-SNS-STAIOTCFT.pdsc
2025-12-16 19:19:03,287 [INFO] ServerAccessManage:452 - Complete download http(s) 200
2025-12-16 19:19:03,288 [INFO] ServerAccessManage:509 - Download File STMicroelectronics.X-CUBE-AI.pdsc
2025-12-16 19:19:06,865 [INFO] ServerAccessManage:452 - Complete download http(s) 200
2025-12-16 19:19:06,865 [INFO] ServerAccessManage:509 - Download File STMicroelectronics.X-CUBE-ALS.pdsc
2025-12-16 19:19:07,592 [INFO] ServerAccessManage:452 - Complete download http(s) 200
2025-12-16 19:19:07,592 [INFO] ServerAccessManage:509 - Download File STMicroelectronics.X-CUBE-BLE1.pdsc
2025-12-16 19:19:11,134 [ERROR] ServerAccessManage:1212 - Problem, file not found on Server
2025-12-16 19:19:11,369 [INFO] ServerAccessManage:452 - Complete download http(s) 200
2025-12-16 19:19:11,369 [INFO] ServerAccessManage:509 - Download File STMicroelectronics.X-CUBE-BLE2.pdsc
2025-12-16 19:19:13,041 [INFO] ServerAccessManage:452 - Complete download http(s) 200
2025-12-16 19:19:13,041 [INFO] ServerAccessManage:509 - Download File STMicroelectronics.X-CUBE-BLEMGR.pdsc
2025-12-16 19:19:13,395 [ERROR] ServerAccessManage:1212 - Problem, file not found on Server
2025-12-16 19:19:14,817 [INFO] ServerAccessManage:452 - Complete download http(s) 200
2025-12-16 19:19:14,818 [INFO] ServerAccessManage:509 - Download File STMicroelectronics.X-CUBE-DISPLAY.pdsc
2025-12-16 19:19:15,938 [INFO] ServerAccessManage:452 - Complete download http(s) 200
2025-12-16 19:19:15,938 [INFO] ServerAccessManage:509 - Download File STMicroelectronics.X-CUBE-DPOWER.pdsc
2025-12-16 19:19:16,452 [ERROR] ServerAccessManage:1212 - Problem, file not found on Server
2025-12-16 19:19:16,661 [ERROR] ServerAccessManage:1212 - Problem, file not found on Server
2025-12-16 19:19:16,942 [ERROR] ServerAccessManage:1212 - Problem, file not found on Server
2025-12-16 19:19:17,337 [ERROR] ServerAccessManage:1212 - Problem, file not found on Server
2025-12-16 19:19:17,585 [ERROR] ServerAccessManage:1212 - Problem, file not found on Server
2025-12-16 19:19:17,732 [ERROR] ServerAccessManage:1212 - Problem, file not found on Server
2025-12-16 19:19:18,017 [ERROR] ServerAccessManage:1212 - Problem, file not found on Server
2025-12-16 19:19:18,169 [ERROR] ServerAccessManage:1212 - Problem, file not found on Server
2025-12-16 19:19:18,328 [ERROR] ServerAccessManage:1212 - Problem, file not found on Server
2025-12-16 19:19:18,452 [ERROR] ServerAccessManage:1212 - Problem, file not found on Server
2025-12-16 19:19:18,567 [ERROR] ServerAccessManage:1212 - Problem, file not found on Server
2025-12-16 19:19:18,662 [INFO] ServerAccessManage:452 - Complete download http(s) 200
2025-12-16 19:19:18,662 [INFO] ServerAccessManage:509 - Download File STMicroelectronics.X-CUBE-EEPRMA1.pdsc
2025-12-16 19:19:19,007 [ERROR] ServerAccessManage:1212 - Problem, file not found on Server
2025-12-16 19:19:19,639 [ERROR] ServerAccessManage:1212 - Problem, file not found on Server
2025-12-16 19:19:20,562 [INFO] ServerAccessManage:452 - Complete download http(s) 200
2025-12-16 19:19:20,562 [INFO] ServerAccessManage:509 - Download File STMicroelectronics.X-CUBE-FREERTOS.pdsc
2025-12-16 19:19:21,443 [INFO] ServerAccessManage:452 - Complete download http(s) 200
2025-12-16 19:19:21,443 [INFO] ServerAccessManage:509 - Download File STMicroelectronics.X-CUBE-GNSS1.pdsc
2025-12-16 19:19:23,118 [ERROR] ServerAccessManage:1212 - Problem, file not found on Server
2025-12-16 19:19:23,292 [ERROR] ServerAccessManage:1212 - Problem, file not found on Server
2025-12-16 19:19:23,438 [ERROR] ServerAccessManage:1212 - Problem, file not found on Server
2025-12-16 19:19:23,541 [ERROR] ServerAccessManage:1212 - Problem, file not found on Server
2025-12-16 19:19:23,694 [ERROR] ServerAccessManage:1212 - Problem, file not found on Server
2025-12-16 19:19:23,819 [ERROR] ServerAccessManage:1212 - Problem, file not found on Server
2025-12-16 19:19:24,099 [INFO] ServerAccessManage:452 - Complete download http(s) 200
2025-12-16 19:19:24,099 [INFO] ServerAccessManage:509 - Download File STMicroelectronics.X-CUBE-ISPU.pdsc
2025-12-16 19:19:25,381 [INFO] ServerAccessManage:452 - Complete download http(s) 200
2025-12-16 19:19:25,381 [INFO] ServerAccessManage:509 - Download File STMicroelectronics.X-CUBE-IPS.pdsc
2025-12-16 19:19:25,945 [INFO] ServerAccessManage:452 - Complete download http(s) 200
2025-12-16 19:19:25,945 [INFO] ServerAccessManage:509 - Download File STMicroelectronics.X-CUBE-MEMS1.pdsc
2025-12-16 19:19:29,578 [INFO] ServerAccessManage:452 - Complete download http(s) 200
2025-12-16 19:19:29,579 [INFO] ServerAccessManage:509 - Download File STMicroelectronics.X-CUBE-NFC4.pdsc
2025-12-16 19:19:32,099 [INFO] ServerAccessManage:452 - Complete download http(s) 200
2025-12-16 19:19:32,099 [INFO] ServerAccessManage:509 - Download File STMicroelectronics.X-CUBE-NFC6.pdsc
2025-12-16 19:19:32,589 [INFO] ServerAccessManage:452 - Complete download http(s) 200
2025-12-16 19:19:32,589 [INFO] ServerAccessManage:509 - Download File STMicroelectronics.X-CUBE-NFC7.pdsc
2025-12-16 19:19:33,108 [INFO] ServerAccessManage:452 - Complete download http(s) 200
2025-12-16 19:19:33,108 [INFO] ServerAccessManage:509 - Download File STMicroelectronics.X-CUBE-NFC9.pdsc
2025-12-16 19:19:33,963 [INFO] ServerAccessManage:452 - Complete download http(s) 200
2025-12-16 19:19:33,963 [INFO] ServerAccessManage:509 - Download File STMicroelectronics.X-CUBE-NFC10.pdsc
2025-12-16 19:19:34,449 [INFO] ServerAccessManage:452 - Complete download http(s) 200
2025-12-16 19:19:34,449 [INFO] ServerAccessManage:509 - Download File STMicroelectronics.X-CUBE-NFC12.pdsc
2025-12-16 19:19:34,863 [INFO] ServerAccessManage:452 - Complete download http(s) 200
2025-12-16 19:19:34,863 [INFO] ServerAccessManage:509 - Download File STMicroelectronics.X-CUBE-SFXS2LP1.pdsc
2025-12-16 19:19:35,707 [INFO] ServerAccessManage:452 - Complete download http(s) 200
2025-12-16 19:19:35,708 [INFO] ServerAccessManage:509 - Download File STMicroelectronics.X-CUBE-SUBG2.pdsc
2025-12-16 19:19:38,146 [INFO] ServerAccessManage:452 - Complete download http(s) 200
2025-12-16 19:19:38,146 [INFO] ServerAccessManage:509 - Download File STMicroelectronics.X-CUBE-SMBUS.pdsc
2025-12-16 19:19:38,510 [ERROR] ServerAccessManage:1212 - Problem, file not found on Server
2025-12-16 19:19:38,595 [INFO] ServerAccessManage:452 - Complete download http(s) 200
2025-12-16 19:19:38,595 [INFO] ServerAccessManage:509 - Download File STMicroelectronics.X-CUBE-ST60.pdsc
2025-12-16 19:19:39,686 [INFO] ServerAccessManage:452 - Complete download http(s) 200
2025-12-16 19:19:39,686 [INFO] ServerAccessManage:509 - Download File STMicroelectronics.X-CUBE-ST67W61.pdsc
2025-12-16 19:19:40,303 [INFO] ServerAccessManage:452 - Complete download http(s) 200
2025-12-16 19:19:40,303 [INFO] ServerAccessManage:509 - Download File STMicroelectronics.X-CUBE-STSE01.pdsc
2025-12-16 19:19:40,747 [INFO] ServerAccessManage:452 - Complete download http(s) 200
2025-12-16 19:19:40,748 [INFO] ServerAccessManage:509 - Download File STMicroelectronics.X-CUBE-PM33A1.pdsc
2025-12-16 19:19:41,108 [INFO] ServerAccessManage:452 - Complete download http(s) 200
2025-12-16 19:19:41,108 [INFO] ServerAccessManage:509 - Download File STMicroelectronics.X-CUBE-TCPP.pdsc
2025-12-16 19:19:41,607 [INFO] ServerAccessManage:452 - Complete download http(s) 200
2025-12-16 19:19:41,608 [INFO] ServerAccessManage:509 - Download File STMicroelectronics.X-CUBE-TOF1.pdsc
2025-12-16 19:19:43,227 [ERROR] ServerAccessManage:1212 - Problem, file not found on Server
2025-12-16 19:19:43,541 [INFO] ServerAccessManage:452 - Complete download http(s) 200
2025-12-16 19:19:43,542 [INFO] ServerAccessManage:509 - Download File STMicroelectronics.X-CUBE-TOUCHGFX.pdsc
2025-12-16 19:19:48,045 [INFO] ServerAccessManage:452 - Complete download http(s) 200
2025-12-16 19:19:48,045 [INFO] ServerAccessManage:509 - Download File STMicroelectronics.X-CUBE-ALGOBUILD.pdsc
2025-12-16 19:19:49,164 [INFO] ServerAccessManage:452 - Complete download http(s) 200
2025-12-16 19:19:49,165 [INFO] ServerAccessManage:509 - Download File STMicroelectronics.X-CUBE-AZRTOS-H7.pdsc
2025-12-16 19:19:51,666 [INFO] ServerAccessManage:452 - Complete download http(s) 200
2025-12-16 19:19:51,667 [INFO] ServerAccessManage:509 - Download File STMicroelectronics.X-CUBE-AZRTOS-H7RS.pdsc
2025-12-16 19:19:52,193 [INFO] ServerAccessManage:452 - Complete download http(s) 200
2025-12-16 19:19:52,193 [INFO] ServerAccessManage:509 - Download File STMicroelectronics.X-CUBE-AZRTOS-F4.pdsc
2025-12-16 19:19:53,053 [INFO] ServerAccessManage:452 - Complete download http(s) 200
2025-12-16 19:19:53,054 [INFO] ServerAccessManage:509 - Download File STMicroelectronics.X-CUBE-AZRTOS-F7.pdsc
2025-12-16 19:19:54,523 [INFO] ServerAccessManage:452 - Complete download http(s) 200
2025-12-16 19:19:54,523 [INFO] ServerAccessManage:509 - Download File STMicroelectronics.X-CUBE-AZRTOS-L4.pdsc
2025-12-16 19:19:55,350 [INFO] ServerAccessManage:452 - Complete download http(s) 200
2025-12-16 19:19:55,350 [INFO] ServerAccessManage:509 - Download File STMicroelectronics.X-CUBE-AZRTOS-L5.pdsc
2025-12-16 19:19:57,181 [INFO] ServerAccessManage:452 - Complete download http(s) 200
2025-12-16 19:19:57,182 [INFO] ServerAccessManage:509 - Download File STMicroelectronics.X-CUBE-AZRTOS-G0.pdsc
2025-12-16 19:19:57,795 [INFO] ServerAccessManage:452 - Complete download http(s) 200
2025-12-16 19:19:57,795 [INFO] ServerAccessManage:509 - Download File STMicroelectronics.X-CUBE-AZRTOS-G4.pdsc
2025-12-16 19:19:58,476 [INFO] ServerAccessManage:452 - Complete download http(s) 200
2025-12-16 19:19:58,476 [INFO] ServerAccessManage:509 - Download File STMicroelectronics.X-CUBE-AZRTOS-WB.pdsc
2025-12-16 19:20:00,111 [INFO] ServerAccessManage:452 - Complete download http(s) 200
2025-12-16 19:20:00,112 [INFO] ServerAccessManage:509 - Download File STMicroelectronics.X-CUBE-AZRTOS-WL.pdsc
2025-12-16 19:20:00,682 [INFO] ServerAccessManage:452 - Complete download http(s) 200
2025-12-16 19:20:00,683 [INFO] ServerAccessManage:509 - Download File STMicroelectronics.X-CUBE-WB05N.pdsc
2025-12-16 19:20:01,361 [INFO] ServerAccessManage:452 - Complete download http(s) 200
2025-12-16 19:20:01,361 [INFO] ServerAccessManage:509 - Download File wolfSSL.I-CUBE-wolfSSL.pdsc
2025-12-16 19:20:09,718 [ERROR] ServerAccessManage:1212 - Problem, file not found on Server
2025-12-16 19:20:10,029 [ERROR] ServerAccessManage:1212 - Problem, file not found on Server
2025-12-16 19:20:10,363 [ERROR] ServerAccessManage:1212 - Problem, file not found on Server
2025-12-16 19:20:10,492 [INFO] ServerAccessManage:452 - Complete download http(s) 200
2025-12-16 19:20:10,493 [INFO] ServerAccessManage:509 - Download File wolfSSL.I-CUBE-wolfMQTT.pdsc
2025-12-16 19:20:11,418 [ERROR] ServerAccessManage:1212 - Problem, file not found on Server
2025-12-16 19:20:11,542 [INFO] ServerAccessManage:452 - Complete download http(s) 200
2025-12-16 19:20:11,542 [INFO] ServerAccessManage:509 - Download File wolfSSL.I-CUBE-wolfTPM.pdsc
2025-12-16 19:20:13,151 [INFO] ServerAccessManage:452 - Complete download http(s) 200
2025-12-16 19:20:13,151 [INFO] ServerAccessManage:509 - Download File wolfSSL.I-CUBE-wolfSSH.pdsc
2025-12-16 19:20:15,153 [INFO] ServerAccessManage:452 - Complete download http(s) 200
2025-12-16 19:20:15,153 [INFO] ServerAccessManage:509 - Download File RealThread.X-CUBE-RT-Thread_Nano.pdsc
2025-12-16 19:20:16,036 [INFO] ServerAccessManage:452 - Complete download http(s) 200
2025-12-16 19:20:16,037 [INFO] ServerAccessManage:509 - Download File SEGGER.I-CUBE-embOS.pdsc
2025-12-16 19:20:16,701 [INFO] ServerAccessManage:452 - Complete download http(s) 200
2025-12-16 19:20:16,701 [INFO] ServerAccessManage:509 - Download File emotas.I-CUBE-CANOPEN.pdsc
2025-12-16 19:20:17,653 [INFO] ServerAccessManage:452 - Complete download http(s) 200
2025-12-16 19:20:17,653 [INFO] ServerAccessManage:509 - Download File WES.I-CUBE-Cesium.pdsc
2025-12-16 19:20:18,448 [ERROR] ServerAccessManage:1212 - Problem, file not found on Server
2025-12-16 19:20:18,939 [ERROR] ServerAccessManage:1212 - Problem, file not found on Server
2025-12-16 19:20:19,750 [INFO] ServerAccessManage:452 - Complete download http(s) 200
2025-12-16 19:20:19,750 [INFO] ServerAccessManage:509 - Download File ITTIA_DB.I-CUBE-ITTIADB.pdsc
2025-12-16 19:20:25,113 [INFO] ServerAccessManage:452 - Complete download http(s) 200
2025-12-16 19:20:25,113 [INFO] ServerAccessManage:509 - Download File Infineon.AIROC-Wi-Fi-Bluetooth-STM32.pdsc
2025-12-16 19:20:30,813 [INFO] ServerAccessManage:452 - Complete download http(s) 200
2025-12-16 19:20:30,813 [INFO] ServerAccessManage:509 - Download File Cesanta.I-CUBE-Mongoose.pdsc
2025-12-16 19:20:33,920 [INFO] ServerAccessManage:452 - Complete download http(s) 200
2025-12-16 19:20:33,920 [INFO] ServerAccessManage:509 - Download File EmbeddedOffice.I-CUBE-FS-RTOS.pdsc
2025-12-16 19:20:34,938 [INFO] ServerAccessManage:452 - Complete download http(s) 200
2025-12-16 19:20:34,938 [INFO] ServerAccessManage:509 - Download File quantropi.X-CUBE-qispace-sdk-base.pdsc
2025-12-16 19:20:36,651 [INFO] ServerAccessManage:452 - Complete download http(s) 200
2025-12-16 19:20:36,651 [INFO] ServerAccessManage:509 - Download File Avnet-IOTCONNECT.X-CUBE-iotc-st67-sdk.pdsc
2025-12-16 19:20:36,874 [WARN] Engine:547 - Do no try to populate pack already in database: STMicroelectronics.FP-ATR-ASTRA1.2.0.2
2025-12-16 19:20:36,877 [WARN] Engine:547 - Do no try to populate pack already in database: STMicroelectronics.FP-ATR-SIGFOX1.3.2.0
2025-12-16 19:20:36,881 [WARN] Engine:547 - Do no try to populate pack already in database: STMicroelectronics.FP-SNS-STBOX1.2.1.0
2025-12-16 19:20:36,884 [WARN] Engine:547 - Do no try to populate pack already in database: STMicroelectronics.FP-SNS-FLIGHT1.5.1.0
2025-12-16 19:20:36,887 [WARN] Engine:547 - Do no try to populate pack already in database: STMicroelectronics.FP-SNS-MOTENV1.5.1.0
2025-12-16 19:20:36,889 [WARN] Engine:547 - Do no try to populate pack already in database: STMicroelectronics.FP-SNS-MOTENVWB1.1.4.0
2025-12-16 19:20:36,892 [WARN] Engine:547 - Do no try to populate pack already in database: STMicroelectronics.FP-SNS-SMARTAG2.1.2.0
2025-12-16 19:20:36,894 [WARN] Engine:547 - Do no try to populate pack already in database: STMicroelectronics.FP-SNS-STAIOTCFT.1.0.0
2025-12-16 19:20:36,896 [WARN] Engine:547 - Do no try to populate pack already in database: STMicroelectronics.X-CUBE-AI.10.2.0
2025-12-16 19:20:36,900 [WARN] Engine:547 - Do no try to populate pack already in database: STMicroelectronics.X-CUBE-ALS.1.0.2
2025-12-16 19:20:36,902 [WARN] Engine:547 - Do no try to populate pack already in database: STMicroelectronics.X-CUBE-BLE1.7.1.0
2025-12-16 19:20:36,905 [WARN] Engine:547 - Do no try to populate pack already in database: STMicroelectronics.X-CUBE-BLE2.3.3.0
2025-12-16 19:20:36,908 [WARN] Engine:547 - Do no try to populate pack already in database: STMicroelectronics.X-CUBE-BLEMGR.4.1.0
2025-12-16 19:20:36,912 [WARN] Engine:547 - Do no try to populate pack already in database: STMicroelectronics.X-CUBE-DISPLAY.3.0.0
2025-12-16 19:20:36,916 [WARN] Engine:547 - Do no try to populate pack already in database: STMicroelectronics.X-CUBE-DPower.1.3.0
2025-12-16 19:20:36,919 [WARN] Engine:547 - Do no try to populate pack already in database: STMicroelectronics.X-CUBE-EEPRMA1.5.2.0
2025-12-16 19:20:36,922 [WARN] Engine:547 - Do no try to populate pack already in database: STMicroelectronics.X-CUBE-FREERTOS.1.4.0
2025-12-16 19:20:36,924 [WARN] Engine:547 - Do no try to populate pack already in database: STMicroelectronics.X-CUBE-GNSS1.7.1.0
2025-12-16 19:20:36,927 [WARN] Engine:547 - Do no try to populate pack already in database: STMicroelectronics.X-CUBE-ISPU.2.1.0
2025-12-16 19:20:36,932 [WARN] Engine:547 - Do no try to populate pack already in database: STMicroelectronics.X-CUBE-IPS.3.2.0
2025-12-16 19:20:36,944 [WARN] Engine:547 - Do no try to populate pack already in database: STMicroelectronics.X-CUBE-MEMS1.12.0.0
2025-12-16 19:20:36,947 [WARN] Engine:547 - Do no try to populate pack already in database: STMicroelectronics.X-CUBE-NFC4.3.0.0
2025-12-16 19:20:36,950 [WARN] Engine:547 - Do no try to populate pack already in database: STMicroelectronics.X-CUBE-NFC6.3.1.0
2025-12-16 19:20:36,952 [WARN] Engine:547 - Do no try to populate pack already in database: STMicroelectronics.X-CUBE-NFC7.2.0.0
2025-12-16 19:20:36,954 [WARN] Engine:547 - Do no try to populate pack already in database: STMicroelectronics.X-CUBE-NFC9.1.0.0
2025-12-16 19:20:36,956 [WARN] Engine:547 - Do no try to populate pack already in database: STMicroelectronics.X-CUBE-NFC10.1.0.0
2025-12-16 19:20:36,958 [WARN] Engine:547 - Do no try to populate pack already in database: STMicroelectronics.X-CUBE-NFC12.1.0.0
2025-12-16 19:20:36,959 [WARN] Engine:547 - Do no try to populate pack already in database: STMicroelectronics.X-CUBE-SFXS2LP1.4.0.0
2025-12-16 19:20:36,962 [WARN] Engine:547 - Do no try to populate pack already in database: STMicroelectronics.X-CUBE-SUBG2.5.0.0
2025-12-16 19:20:36,964 [WARN] Engine:547 - Do no try to populate pack already in database: STMicroelectronics.X-CUBE-SMBUS.2.1.0
2025-12-16 19:20:36,965 [WARN] Engine:547 - Do no try to populate pack already in database: STMicroelectronics.X-CUBE-ST60.1.1.0
2025-12-16 19:20:36,967 [WARN] Engine:547 - Do no try to populate pack already in database: STMicroelectronics.X-CUBE-ST67W61.1.1.0
2025-12-16 19:20:36,969 [WARN] Engine:547 - Do no try to populate pack already in database: STMicroelectronics.X-CUBE-STSE01.1.0.0
2025-12-16 19:20:36,975 [WARN] Engine:547 - Do no try to populate pack already in database: STMicroelectronics.X-CUBE-PM33A1.1.0.0
2025-12-16 19:20:36,977 [WARN] Engine:547 - Do no try to populate pack already in database: STMicroelectronics.X-CUBE-TCPP.4.2.0
2025-12-16 19:20:36,981 [WARN] Engine:547 - Do no try to populate pack already in database: STMicroelectronics.X-CUBE-TOF1.3.4.3
2025-12-16 19:20:36,982 [WARN] Engine:547 - Do no try to populate pack already in database: STMicroelectronics.X-CUBE-TOUCHGFX.4.26.0
2025-12-16 19:20:36,984 [WARN] Engine:547 - Do no try to populate pack already in database: STMicroelectronics.X-CUBE-ALGOBUILD.1.4.0
2025-12-16 19:20:36,991 [WARN] Engine:547 - Do no try to populate pack already in database: STMicroelectronics.X-CUBE-AZRTOS-H7.3.4.0
2025-12-16 19:20:36,997 [WARN] Engine:547 - Do no try to populate pack already in database: STMicroelectronics.X-CUBE-AZRTOS-H7RS.1.2.0
2025-12-16 19:20:37,003 [WARN] Engine:547 - Do no try to populate pack already in database: STMicroelectronics.X-CUBE-AZRTOS-F4.1.1.0
2025-12-16 19:20:37,008 [WARN] Engine:547 - Do no try to populate pack already in database: STMicroelectronics.X-CUBE-AZRTOS-F7.1.1.0
2025-12-16 19:20:37,014 [WARN] Engine:547 - Do no try to populate pack already in database: STMicroelectronics.X-CUBE-AZRTOS-L4.2.0.0
2025-12-16 19:20:37,020 [WARN] Engine:547 - Do no try to populate pack already in database: STMicroelectronics.X-CUBE-AZRTOS-L5.2.0.0
2025-12-16 19:20:37,029 [WARN] Engine:547 - Do no try to populate pack already in database: STMicroelectronics.X-CUBE-AZRTOS-G0.1.1.0
2025-12-16 19:20:37,035 [WARN] Engine:547 - Do no try to populate pack already in database: STMicroelectronics.X-CUBE-AZRTOS-G4.2.0.0
2025-12-16 19:20:37,042 [WARN] Engine:547 - Do no try to populate pack already in database: STMicroelectronics.X-CUBE-AZRTOS-WB.2.0.0
2025-12-16 19:20:37,048 [WARN] Engine:547 - Do no try to populate pack already in database: STMicroelectronics.X-CUBE-AZRTOS-WL.2.0.0
2025-12-16 19:20:37,049 [WARN] Engine:547 - Do no try to populate pack already in database: STMicroelectronics.X-CUBE-WB05N.2.0.0
2025-12-16 19:20:37,055 [WARN] PackLoader:240 - Cannot read IP mode file for wolfSSL.I-CUBE-wolfSSL.5.8.4
2025-12-16 19:20:37,061 [WARN] PackLoader:240 - Cannot read IP mode file for wolfSSL.I-CUBE-wolfMQTT.1.19.2
2025-12-16 19:20:37,067 [WARN] PackLoader:240 - Cannot read IP mode file for wolfSSL.I-CUBE-wolfTPM.3.8.0
2025-12-16 19:20:37,070 [WARN] PackLoader:240 - Cannot read IP mode file for wolfSSL.I-CUBE-wolfSSH.1.4.20
2025-12-16 19:20:37,074 [WARN] Engine:547 - Do no try to populate pack already in database: RealThread.X-CUBE-RT-Thread_Nano.4.1.1
2025-12-16 19:20:37,078 [WARN] Engine:547 - Do no try to populate pack already in database: SEGGER.I-CUBE-embOS.1.3.1
2025-12-16 19:20:37,081 [WARN] Engine:547 - Do no try to populate pack already in database: emotas.I-CUBE-CANOPEN.1.3.0
2025-12-16 19:20:37,090 [WARN] PackLoader:240 - Cannot read IP mode file for WES.I-CUBE-Cesium.1.4.0
2025-12-16 19:20:37,095 [WARN] Engine:547 - Do no try to populate pack already in database: ITTIA_DB.I-CUBE-ITTIADB.8.9.0
2025-12-16 19:20:37,118 [WARN] PackLoader:240 - Cannot read IP mode file for Infineon.AIROC-Wi-Fi-Bluetooth-STM32.1.8.0
2025-12-16 19:20:37,124 [INFO] CheckServerUpdateThread:120 - End of CheckServer Thread
2025-12-16 19:20:37,135 [WARN] PackLoader:240 - Cannot read IP mode file for Cesanta.I-CUBE-Mongoose.7.20.0
2025-12-16 19:20:37,139 [WARN] Engine:547 - Do no try to populate pack already in database: EmbeddedOffice.I-CUBE-FS-RTOS.1.0.1
2025-12-16 19:20:37,143 [WARN] ConditionMgr:438 - getConditionDescription Invalid condition id : Cortex-A Device cause : null
2025-12-16 19:20:37,158 [INFO] LogOutputStream:77 - [STDOUT_REDIRECT] [ThirdParty] unknown protocol: c
2025-12-16 19:20:37,159 [WARN] PackLoader:240 - Cannot read IP mode file for quantropi.X-CUBE-qispace-sdk-base.2.1.0
2025-12-16 19:20:37,159 [WARN] ConditionMgr:1044 - genDependencies : Invalid condition id : Cortex-A Device cause : null
2025-12-16 19:20:37,160 [WARN] ConditionMgr:1044 - genDependencies : Invalid condition id : Cortex-A Device cause : null
2025-12-16 19:20:37,160 [WARN] ConditionMgr:1044 - genDependencies : Invalid condition id : Cortex-A Device cause : null
2025-12-16 19:20:37,162 [WARN] Engine:547 - Do no try to populate pack already in database: Avnet-IOTCONNECT.X-CUBE-iotc-st67-sdk.1.0.0
2025-12-16 19:20:37,163 [INFO] PopulateThirdPartyThread:66 - Ending populate Thread
2025-12-16 19:20:37,189 [INFO] ThirdPartyModel:298 - Start build external matchings
2025-12-16 19:20:39,002 [INFO] ThirdPartyModel:316 - End build external matchings
2025-12-16 19:20:39,064 [INFO] ThirdParty:1030 - CMSIS Pack Vendor :STMicroelectronics X-CUBE-PM33A1 1.0.0
2025-12-16 19:20:39,064 [INFO] ThirdParty:1030 - CMSIS Pack Vendor :STMicroelectronics USBPD 4.1
2025-12-16 19:20:39,064 [INFO] ThirdParty:1030 - CMSIS Pack Vendor :STMicroelectronics USB_HOST 2.0.0
2025-12-16 19:20:39,064 [INFO] ThirdParty:1030 - CMSIS Pack Vendor :STMicroelectronics FP-SNS-MOTENVWB1 1.4.0
2025-12-16 19:20:39,064 [INFO] ThirdParty:1030 - CMSIS Pack Vendor :STMicroelectronics X-CUBE-AZRTOS-F4 1.1.0
2025-12-16 19:20:39,064 [INFO] ThirdParty:1030 - CMSIS Pack Vendor :STMicroelectronics LIBJPEG 8.0.0
2025-12-16 19:20:39,064 [INFO] ThirdParty:1030 - CMSIS Pack Vendor :STMicroelectronics FP-ATR-ASTRA1 2.0.2
2025-12-16 19:20:39,064 [INFO] ThirdParty:1030 - CMSIS Pack Vendor :STMicroelectronics FP-ATR-ASTRA1 2.0.1
2025-12-16 19:20:39,064 [INFO] ThirdParty:1030 - CMSIS Pack Vendor :STMicroelectronics X-CUBE-SMBUS 2.1.0
2025-12-16 19:20:39,064 [INFO] ThirdParty:1030 - CMSIS Pack Vendor :STMicroelectronics X-CUBE-WB05N 1.1.0
2025-12-16 19:20:39,064 [INFO] ThirdParty:1030 - CMSIS Pack Vendor :STMicroelectronics X-CUBE-ISPU 2.1.0
2025-12-16 19:20:39,064 [INFO] ThirdParty:1030 - CMSIS Pack Vendor :STMicroelectronics X-CUBE-IPS 3.2.0
2025-12-16 19:20:39,064 [INFO] ThirdParty:1030 - CMSIS Pack Vendor :STMicroelectronics X-CUBE-ST60 1.0.0
2025-12-16 19:20:39,064 [INFO] ThirdParty:1030 - CMSIS Pack Vendor :STMicroelectronics X-CUBE-NFC12 1.0.0
2025-12-16 19:20:39,064 [INFO] ThirdParty:1030 - CMSIS Pack Vendor :STMicroelectronics X-CUBE-AZRTOS-F7 1.1.0
2025-12-16 19:20:39,064 [INFO] ThirdParty:1030 - CMSIS Pack Vendor :STMicroelectronics X-CUBE-AZRTOS-L5 2.0.0
2025-12-16 19:20:39,064 [INFO] ThirdParty:1030 - CMSIS Pack Vendor :STMicroelectronics USB_DEVICE 2.0.0
2025-12-16 19:20:39,064 [INFO] ThirdParty:1030 - CMSIS Pack Vendor :STMicroelectronics X-CUBE-NFC6 3.1.0
2025-12-16 19:20:39,064 [INFO] ThirdParty:1030 - CMSIS Pack Vendor :STMicroelectronics FP-SNS-MOTENV1 5.1.0
2025-12-16 19:20:39,064 [INFO] ThirdParty:1030 - CMSIS Pack Vendor :STMicroelectronics FreeRTOS 0.0.1
2025-12-16 19:20:39,064 [INFO] ThirdParty:1030 - CMSIS Pack Vendor :STMicroelectronics X-CUBE-DPower 1.2.0
2025-12-16 19:20:39,064 [INFO] ThirdParty:1030 - CMSIS Pack Vendor :WES I-CUBE-Cesium 1.4.0
2025-12-16 19:20:39,064 [INFO] ThirdParty:1030 - CMSIS Pack Vendor :STMicroelectronics FP-SNS-FLIGHT1 5.0.2
2025-12-16 19:20:39,064 [INFO] ThirdParty:1030 - CMSIS Pack Vendor :Infineon AIROC-Wi-Fi-Bluetooth-STM32 1.7.0
2025-12-16 19:20:39,064 [INFO] ThirdParty:1030 - CMSIS Pack Vendor :STMicroelectronics PDM2PCM 3.3.0
2025-12-16 19:20:39,064 [INFO] ThirdParty:1030 - CMSIS Pack Vendor :STMicroelectronics X-CUBE-AZRTOS-H7 3.4.0
2025-12-16 19:20:39,064 [INFO] ThirdParty:1030 - CMSIS Pack Vendor :STMicroelectronics X-CUBE-DISPLAY 3.0.0
2025-12-16 19:20:39,064 [INFO] ThirdParty:1030 - CMSIS Pack Vendor :STMicroelectronics X-CUBE-BLE1 7.0.0
2025-12-16 19:20:39,064 [INFO] ThirdParty:1030 - CMSIS Pack Vendor :STMicroelectronics X-CUBE-NFC10 1.0.0
2025-12-16 19:20:39,064 [INFO] ThirdParty:1030 - CMSIS Pack Vendor :STMicroelectronics X-CUBE-BLEMGR 4.0.0
2025-12-16 19:20:39,064 [INFO] ThirdParty:1030 - CMSIS Pack Vendor :STMicroelectronics X-CUBE-FREERTOS 1.3.1
2025-12-16 19:20:39,064 [INFO] ThirdParty:1030 - CMSIS Pack Vendor :STMicroelectronics HAL Drivers 0.0.0
2025-12-16 19:20:39,064 [INFO] ThirdParty:1030 - CMSIS Pack Vendor :STMicroelectronics X-CUBE-ST60 1.1.0
2025-12-16 19:20:39,064 [INFO] ThirdParty:1030 - CMSIS Pack Vendor :emotas I-CUBE-CANOPEN 1.3.0
2025-12-16 19:20:39,064 [INFO] ThirdParty:1030 - CMSIS Pack Vendor :STMicroelectronics X-CUBE-FREERTOS 1.3.0
2025-12-16 19:20:39,064 [INFO] ThirdParty:1030 - CMSIS Pack Vendor :STMicroelectronics X-CUBE-NFC7 1.0.1
2025-12-16 19:20:39,064 [INFO] ThirdParty:1030 - CMSIS Pack Vendor :STMicroelectronics MBEDTLS 2.14.1
2025-12-16 19:20:39,064 [INFO] ThirdParty:1030 - CMSIS Pack Vendor :STMicroelectronics X-CUBE-GNSS1 7.1.0
2025-12-16 19:20:39,064 [INFO] ThirdParty:1030 - CMSIS Pack Vendor :STMicroelectronics X-CUBE-TOUCHGFX 4.26.0
2025-12-16 19:20:39,064 [INFO] ThirdParty:1030 - CMSIS Pack Vendor :STMicroelectronics X-CUBE-AI 10.0.0
2025-12-16 19:20:39,064 [INFO] ThirdParty:1030 - CMSIS Pack Vendor :STMicroelectronics FP-SNS-STBOX1 2.1.0
2025-12-16 19:20:39,064 [INFO] ThirdParty:1030 - CMSIS Pack Vendor :STMicroelectronics FP-SNS-STAIOTCFT 1.0.0
2025-12-16 19:20:39,064 [INFO] ThirdParty:1030 - CMSIS Pack Vendor :STMicroelectronics FP-SNS-SMARTAG2 1.2.0
2025-12-16 19:20:39,064 [INFO] ThirdParty:1030 - CMSIS Pack Vendor :STMicroelectronics FP-SNS-FLIGHT1 5.1.0
2025-12-16 19:20:39,064 [INFO] ThirdParty:1030 - CMSIS Pack Vendor :STMicroelectronics X-CUBE-MEMS1 11.1.0
2025-12-16 19:20:39,064 [INFO] ThirdParty:1030 - CMSIS Pack Vendor :STMicroelectronics X-CUBE-AZRTOS-WL 2.0.0
2025-12-16 19:20:39,064 [INFO] ThirdParty:1030 - CMSIS Pack Vendor :STMicroelectronics X-CUBE-DPower 1.3.0
2025-12-16 19:20:39,064 [INFO] ThirdParty:1030 - CMSIS Pack Vendor :STMicroelectronics FP-SNS-MOTENV1 5.0.0
2025-12-16 19:20:39,064 [INFO] ThirdParty:1030 - CMSIS Pack Vendor :STMicroelectronics USB_DEVICE 1.0.0
2025-12-16 19:20:39,064 [INFO] ThirdParty:1030 - CMSIS Pack Vendor :STMicroelectronics X-CUBE-AZRTOS-H7RS 1.2.0
2025-12-16 19:20:39,064 [INFO] ThirdParty:1030 - CMSIS Pack Vendor :wolfSSL I-CUBE-wolfMQTT 1.19.0
2025-12-16 19:20:39,064 [INFO] ThirdParty:1030 - CMSIS Pack Vendor :STMicroelectronics X-CUBE-AZRTOS-L4 2.0.0
2025-12-16 19:20:39,064 [INFO] ThirdParty:1030 - CMSIS Pack Vendor :STMicroelectronics ThreadX 0.0.2
2025-12-16 19:20:39,064 [INFO] ThirdParty:1030 - CMSIS Pack Vendor :WES I-CUBE-Cesium 1.3.0
2025-12-16 19:20:39,064 [INFO] ThirdParty:1030 - CMSIS Pack Vendor :STMicroelectronics lwIP 2.1.2
2025-12-16 19:20:39,064 [INFO] ThirdParty:1030 - CMSIS Pack Vendor :STMicroelectronics X-CUBE-SFXS2LP1 4.0.0
2025-12-16 19:20:39,064 [INFO] ThirdParty:1030 - CMSIS Pack Vendor :STMicroelectronics X-CUBE-BLE2 3.3.0
2025-12-16 19:20:39,064 [INFO] ThirdParty:1030 - CMSIS Pack Vendor :Avnet-IOTCONNECT X-CUBE-iotc-st67-sdk 1.0.0
2025-12-16 19:20:39,064 [INFO] ThirdParty:1030 - CMSIS Pack Vendor :Infineon AIROC-Wi-Fi-Bluetooth-STM32 1.8.0
2025-12-16 19:20:39,064 [INFO] ThirdParty:1030 - CMSIS Pack Vendor :STMicroelectronics PDM2PCM 3.2.0
2025-12-16 19:20:39,064 [INFO] ThirdParty:1030 - CMSIS Pack Vendor :STMicroelectronics X-CUBE-AZRTOS-H7 3.3.0
2025-12-16 19:20:39,064 [INFO] ThirdParty:1030 - CMSIS Pack Vendor :STMicroelectronics X-CUBE-NFC9 1.0.0
2025-12-16 19:20:39,064 [INFO] ThirdParty:1030 - CMSIS Pack Vendor :STMicroelectronics X-CUBE-BLE1 7.1.0
2025-12-16 19:20:39,064 [INFO] ThirdParty:1030 - CMSIS Pack Vendor :wolfSSL I-CUBE-wolfMQTT 1.19.2
2025-12-16 19:20:39,064 [INFO] ThirdParty:1030 - CMSIS Pack Vendor :STMicroelectronics USB_DEVICE 3.0.0
2025-12-16 19:20:39,064 [INFO] ThirdParty:1030 - CMSIS Pack Vendor :STMicroelectronics X-CUBE-FREERTOS 1.4.0
2025-12-16 19:20:39,064 [INFO] ThirdParty:1030 - CMSIS Pack Vendor :STMicroelectronics X-CUBE-EEPRMA1 5.2.0
2025-12-16 19:20:39,064 [INFO] ThirdParty:1030 - CMSIS Pack Vendor :STMicroelectronics X-CUBE-BLEMGR 4.1.0
2025-12-16 19:20:39,064 [INFO] ThirdParty:1030 - CMSIS Pack Vendor :STMicroelectronics X-CUBE-AZRTOS-WB 2.0.0
2025-12-16 19:20:39,064 [INFO] ThirdParty:1030 - CMSIS Pack Vendor :wolfSSL I-CUBE-wolfSSL 5.8.4
2025-12-16 19:20:39,064 [INFO] ThirdParty:1030 - CMSIS Pack Vendor :Cesanta I-CUBE-Mongoose 7.20.0
2025-12-16 19:20:39,064 [INFO] ThirdParty:1030 - CMSIS Pack Vendor :STMicroelectronics X-CUBE-GNSS1 7.0.1
2025-12-16 19:20:39,064 [INFO] ThirdParty:1030 - CMSIS Pack Vendor :STMicroelectronics X-CUBE-ST67W61 1.1.0
2025-12-16 19:20:39,064 [INFO] ThirdParty:1030 - CMSIS Pack Vendor :STMicroelectronics FP-SNS-STBOX1 2.0.0
2025-12-16 19:20:39,064 [INFO] ThirdParty:1030 - CMSIS Pack Vendor :quantropi X-CUBE-qispace-sdk-base 2.1.0
2025-12-16 19:20:39,064 [INFO] ThirdParty:1030 - CMSIS Pack Vendor :STMicroelectronics X-CUBE-MEMS1 12.0.0
2025-12-16 19:20:39,064 [INFO] ThirdParty:1030 - CMSIS Pack Vendor :STMicroelectronics X-CUBE-AZRTOS-G0 1.1.0
2025-12-16 19:20:39,064 [INFO] ThirdParty:1030 - CMSIS Pack Vendor :STMicroelectronics X-CUBE-SAFEA1 1.2.2
2025-12-16 19:20:39,064 [INFO] ThirdParty:1030 - CMSIS Pack Vendor :STMicroelectronics X-CUBE-NFC4 3.0.0
2025-12-16 19:20:39,064 [INFO] ThirdParty:1030 - CMSIS Pack Vendor :STMicroelectronics X-CUBE-SUBG2 5.0.0
2025-12-16 19:20:39,064 [INFO] ThirdParty:1030 - CMSIS Pack Vendor :STMicroelectronics X-CUBE-AZRTOS-H7RS 1.1.0
2025-12-16 19:20:39,064 [INFO] ThirdParty:1030 - CMSIS Pack Vendor :STMicroelectronics STM32_WPAN 1.0.0
2025-12-16 19:20:39,064 [INFO] ThirdParty:1030 - CMSIS Pack Vendor :EmbeddedOffice I-CUBE-FS-RTOS 1.0.1
2025-12-16 19:20:39,064 [INFO] ThirdParty:1030 - CMSIS Pack Vendor :STMicroelectronics lwIP 2.0.3
2025-12-16 19:20:39,064 [INFO] ThirdParty:1030 - CMSIS Pack Vendor :Cesanta I-CUBE-Mongoose 7.13.0
2025-12-16 19:20:39,064 [INFO] ThirdParty:1030 - CMSIS Pack Vendor :STMicroelectronics USB_HOST 1.0.0
2025-12-16 19:20:39,064 [INFO] ThirdParty:1030 - CMSIS Pack Vendor :STMicroelectronics X-CUBE-AZRTOS-G4 2.0.0
2025-12-16 19:20:39,064 [INFO] ThirdParty:1030 - CMSIS Pack Vendor :STMicroelectronics X-CUBE-WB05N 2.0.0
2025-12-16 19:20:39,064 [INFO] ThirdParty:1030 - CMSIS Pack Vendor :STMicroelectronics PDM2PCM 3.1.0
2025-12-16 19:20:39,064 [INFO] ThirdParty:1030 - CMSIS Pack Vendor :wolfSSL I-CUBE-wolfTPM 3.8.0
2025-12-16 19:20:39,064 [INFO] ThirdParty:1030 - CMSIS Pack Vendor :wolfSSL I-CUBE-wolfSSH 1.4.20
2025-12-16 19:20:39,064 [INFO] ThirdParty:1030 - CMSIS Pack Vendor :STMicroelectronics X-CUBE-NFC7 2.0.0
2025-12-16 19:20:39,064 [INFO] ThirdParty:1030 - CMSIS Pack Vendor :STMicroelectronics X-CUBE-TCPP 4.2.0
2025-12-16 19:20:39,064 [INFO] ThirdParty:1030 - CMSIS Pack Vendor :RealThread X-CUBE-RT-Thread_Nano 4.1.1
2025-12-16 19:20:39,064 [INFO] ThirdParty:1030 - CMSIS Pack Vendor :STMicroelectronics FP-ATR-SIGFOX1 3.2.0
2025-12-16 19:20:39,064 [INFO] ThirdParty:1030 - CMSIS Pack Vendor :quantropi X-CUBE-qispace-sdk-base 1.9.3
2025-12-16 19:20:39,064 [INFO] ThirdParty:1030 - CMSIS Pack Vendor :STMicroelectronics X-CUBE-EEPRMA1 5.1.0
2025-12-16 19:20:39,064 [INFO] ThirdParty:1030 - CMSIS Pack Vendor :STMicroelectronics MBEDTLS 2.16.2
2025-12-16 19:20:39,064 [INFO] ThirdParty:1030 - CMSIS Pack Vendor :STMicroelectronics X-CUBE-IPS 3.1.0
2025-12-16 19:20:39,064 [INFO] ThirdParty:1030 - CMSIS Pack Vendor :STMicroelectronics X-CUBE-ALS 1.0.2
2025-12-16 19:20:39,064 [INFO] ThirdParty:1030 - CMSIS Pack Vendor :wolfSSL I-CUBE-wolfSSL 5.7.6
2025-12-16 19:20:39,064 [INFO] ThirdParty:1030 - CMSIS Pack Vendor :ITTIA_DB I-CUBE-ITTIADB 8.9.0
2025-12-16 19:20:39,064 [INFO] ThirdParty:1030 - CMSIS Pack Vendor :STMicroelectronics X-CUBE-TOUCHGFX 4.24.2
2025-12-16 19:20:39,064 [INFO] ThirdParty:1030 - CMSIS Pack Vendor :STMicroelectronics X-CUBE-STSE01 1.0.0
2025-12-16 19:20:39,064 [INFO] ThirdParty:1030 - CMSIS Pack Vendor :wolfSSL I-CUBE-wolfTPM 3.4.0
2025-12-16 19:20:39,064 [INFO] ThirdParty:1030 - CMSIS Pack Vendor :portGmbH I-Cube-SoM-uGOAL 1.1.0
2025-12-16 19:20:39,064 [INFO] ThirdParty:1030 - CMSIS Pack Vendor :STMicroelectronics X-CUBE-ST67W61 1.0.0
2025-12-16 19:20:39,064 [INFO] ThirdParty:1030 - CMSIS Pack Vendor :STMicroelectronics X-CUBE-AI 10.2.0
2025-12-16 19:20:39,064 [INFO] ThirdParty:1030 - CMSIS Pack Vendor :STMicroelectronics ThreadX 1.0.0
2025-12-16 19:20:39,064 [INFO] ThirdParty:1030 - CMSIS Pack Vendor :SEGGER I-CUBE-embOS 1.3.1
2025-12-16 19:20:39,064 [INFO] ThirdParty:1030 - CMSIS Pack Vendor :STMicroelectronics X-CUBE-ALGOBUILD 1.4.0
2025-12-16 19:20:39,064 [INFO] ThirdParty:1030 - CMSIS Pack Vendor :STMicroelectronics X-CUBE-MEMS1 11.3.0
2025-12-16 19:20:39,064 [INFO] ThirdParty:1030 - CMSIS Pack Vendor :STMicroelectronics X-CUBE-AZRTOS-H7RS 1.0.0
2025-12-16 19:20:39,064 [INFO] ThirdParty:1030 - CMSIS Pack Vendor :STMicroelectronics X-CUBE-TOF1 3.4.2
2025-12-16 19:20:39,064 [INFO] ThirdParty:1030 - CMSIS Pack Vendor :STMicroelectronics X-CUBE-TOF1 3.4.3
2025-12-16 19:20:39,064 [INFO] ThirdParty:1030 - CMSIS Pack Vendor :wolfSSL I-CUBE-wolfSSH 1.4.17
2025-12-16 19:20:39,064 [INFO] ThirdPartyModel:298 - Start build external matchings
2025-12-16 19:20:40,352 [INFO] ThirdPartyModel:316 - End build external matchings
2025-12-16 19:20:40,367 [INFO] LoadServerUpdatesThread:375 - End of LoadServerUpdate Thread
2025-12-16 19:21:53,012 [INFO] WebAppUi:305 - Path where cad_preferences.json is located C:\Users\Fabio Marçal/.stm32cubeide/
2025-12-16 19:21:53,012 [INFO] WebAppUi:306 - Updating consent from JSON file
2025-12-16 19:21:53,486 [INFO] WebApp:403 - JxBrowser engine has been closed 
2025-12-16 19:21:53,487 [INFO] WebAppUi:504 - JxBrowser engine has been closed 
2025-12-16 19:21:53,487 [INFO] WebAppUi:541 - Close the Jxbrowser engine manually
2025-12-16 19:22:07,325 [ERROR] LogOutputStream:75 - [STDERR_REDIRECT] 
2025-12-16 20:12:30,198 [INFO] Activator:176 - 


2025-12-16 20:12:30,198 [INFO] Activator:177 - !SESSION log4j initialized
2025-12-16 20:12:35,543 [INFO] LogOutputStream:77 - [STDOUT_REDIRECT] 
2025-12-16 20:12:37,320 [INFO] ApplicationProperties:184 - Using Application install path: C:\ST\STM32CubeIDE_1.19.0\STM32CubeIDE\plugins\com.st.stm32cube.common.mx_6.15.0.202507011659
2025-12-16 20:12:37,335 [INFO] DbMcusXml:78 - Set database path to: C:\ST\STM32CubeIDE_1.19.0\STM32CubeIDE\plugins\com.st.stm32cube.common.mx_6.15.0.202507011659\\db\/mcu/
2025-12-16 20:12:37,335 [INFO] ApiDb:274 - Set plugin database path to: C:\ST\STM32CubeIDE_1.19.0\STM32CubeIDE\plugins\com.st.stm32cube.common.mx_6.15.0.202507011659\\db\/plugins/boardmanager/
2025-12-16 20:12:37,335 [WARN] ApiDb:259 - Overriding images path with different value:  => C:\ST\STM32CubeIDE_1.19.0\STM32CubeIDE\plugins\com.st.stm32cube.common.mx_6.15.0.202507011659\\db\/plugins/mcufinder/images/
2025-12-16 20:12:37,340 [INFO] ApiDb:250 - Set database path to: C:\Users\Fabio Marçal\.stmcufinder\plugins\mcufinder//mcu/
2025-12-16 20:12:37,341 [INFO] DbMcusAds:125 - Set database path to: C:\Users\Fabio Marçal\.stmcufinder\plugins\mcufinder//mcu/
2025-12-16 20:12:37,342 [INFO] CrossReferenceDbSqlite:203 - Set database path to: C:\Users\Fabio Marçal\.stmcufinder\plugins\mcufinder//mcu/cs/
2025-12-16 20:12:37,460 [INFO] RulesReader:64 - Compatibility file has been processed (317 Rules)
2025-12-16 20:12:37,544 [INFO] DbMcusXml:78 - Set database path to: C:\ST\STM32CubeIDE_1.19.0\STM32CubeIDE\plugins\com.st.stm32cube.common.mx_6.15.0.202507011659\\db\/mcu/
2025-12-16 20:12:37,544 [INFO] ApiDb:274 - Set plugin database path to: C:\ST\STM32CubeIDE_1.19.0\STM32CubeIDE\plugins\com.st.stm32cube.common.mx_6.15.0.202507011659\\db\/plugins/boardmanager/
2025-12-16 20:12:37,544 [INFO] ApiDb:261 - Set plugin images path to: C:\ST\STM32CubeIDE_1.19.0\STM32CubeIDE\plugins\com.st.stm32cube.common.mx_6.15.0.202507011659\\db\/plugins/mcufinder/images/
2025-12-16 20:12:37,544 [WARN] DbFile:41 - Overriding database path with different value: C:\Users\Fabio Marçal\.stmcufinder\plugins\mcufinder/ => C:\Users\Fabio Marçal\.stmcufinder\plugins\mcufinder
2025-12-16 20:12:37,545 [INFO] ApiDb:250 - Set database path to: C:\Users\Fabio Marçal\.stmcufinder\plugins\mcufinder//mcu/
2025-12-16 20:12:37,545 [WARN] DbFile:41 - Overriding database path with different value: C:\Users\Fabio Marçal\.stmcufinder\plugins\mcufinder/ => C:\Users\Fabio Marçal\.stmcufinder\plugins\mcufinder
2025-12-16 20:12:37,545 [INFO] DbMcusAds:125 - Set database path to: C:\Users\Fabio Marçal\.stmcufinder\plugins\mcufinder//mcu/
2025-12-16 20:12:37,545 [WARN] DbFile:41 - Overriding database path with different value: C:\Users\Fabio Marçal\.stmcufinder\plugins\mcufinder/ => C:\Users\Fabio Marçal\.stmcufinder\plugins\mcufinder
2025-12-16 20:12:37,545 [WARN] DbFile:41 - Overriding database path with different value: C:\Users\Fabio Marçal\.stmcufinder\plugins\mcufinder/ => C:\Users\Fabio Marçal\.stmcufinder\plugins\mcufinder
2025-12-16 20:12:37,545 [INFO] CrossReferenceDbSqlite:203 - Set database path to: C:\Users\Fabio Marçal\.stmcufinder\plugins\mcufinder//mcu/cs/
2025-12-16 20:12:37,615 [INFO] MainPanel:274 - HeapMemory: 268435456
2025-12-16 20:12:37,696 [INFO] DbMcusXml:78 - Set database path to: C:\ST\STM32CubeIDE_1.19.0\STM32CubeIDE\plugins\com.st.stm32cube.common.mx_6.15.0.202507011659\\db\/mcu/
2025-12-16 20:12:37,697 [INFO] ApiDb:274 - Set plugin database path to: C:\ST\STM32CubeIDE_1.19.0\STM32CubeIDE\plugins\com.st.stm32cube.common.mx_6.15.0.202507011659\\db\/plugins/boardmanager/
2025-12-16 20:12:37,697 [INFO] ApiDb:261 - Set plugin images path to: C:\ST\STM32CubeIDE_1.19.0\STM32CubeIDE\plugins\com.st.stm32cube.common.mx_6.15.0.202507011659\\db\/plugins/mcufinder/images/
2025-12-16 20:12:37,697 [WARN] DbFile:41 - Overriding database path with different value: C:\Users\Fabio Marçal\.stmcufinder\plugins\mcufinder/ => C:\Users\Fabio Marçal\.stmcufinder\plugins\mcufinder
2025-12-16 20:12:37,697 [INFO] ApiDb:250 - Set database path to: C:\Users\Fabio Marçal\.stmcufinder\plugins\mcufinder//mcu/
2025-12-16 20:12:37,698 [WARN] DbFile:41 - Overriding database path with different value: C:\Users\Fabio Marçal\.stmcufinder\plugins\mcufinder/ => C:\Users\Fabio Marçal\.stmcufinder\plugins\mcufinder
2025-12-16 20:12:37,698 [INFO] DbMcusAds:125 - Set database path to: C:\Users\Fabio Marçal\.stmcufinder\plugins\mcufinder//mcu/
2025-12-16 20:12:37,698 [WARN] DbFile:41 - Overriding database path with different value: C:\Users\Fabio Marçal\.stmcufinder\plugins\mcufinder/ => C:\Users\Fabio Marçal\.stmcufinder\plugins\mcufinder
2025-12-16 20:12:37,698 [WARN] DbFile:41 - Overriding database path with different value: C:\Users\Fabio Marçal\.stmcufinder\plugins\mcufinder/ => C:\Users\Fabio Marçal\.stmcufinder\plugins\mcufinder
2025-12-16 20:12:37,698 [INFO] CrossReferenceDbSqlite:203 - Set database path to: C:\Users\Fabio Marçal\.stmcufinder\plugins\mcufinder//mcu/cs/
2025-12-16 20:12:37,717 [INFO] ApplicationProperties:184 - Using Application install path: C:\ST\STM32CubeIDE_1.19.0\STM32CubeIDE\plugins\com.st.stm32cube.common.mx_6.15.0.202507011659
2025-12-16 20:12:37,718 [INFO] PluginManage:196 - Search for loadable plugins [exclusion list=, ]
2025-12-16 20:12:37,719 [INFO] PluginManage:310 - Check plugin analytics
2025-12-16 20:12:37,921 [INFO] AnalyticsPlugin:253 - Accepted Software Licenses: 
2025-12-16 20:12:37,921 [INFO] AnalyticsPlugin:255 - Accepted CMSIS Pack Licenses: 
2025-12-16 20:12:37,922 [INFO] AnalyticsPlugin:257 - Accepted Firmware Licenses: FW.G0.1.6.0,FW.G4.1.6.0,FW.H7.1.12.0
2025-12-16 20:12:37,924 [INFO] PluginManage:359 - Loaded plugin analytics (category:tool,tabindex:-1)
2025-12-16 20:12:37,924 [INFO] PluginManage:310 - Check plugin cadmodel
2025-12-16 20:12:37,930 [INFO] CADModel:105 - Init CAD model plugin
2025-12-16 20:12:37,930 [INFO] PluginManage:359 - Loaded plugin cadmodel (category:power,tabindex:5)
2025-12-16 20:12:37,930 [INFO] PluginManage:310 - Check plugin clock
2025-12-16 20:12:37,941 [INFO] PluginManage:359 - Loaded plugin clock (category:base,tabindex:2)
2025-12-16 20:12:37,941 [INFO] PluginManage:310 - Check plugin ddr
2025-12-16 20:12:37,943 [INFO] PluginManage:359 - Loaded plugin ddr (category:tool,tabindex:6)
2025-12-16 20:12:37,944 [INFO] PluginManage:310 - Check plugin filemanager
2025-12-16 20:12:38,107 [INFO] PluginManage:359 - Loaded plugin filemanager (category:base,tabindex:10)
2025-12-16 20:12:38,107 [INFO] PluginManage:310 - Check plugin ipmanager
2025-12-16 20:12:38,114 [INFO] PluginManage:359 - Loaded plugin ipmanager (category:base,tabindex:5)
2025-12-16 20:12:38,114 [INFO] PluginManage:310 - Check plugin lpbam
2025-12-16 20:12:38,122 [INFO] PluginManage:359 - Loaded plugin lpbam (category:base,tabindex:0)
2025-12-16 20:12:38,122 [INFO] PluginManage:310 - Check plugin memorymap
2025-12-16 20:12:38,133 [INFO] PluginManage:359 - Loaded plugin memorymap (category:base,tabindex:4)
2025-12-16 20:12:38,133 [INFO] PluginManage:310 - Check plugin pinoutandconfiguration
2025-12-16 20:12:38,140 [INFO] PluginManage:359 - Loaded plugin pinoutandconfiguration (category:base,tabindex:1)
2025-12-16 20:12:38,140 [INFO] PluginManage:310 - Check plugin pinoutconfig
2025-12-16 20:12:38,226 [WARN] SupportedApi:132 - Cannot load RTOS API schema: s4s-elt-must-match.1: The content of 'definitions' must match (annotation?, (simpleType | complexType)?, (unique | key | keyref)*)). A problem was found starting at: attribute.
2025-12-16 20:12:38,351 [INFO] PluginManage:359 - Loaded plugin pinoutconfig (category:base,tabindex:0)
2025-12-16 20:12:38,352 [INFO] PluginManage:310 - Check plugin power
2025-12-16 20:12:38,359 [INFO] PluginManage:359 - Loaded plugin power (category:power,tabindex:4)
2025-12-16 20:12:38,359 [INFO] PluginManage:310 - Check plugin projectmanager
2025-12-16 20:12:38,380 [INFO] PluginManage:359 - Loaded plugin projectmanager (category:projectmanager,tabindex:4)
2025-12-16 20:12:38,380 [INFO] PluginManage:310 - Check plugin rif
2025-12-16 20:12:38,393 [INFO] PluginManage:359 - Loaded plugin rif (category:base,tabindex:3)
2025-12-16 20:12:38,393 [INFO] PluginManage:310 - Check plugin thirdparty
2025-12-16 20:12:38,523 [INFO] PluginManage:359 - Loaded plugin thirdparty (category:base,tabindex:-1)
2025-12-16 20:12:38,523 [WARN] IntegrityCheckThread:84 - waiting for thirdparty lock release [integrity check]
2025-12-16 20:12:38,524 [INFO] IntegrityCheckThread:86 - entering critical section [integrity check]
2025-12-16 20:12:38,524 [INFO] PluginManage:310 - Check plugin tools
2025-12-16 20:12:38,524 [INFO] ThirdPartyUpdaterWithRetryManager:70 - Updater plugin not ready yet. [1/15]
2025-12-16 20:12:38,526 [INFO] PluginManage:359 - Loaded plugin tools (category:base,tabindex:7)
2025-12-16 20:12:38,527 [INFO] PluginManage:310 - Check plugin tutovideos
2025-12-16 20:12:38,699 [INFO] PluginManage:359 - Loaded plugin tutovideos (category:base,tabindex:-1)
2025-12-16 20:12:38,700 [INFO] PluginManage:310 - Check plugin updater
2025-12-16 20:12:38,721 [INFO] PluginManage:359 - Loaded plugin updater (category:base,tabindex:12)
2025-12-16 20:12:38,721 [INFO] PluginManage:310 - Check plugin userauth
2025-12-16 20:12:38,725 [INFO] UserAuth:118 - Init User Auth plugin
2025-12-16 20:12:38,726 [INFO] PluginManage:359 - Loaded plugin userauth (category:base,tabindex:14)
2025-12-16 20:12:38,726 [INFO] PluginManage:283 - PluginManage : Loaded plugins [18]
2025-12-16 20:12:38,938 [INFO] PinOutPanel:1589 - setPackage(No Configuration,No Configuration)
2025-12-16 20:12:39,026 [INFO] CADModel:165 - CPN selected for project level
2025-12-16 20:12:39,026 [INFO] CADModel:114 - Register for checkConnection events
2025-12-16 20:12:39,043 [INFO] IPUIPlugin:80 - create IPUIPlugin
2025-12-16 20:12:39,043 [INFO] PluginManager:220 - loadIPPluginJar : add adc
2025-12-16 20:12:39,048 [INFO] IPUIPlugin:80 - create IPUIPlugin
2025-12-16 20:12:39,048 [INFO] PluginManager:220 - loadIPPluginJar : add aes
2025-12-16 20:12:39,051 [INFO] IPUIPlugin:80 - create IPUIPlugin
2025-12-16 20:12:39,051 [INFO] PluginManager:220 - loadIPPluginJar : add can
2025-12-16 20:12:39,053 [INFO] IPUIPlugin:80 - create IPUIPlugin
2025-12-16 20:12:39,054 [INFO] PluginManager:220 - loadIPPluginJar : add comp
2025-12-16 20:12:39,056 [INFO] IPUIPlugin:80 - create IPUIPlugin
2025-12-16 20:12:39,056 [INFO] PluginManager:220 - loadIPPluginJar : add cryp
2025-12-16 20:12:39,058 [INFO] IPUIPlugin:80 - create IPUIPlugin
2025-12-16 20:12:39,058 [INFO] PluginManager:220 - loadIPPluginJar : add ddr_ctrl_phy
2025-12-16 20:12:39,060 [INFO] IPUIPlugin:80 - create IPUIPlugin
2025-12-16 20:12:39,060 [INFO] PluginManager:220 - loadIPPluginJar : add dfsdm
2025-12-16 20:12:39,066 [INFO] IPUIPlugin:80 - create IPUIPlugin
2025-12-16 20:12:39,066 [INFO] PluginManager:220 - loadIPPluginJar : add dma
2025-12-16 20:12:39,068 [INFO] IPUIPlugin:80 - create IPUIPlugin
2025-12-16 20:12:39,069 [INFO] PluginManager:220 - loadIPPluginJar : add dma3
2025-12-16 20:12:39,071 [INFO] IPUIPlugin:80 - create IPUIPlugin
2025-12-16 20:12:39,071 [INFO] PluginManager:220 - loadIPPluginJar : add extmemmanager
2025-12-16 20:12:39,073 [INFO] IPUIPlugin:80 - create IPUIPlugin
2025-12-16 20:12:39,073 [INFO] PluginManager:220 - loadIPPluginJar : add fatfs
2025-12-16 20:12:39,077 [INFO] IPUIPlugin:80 - create IPUIPlugin
2025-12-16 20:12:39,078 [INFO] PluginManager:220 - loadIPPluginJar : add fmc
2025-12-16 20:12:39,083 [INFO] IPUIPlugin:80 - create IPUIPlugin
2025-12-16 20:12:39,083 [INFO] PluginManager:220 - loadIPPluginJar : add freertos
2025-12-16 20:12:39,085 [INFO] IPUIPlugin:80 - create IPUIPlugin
2025-12-16 20:12:39,085 [INFO] PluginManager:220 - loadIPPluginJar : add genericplugin
2025-12-16 20:12:39,086 [INFO] IPUIPlugin:80 - create IPUIPlugin
2025-12-16 20:12:39,086 [INFO] PluginManager:220 - loadIPPluginJar : add gfxmmu
2025-12-16 20:12:39,090 [INFO] IPUIPlugin:80 - create IPUIPlugin
2025-12-16 20:12:39,091 [INFO] PluginManager:220 - loadIPPluginJar : add gic
2025-12-16 20:12:39,094 [INFO] IPUIPlugin:80 - create IPUIPlugin
2025-12-16 20:12:39,094 [INFO] PluginManager:220 - loadIPPluginJar : add gpio
2025-12-16 20:12:39,097 [INFO] IPUIPlugin:80 - create IPUIPlugin
2025-12-16 20:12:39,097 [INFO] PluginManager:220 - loadIPPluginJar : add gtzc
2025-12-16 20:12:39,099 [INFO] IPUIPlugin:80 - create IPUIPlugin
2025-12-16 20:12:39,099 [INFO] PluginManager:220 - loadIPPluginJar : add hash
2025-12-16 20:12:39,102 [INFO] IPUIPlugin:80 - create IPUIPlugin
2025-12-16 20:12:39,102 [INFO] PluginManager:220 - loadIPPluginJar : add i2c
2025-12-16 20:12:39,103 [INFO] IPUIPlugin:80 - create IPUIPlugin
2025-12-16 20:12:39,104 [INFO] PluginManager:220 - loadIPPluginJar : add i2s
2025-12-16 20:12:39,106 [INFO] IPUIPlugin:80 - create IPUIPlugin
2025-12-16 20:12:39,106 [INFO] PluginManager:220 - loadIPPluginJar : add i3c
2025-12-16 20:12:39,110 [INFO] IPUIPlugin:80 - create IPUIPlugin
2025-12-16 20:12:39,110 [INFO] PluginManager:220 - loadIPPluginJar : add ipddr
2025-12-16 20:12:39,117 [INFO] IPUIPlugin:80 - create IPUIPlugin
2025-12-16 20:12:39,117 [INFO] PluginManager:220 - loadIPPluginJar : add linkedlist
2025-12-16 20:12:39,121 [INFO] IPUIPlugin:80 - create IPUIPlugin
2025-12-16 20:12:39,121 [INFO] PluginManager:220 - loadIPPluginJar : add lorawan
2025-12-16 20:12:39,123 [INFO] IPUIPlugin:80 - create IPUIPlugin
2025-12-16 20:12:39,123 [INFO] PluginManager:220 - loadIPPluginJar : add ltdc
2025-12-16 20:12:39,128 [INFO] IPUIPlugin:80 - create IPUIPlugin
2025-12-16 20:12:39,128 [INFO] PluginManager:220 - loadIPPluginJar : add mdma
2025-12-16 20:12:39,132 [INFO] IPUIPlugin:80 - create IPUIPlugin
2025-12-16 20:12:39,133 [INFO] PluginManager:220 - loadIPPluginJar : add nvic
2025-12-16 20:12:39,136 [INFO] IPUIPlugin:80 - create IPUIPlugin
2025-12-16 20:12:39,136 [INFO] PluginManager:220 - loadIPPluginJar : add opamp
2025-12-16 20:12:39,139 [INFO] IPUIPlugin:80 - create IPUIPlugin
2025-12-16 20:12:39,139 [INFO] PluginManager:220 - loadIPPluginJar : add openamp
2025-12-16 20:12:39,142 [INFO] IPUIPlugin:80 - create IPUIPlugin
2025-12-16 20:12:39,142 [INFO] PluginManager:220 - loadIPPluginJar : add pdm2pcm
2025-12-16 20:12:39,148 [INFO] IPUIPlugin:80 - create IPUIPlugin
2025-12-16 20:12:39,150 [INFO] PluginManager:220 - loadIPPluginJar : add plateformsettings
2025-12-16 20:12:39,151 [INFO] IPUIPlugin:80 - create IPUIPlugin
2025-12-16 20:12:39,151 [INFO] PluginManager:220 - loadIPPluginJar : add quadspi
2025-12-16 20:12:39,153 [INFO] IPUIPlugin:80 - create IPUIPlugin
2025-12-16 20:12:39,153 [INFO] PluginManager:220 - loadIPPluginJar : add radio
2025-12-16 20:12:39,156 [INFO] IPUIPlugin:80 - create IPUIPlugin
2025-12-16 20:12:39,156 [INFO] PluginManager:220 - loadIPPluginJar : add resmgrutility
2025-12-16 20:12:39,159 [INFO] IPUIPlugin:80 - create IPUIPlugin
2025-12-16 20:12:39,159 [INFO] PluginManager:220 - loadIPPluginJar : add sai
2025-12-16 20:12:39,161 [INFO] IPUIPlugin:80 - create IPUIPlugin
2025-12-16 20:12:39,161 [INFO] PluginManager:220 - loadIPPluginJar : add spi
2025-12-16 20:12:39,167 [INFO] IPUIPlugin:80 - create IPUIPlugin
2025-12-16 20:12:39,167 [INFO] PluginManager:220 - loadIPPluginJar : add stm32_wpan
2025-12-16 20:12:39,169 [INFO] IPUIPlugin:80 - create IPUIPlugin
2025-12-16 20:12:39,169 [INFO] PluginManager:220 - loadIPPluginJar : add tim
2025-12-16 20:12:39,173 [INFO] IPUIPlugin:80 - create IPUIPlugin
2025-12-16 20:12:39,173 [INFO] PluginManager:220 - loadIPPluginJar : add touchsensing
2025-12-16 20:12:39,175 [INFO] IPUIPlugin:80 - create IPUIPlugin
2025-12-16 20:12:39,175 [INFO] PluginManager:220 - loadIPPluginJar : add tracer_emb
2025-12-16 20:12:39,177 [INFO] IPUIPlugin:80 - create IPUIPlugin
2025-12-16 20:12:39,177 [INFO] PluginManager:220 - loadIPPluginJar : add ts
2025-12-16 20:12:39,179 [INFO] IPUIPlugin:80 - create IPUIPlugin
2025-12-16 20:12:39,179 [INFO] PluginManager:220 - loadIPPluginJar : add tsc
2025-12-16 20:12:39,181 [INFO] IPUIPlugin:80 - create IPUIPlugin
2025-12-16 20:12:39,181 [INFO] PluginManager:220 - loadIPPluginJar : add ucpd
2025-12-16 20:12:39,183 [INFO] IPUIPlugin:80 - create IPUIPlugin
2025-12-16 20:12:39,183 [INFO] PluginManager:220 - loadIPPluginJar : add usart
2025-12-16 20:12:39,187 [INFO] IPUIPlugin:80 - create IPUIPlugin
2025-12-16 20:12:39,187 [INFO] PluginManager:220 - loadIPPluginJar : add usbx
2025-12-16 20:12:39,314 [FATAL] Updater:351 - Updater called before beeing initialized
2025-12-16 20:12:39,342 [INFO] RulesReader:64 - Compatibility file has been processed (317 Rules)
2025-12-16 20:12:39,358 [INFO] RulesReader:64 - Compatibility file has been processed (317 Rules)
2025-12-16 20:12:39,370 [INFO] CADModel:165 - CPN selected for project level
2025-12-16 20:12:39,370 [INFO] CADModel:114 - Register for checkConnection events
2025-12-16 20:12:39,370 [FATAL] Updater:351 - Updater called before beeing initialized
2025-12-16 20:12:39,371 [ERROR] CADModel:125 - Updater not yet initialized, retry later 
2025-12-16 20:12:39,537 [FATAL] Updater:351 - Updater called before beeing initialized
2025-12-16 20:12:39,539 [INFO] CADModel:165 - CPN selected for project level
2025-12-16 20:12:39,539 [INFO] CADModel:114 - Register for checkConnection events
2025-12-16 20:12:39,540 [FATAL] Updater:351 - Updater called before beeing initialized
2025-12-16 20:12:39,540 [ERROR] CADModel:125 - Updater not yet initialized, retry later 
2025-12-16 20:12:39,544 [FATAL] Updater:351 - Updater called before beeing initialized
2025-12-16 20:12:39,680 [FATAL] Updater:351 - Updater called before beeing initialized
2025-12-16 20:12:39,683 [INFO] DbMcusAds:53 - JSON generation date=Tue Dec 16 00:11:46 CET 2025 (1765840306612)
2025-12-16 20:12:39,684 [FATAL] Updater:351 - Updater called before beeing initialized
2025-12-16 20:12:39,713 [WARN] DetailPanel:346 - Failed to get advertising image, set to default
2025-12-16 20:12:39,792 [FATAL] Updater:351 - Updater called before beeing initialized
2025-12-16 20:12:39,793 [FATAL] Updater:351 - Updater called before beeing initialized
2025-12-16 20:12:39,794 [FATAL] Updater:351 - Updater called before beeing initialized
2025-12-16 20:12:39,794 [WARN] DetailPanel:346 - Failed to get advertising image, set to default
2025-12-16 20:12:39,795 [FATAL] Updater:351 - Updater called before beeing initialized
2025-12-16 20:12:39,836 [ERROR] Updater:1198 - MainUpdater not yet initialized. External WinMGr cannot be set.
2025-12-16 20:12:39,838 [INFO] Updater:1134 - Updater Version found : 6.15.0
2025-12-16 20:12:39,853 [INFO] ApplicationProperties:184 - Using Application install path: C:\ST\STM32CubeIDE_1.19.0\STM32CubeIDE\plugins\com.st.stm32cube.common.mx_6.15.0.202507011659
2025-12-16 20:12:41,427 [ERROR] LogOutputStream:75 - [STDERR_REDIRECT] Dec 16, 2025 8:12:41 PM java.util.prefs.WindowsPreferences <init>
2025-12-16 20:12:41,428 [ERROR] LogOutputStream:75 - [STDERR_REDIRECT] WARNING: Could not open/create prefs root node Software\JavaSoft\Prefs at root 0xffffffff80000002. Windows RegCreateKeyEx(...) returned error code 5.
2025-12-16 20:12:41,429 [ERROR] LogOutputStream:75 - [STDERR_REDIRECT] 
2025-12-16 20:12:41,525 [INFO] ThirdPartyUpdaterWithRetryManager:70 - Updater plugin not ready yet. [2/15]
2025-12-16 20:12:41,836 [INFO] MainUpdater:2872 - connection check result : 10
2025-12-16 20:12:41,836 [INFO] MainUpdater:289 - Updater Check For Update Now.
2025-12-16 20:12:41,837 [INFO] MicroXplorer:498 - Change Database Version : DB.6.0.150
2025-12-16 20:12:41,845 [INFO] McuFinderGlobals:63 - Set McuFinder mode to 2 (CubeIDE integrated)
2025-12-16 20:12:41,845 [INFO] UserAuth:487 - Internet connection configuration mode: 1
2025-12-16 20:12:41,884 [INFO] JxBrowserEngine:152 - Initiate JxBrowser Engine with user profile folder
2025-12-16 20:12:42,018 [INFO] CheckServerUpdateThread:120 - End of CheckServer Thread
2025-12-16 20:12:42,493 [INFO] WebApp:169 - Instantiating new browser for Auth
2025-12-16 20:12:43,086 [INFO] WebApp:463 - Apply proxy settings
2025-12-16 20:12:43,086 [INFO] WebApp:548 - Chromium requires no authentication
2025-12-16 20:12:43,093 [INFO] WebApp:491 - Direct internet connection detected
2025-12-16 20:12:43,110 [INFO] WebApp:900 - Register for checkConnection events
2025-12-16 20:12:43,110 [INFO] WebApp:463 - Apply proxy settings
2025-12-16 20:12:43,111 [INFO] WebApp:548 - Chromium requires no authentication
2025-12-16 20:12:43,111 [INFO] WebApp:491 - Direct internet connection detected
2025-12-16 20:12:43,246 [INFO] WebApp:225 - Starting web application
2025-12-16 20:12:43,246 [INFO] WebApp:593 - Web application path used C:\ST\STM32CubeIDE_1.19.0\STM32CubeIDE\plugins\com.st.stm32cube.common.mx_6.15.0.202507011659\db\plugins\mcufinder\reactClient1\index.html
2025-12-16 20:12:43,333 [INFO] UserAuth:487 - Internet connection configuration mode: 1
2025-12-16 20:12:43,355 [INFO] WebApp:191 - Connection restablished
2025-12-16 20:12:44,717 [WARN] PackLoader:240 - Cannot read IP mode file for STMicroelectronics.FP-SNS-MOTENVWB1.1.4.0
2025-12-16 20:12:44,727 [WARN] PackLoader:240 - Cannot read IP mode file for STMicroelectronics.FP-ATR-ASTRA1.2.0.2
2025-12-16 20:12:44,730 [WARN] PackLoader:240 - Cannot read IP mode file for STMicroelectronics.FP-ATR-ASTRA1.2.0.1
2025-12-16 20:12:44,745 [WARN] PackLoader:240 - Cannot read IP mode file for STMicroelectronics.X-CUBE-SMBUS.2.1.0
2025-12-16 20:12:44,752 [WARN] PackLoader:240 - Cannot read IP mode file for STMicroelectronics.X-CUBE-WB05N.1.1.0
2025-12-16 20:12:44,757 [WARN] PackLoader:240 - Cannot read IP mode file for STMicroelectronics.X-CUBE-ST60.1.0.0
2025-12-16 20:12:44,786 [WARN] PackLoader:240 - Cannot read IP mode file for STMicroelectronics.X-CUBE-AZRTOS-F7.1.1.0
2025-12-16 20:12:44,793 [WARN] PackLoader:240 - Cannot read IP mode file for STMicroelectronics.FP-SNS-MOTENV1.5.1.0
2025-12-16 20:12:44,803 [WARN] PackLoader:240 - Cannot read IP mode file for WES.I-CUBE-Cesium.1.4.0
2025-12-16 20:12:44,807 [WARN] PackLoader:240 - Cannot read IP mode file for STMicroelectronics.FP-SNS-FLIGHT1.5.0.2
2025-12-16 20:12:44,840 [WARN] PackLoader:240 - Cannot read IP mode file for Infineon.AIROC-Wi-Fi-Bluetooth-STM32.1.7.0
2025-12-16 20:12:44,866 [WARN] PackLoader:240 - Cannot read IP mode file for STMicroelectronics.X-CUBE-AZRTOS-H7.3.4.0
2025-12-16 20:12:44,876 [WARN] PackLoader:240 - Cannot read IP mode file for STMicroelectronics.X-CUBE-DISPLAY.3.0.0
2025-12-16 20:12:44,884 [WARN] PackLoader:240 - Cannot read IP mode file for STMicroelectronics.X-CUBE-BLE1.7.0.0
2025-12-16 20:12:44,890 [WARN] PackLoader:240 - Cannot read IP mode file for STMicroelectronics.X-CUBE-NFC10.1.0.0
2025-12-16 20:12:44,897 [WARN] PackLoader:240 - Cannot read IP mode file for STMicroelectronics.X-CUBE-BLEMGR.4.0.0
2025-12-16 20:12:44,902 [WARN] PackLoader:240 - Cannot read IP mode file for STMicroelectronics.X-CUBE-ST60.1.1.0
2025-12-16 20:12:44,910 [WARN] PackLoader:240 - Cannot read IP mode file for emotas.I-CUBE-CANOPEN.1.3.0
2025-12-16 20:12:44,916 [WARN] PackLoader:240 - Cannot read IP mode file for STMicroelectronics.X-CUBE-GNSS1.7.1.0
2025-12-16 20:12:44,922 [WARN] PackLoader:240 - Cannot read IP mode file for STMicroelectronics.X-CUBE-AI.10.0.0
2025-12-16 20:12:44,929 [WARN] PackLoader:240 - Cannot read IP mode file for STMicroelectronics.FP-SNS-STBOX1.2.1.0
2025-12-16 20:12:44,936 [WARN] PackLoader:240 - Cannot read IP mode file for STMicroelectronics.FP-SNS-SMARTAG2.1.2.0
2025-12-16 20:12:44,941 [WARN] PackLoader:240 - Cannot read IP mode file for STMicroelectronics.FP-SNS-FLIGHT1.5.1.0
2025-12-16 20:12:44,980 [WARN] PackLoader:240 - Cannot read IP mode file for STMicroelectronics.X-CUBE-MEMS1.11.1.0
2025-12-16 20:12:45,150 [INFO] LogOutputStream:77 - [STDOUT_REDIRECT] 1 : Invalid condition id : UX_CORESTACK_Condition cause : null
2025-12-16 20:12:45,151 [INFO] LogOutputStream:77 - [STDOUT_REDIRECT] 1 : Invalid condition id : UX_CORESTACK_Condition cause : null
2025-12-16 20:12:45,153 [INFO] LogOutputStream:77 - [STDOUT_REDIRECT] 1 : Invalid condition id : UX_CORESTACK_Condition cause : null
2025-12-16 20:12:45,155 [INFO] LogOutputStream:77 - [STDOUT_REDIRECT] 1 : Invalid condition id : UX_CORESTACK_Condition cause : null
2025-12-16 20:12:45,156 [INFO] LogOutputStream:77 - [STDOUT_REDIRECT] 1 : Invalid condition id : UX_CORESTACK_Condition cause : null
2025-12-16 20:12:45,158 [WARN] PackLoader:240 - Cannot read IP mode file for STMicroelectronics.X-CUBE-AZRTOS-WL.2.0.0
2025-12-16 20:12:45,162 [WARN] PackLoader:240 - Cannot read IP mode file for STMicroelectronics.FP-SNS-MOTENV1.5.0.0
2025-12-16 20:12:45,174 [WARN] PackLoader:240 - Cannot read IP mode file for STMicroelectronics.X-CUBE-AZRTOS-H7RS.1.2.0
2025-12-16 20:12:45,181 [WARN] PackLoader:240 - Cannot read IP mode file for wolfSSL.I-CUBE-wolfMQTT.1.19.0
2025-12-16 20:12:45,186 [WARN] PackLoader:240 - Cannot read IP mode file for WES.I-CUBE-Cesium.1.3.0
2025-12-16 20:12:45,191 [WARN] PackLoader:240 - Cannot read IP mode file for STMicroelectronics.X-CUBE-BLE2.3.3.0
2025-12-16 20:12:45,218 [INFO] LogOutputStream:77 - [STDOUT_REDIRECT] [ThirdParty] unknown protocol: c
2025-12-16 20:12:45,218 [WARN] PackLoader:240 - Cannot read IP mode file for Avnet-IOTCONNECT.X-CUBE-iotc-st67-sdk.1.0.0
2025-12-16 20:12:45,234 [WARN] PackLoader:240 - Cannot read IP mode file for Infineon.AIROC-Wi-Fi-Bluetooth-STM32.1.8.0
2025-12-16 20:12:45,242 [WARN] PackLoader:240 - Cannot read IP mode file for STMicroelectronics.X-CUBE-NFC9.1.0.0
2025-12-16 20:12:45,246 [WARN] PackLoader:240 - Cannot read IP mode file for STMicroelectronics.X-CUBE-BLE1.7.1.0
2025-12-16 20:12:45,250 [WARN] PackLoader:240 - Cannot read IP mode file for wolfSSL.I-CUBE-wolfMQTT.1.19.2
2025-12-16 20:12:45,255 [WARN] PackLoader:240 - Cannot read IP mode file for STMicroelectronics.X-CUBE-FREERTOS.1.4.0
2025-12-16 20:12:45,261 [WARN] PackLoader:240 - Cannot read IP mode file for STMicroelectronics.X-CUBE-EEPRMA1.5.2.0
2025-12-16 20:12:45,266 [WARN] PackLoader:240 - Cannot read IP mode file for wolfSSL.I-CUBE-wolfSSL.5.8.4
2025-12-16 20:12:45,271 [WARN] PackLoader:240 - Cannot read IP mode file for Cesanta.I-CUBE-Mongoose.7.20.0
2025-12-16 20:12:45,277 [WARN] PackLoader:240 - Cannot read IP mode file for STMicroelectronics.X-CUBE-ST67W61.1.1.0
2025-12-16 20:12:45,307 [WARN] PackLoader:240 - Cannot read IP mode file for STMicroelectronics.X-CUBE-MEMS1.12.0.0
2025-12-16 20:12:45,377 [WARN] PackLoader:240 - Cannot read IP mode file for STMicroelectronics.X-CUBE-AZRTOS-G0.1.1.0
2025-12-16 20:12:45,383 [WARN] PackLoader:240 - Cannot read IP mode file for STMicroelectronics.X-CUBE-SAFEA1.1.2.2
2025-12-16 20:12:45,389 [WARN] PackLoader:240 - Cannot read IP mode file for STMicroelectronics.X-CUBE-NFC4.3.0.0
2025-12-16 20:12:45,395 [WARN] PackLoader:240 - Cannot read IP mode file for EmbeddedOffice.I-CUBE-FS-RTOS.1.0.1
2025-12-16 20:12:45,400 [WARN] PackLoader:240 - Cannot read IP mode file for STMicroelectronics.X-CUBE-WB05N.2.0.0
2025-12-16 20:12:45,404 [WARN] PackLoader:240 - Cannot read IP mode file for wolfSSL.I-CUBE-wolfTPM.3.8.0
2025-12-16 20:12:45,409 [WARN] PackLoader:240 - Cannot read IP mode file for STMicroelectronics.X-CUBE-TCPP.4.2.0
2025-12-16 20:12:45,414 [WARN] PackLoader:240 - Cannot read IP mode file for RealThread.X-CUBE-RT-Thread_Nano.4.1.1
2025-12-16 20:12:45,418 [WARN] PackLoader:240 - Cannot read IP mode file for STMicroelectronics.FP-ATR-SIGFOX1.3.2.0
2025-12-16 20:12:45,423 [WARN] ConditionMgr:438 - getConditionDescription Invalid condition id : Cortex-A Device cause : null
2025-12-16 20:12:45,433 [INFO] LogOutputStream:77 - [STDOUT_REDIRECT] [ThirdParty] unknown protocol: c
2025-12-16 20:12:45,433 [WARN] PackLoader:240 - Cannot read IP mode file for quantropi.X-CUBE-qispace-sdk-base.1.9.3
2025-12-16 20:12:45,433 [WARN] ConditionMgr:1044 - genDependencies : Invalid condition id : Cortex-A Device cause : null
2025-12-16 20:12:45,433 [WARN] ConditionMgr:1044 - genDependencies : Invalid condition id : Cortex-A Device cause : null
2025-12-16 20:12:45,433 [WARN] ConditionMgr:1044 - genDependencies : Invalid condition id : Cortex-A Device cause : null
2025-12-16 20:12:45,437 [WARN] PackLoader:240 - Cannot read IP mode file for STMicroelectronics.X-CUBE-EEPRMA1.5.1.0
2025-12-16 20:12:45,441 [WARN] PackLoader:240 - Cannot read IP mode file for wolfSSL.I-CUBE-wolfSSL.5.7.6
2025-12-16 20:12:45,446 [WARN] PackLoader:240 - Cannot read IP mode file for ITTIA_DB.I-CUBE-ITTIADB.8.9.0
2025-12-16 20:12:45,453 [WARN] PackLoader:240 - Cannot read IP mode file for STMicroelectronics.X-CUBE-ST67W61.1.0.0
2025-12-16 20:12:45,458 [WARN] PackLoader:240 - Cannot read IP mode file for STMicroelectronics.X-CUBE-AI.10.2.0
2025-12-16 20:12:45,475 [WARN] PackLoader:240 - Cannot read IP mode file for SEGGER.I-CUBE-embOS.1.3.1
2025-12-16 20:12:45,496 [WARN] PackLoader:240 - Cannot read IP mode file for STMicroelectronics.X-CUBE-ALGOBUILD.1.4.0
2025-12-16 20:12:45,526 [WARN] PackLoader:240 - Cannot read IP mode file for STMicroelectronics.X-CUBE-MEMS1.11.3.0
2025-12-16 20:12:45,622 [WARN] PackLoader:240 - Cannot read IP mode file for STMicroelectronics.X-CUBE-PM33A1.1.0.0
2025-12-16 20:12:45,633 [WARN] PackLoader:240 - Cannot read IP mode file for STMicroelectronics.X-CUBE-AZRTOS-F4.1.1.0
2025-12-16 20:12:45,639 [WARN] PackLoader:240 - Cannot read IP mode file for STMicroelectronics.X-CUBE-ISPU.2.1.0
2025-12-16 20:12:45,647 [WARN] PackLoader:240 - Cannot read IP mode file for STMicroelectronics.X-CUBE-IPS.3.2.0
2025-12-16 20:12:45,654 [WARN] PackLoader:240 - Cannot read IP mode file for STMicroelectronics.X-CUBE-NFC12.1.0.0
2025-12-16 20:12:45,664 [WARN] PackLoader:240 - Cannot read IP mode file for STMicroelectronics.X-CUBE-AZRTOS-L5.2.0.0
2025-12-16 20:12:45,669 [WARN] PackLoader:240 - Cannot read IP mode file for STMicroelectronics.X-CUBE-NFC6.3.1.0
2025-12-16 20:12:45,674 [WARN] PackLoader:240 - Cannot read IP mode file for STMicroelectronics.X-CUBE-DPower.1.2.0
2025-12-16 20:12:45,680 [WARN] PackLoader:240 - Cannot read IP mode file for STMicroelectronics.X-CUBE-FREERTOS.1.3.1
2025-12-16 20:12:45,683 [WARN] PackLoader:240 - Cannot read IP mode file for STMicroelectronics.X-CUBE-FREERTOS.1.3.0
2025-12-16 20:12:45,687 [WARN] PackLoader:240 - Cannot read IP mode file for STMicroelectronics.X-CUBE-NFC7.1.0.1
2025-12-16 20:12:45,693 [WARN] PackLoader:240 - Cannot read IP mode file for STMicroelectronics.X-CUBE-TOUCHGFX.4.26.0
2025-12-16 20:12:45,697 [WARN] PackLoader:240 - Cannot read IP mode file for STMicroelectronics.FP-SNS-STAIOTCFT.1.0.0
2025-12-16 20:12:45,700 [WARN] PackLoader:240 - Cannot read IP mode file for STMicroelectronics.X-CUBE-DPower.1.3.0
2025-12-16 20:12:45,710 [WARN] ConditionMgr:438 - getConditionDescription Invalid condition id : LAN8742 Phy interface Condition cause : null
2025-12-16 20:12:45,711 [WARN] PackLoader:240 - Cannot read IP mode file for STMicroelectronics.X-CUBE-AZRTOS-L4.2.0.0
2025-12-16 20:12:45,712 [WARN] ConditionMgr:1044 - genDependencies : Invalid condition id : LAN8742 Phy interface Condition cause : null
2025-12-16 20:12:45,712 [WARN] ConditionMgr:1044 - genDependencies : Invalid condition id : LAN8742 Phy interface Condition cause : null
2025-12-16 20:12:45,713 [WARN] ConditionMgr:1044 - genDependencies : Invalid condition id : LAN8742 Phy interface Condition cause : null
2025-12-16 20:12:45,718 [WARN] PackLoader:240 - Cannot read IP mode file for STMicroelectronics.X-CUBE-SFXS2LP1.4.0.0
2025-12-16 20:12:45,729 [WARN] PackLoader:240 - Cannot read IP mode file for STMicroelectronics.X-CUBE-AZRTOS-H7.3.3.0
2025-12-16 20:12:45,738 [WARN] PackLoader:240 - Cannot read IP mode file for STMicroelectronics.X-CUBE-BLEMGR.4.1.0
2025-12-16 20:12:45,749 [WARN] ConditionMgr:438 - getConditionDescription Invalid condition id : UX DEVICE CLASS RTOS Condition cause : null
2025-12-16 20:12:45,749 [WARN] ConditionMgr:438 - getConditionDescription Invalid condition id : UX DEVICE CLASS RTOS Condition cause : null
2025-12-16 20:12:45,750 [WARN] PackLoader:240 - Cannot read IP mode file for STMicroelectronics.X-CUBE-AZRTOS-WB.2.0.0
2025-12-16 20:12:45,751 [WARN] ConditionMgr:1044 - genDependencies : Invalid condition id : UX DEVICE CLASS RTOS Condition cause : null
2025-12-16 20:12:45,751 [WARN] ConditionMgr:1044 - genDependencies : Invalid condition id : UX DEVICE CLASS RTOS Condition cause : null
2025-12-16 20:12:45,751 [WARN] ConditionMgr:1044 - genDependencies : Invalid condition id : UX DEVICE CLASS RTOS Condition cause : null
2025-12-16 20:12:45,751 [WARN] ConditionMgr:1044 - genDependencies : Invalid condition id : UX DEVICE CLASS RTOS Condition cause : null
2025-12-16 20:12:45,751 [WARN] ConditionMgr:1044 - genDependencies : Invalid condition id : UX DEVICE CLASS RTOS Condition cause : null
2025-12-16 20:12:45,756 [WARN] PackLoader:240 - Cannot read IP mode file for STMicroelectronics.X-CUBE-GNSS1.7.0.1
2025-12-16 20:12:45,761 [WARN] PackLoader:240 - Cannot read IP mode file for STMicroelectronics.FP-SNS-STBOX1.2.0.0
2025-12-16 20:12:45,764 [WARN] ConditionMgr:438 - getConditionDescription Invalid condition id : Cortex-A Device cause : null
2025-12-16 20:12:45,773 [INFO] LogOutputStream:77 - [STDOUT_REDIRECT] [ThirdParty] unknown protocol: c
2025-12-16 20:12:45,774 [WARN] PackLoader:240 - Cannot read IP mode file for quantropi.X-CUBE-qispace-sdk-base.2.1.0
2025-12-16 20:12:45,774 [WARN] ConditionMgr:1044 - genDependencies : Invalid condition id : Cortex-A Device cause : null
2025-12-16 20:12:45,774 [WARN] ConditionMgr:1044 - genDependencies : Invalid condition id : Cortex-A Device cause : null
2025-12-16 20:12:45,774 [WARN] ConditionMgr:1044 - genDependencies : Invalid condition id : Cortex-A Device cause : null
2025-12-16 20:12:45,781 [WARN] PackLoader:240 - Cannot read IP mode file for STMicroelectronics.X-CUBE-SUBG2.5.0.0
2025-12-16 20:12:45,794 [WARN] PackLoader:240 - Cannot read IP mode file for STMicroelectronics.X-CUBE-AZRTOS-H7RS.1.1.0
2025-12-16 20:12:45,799 [WARN] PackLoader:240 - Cannot read IP mode file for Cesanta.I-CUBE-Mongoose.7.13.0
2025-12-16 20:12:45,807 [WARN] PackLoader:240 - Cannot read IP mode file for STMicroelectronics.X-CUBE-AZRTOS-G4.2.0.0
2025-12-16 20:12:45,812 [WARN] PackLoader:240 - Cannot read IP mode file for wolfSSL.I-CUBE-wolfSSH.1.4.20
2025-12-16 20:12:45,815 [WARN] PackLoader:240 - Cannot read IP mode file for STMicroelectronics.X-CUBE-NFC7.2.0.0
2025-12-16 20:12:45,822 [WARN] PackLoader:240 - Cannot read IP mode file for STMicroelectronics.X-CUBE-IPS.3.1.0
2025-12-16 20:12:45,829 [WARN] PackLoader:240 - Cannot read IP mode file for STMicroelectronics.X-CUBE-ALS.1.0.2
2025-12-16 20:12:45,832 [WARN] PackLoader:240 - Cannot read IP mode file for STMicroelectronics.X-CUBE-TOUCHGFX.4.24.2
2025-12-16 20:12:45,838 [WARN] PackLoader:240 - Cannot read IP mode file for STMicroelectronics.X-CUBE-STSE01.1.0.0
2025-12-16 20:12:45,841 [WARN] PackLoader:240 - Cannot read IP mode file for wolfSSL.I-CUBE-wolfTPM.3.4.0
2025-12-16 20:12:45,846 [WARN] PackLoader:240 - Cannot read IP mode file for portGmbH.I-Cube-SoM-uGOAL.1.1.0
2025-12-16 20:12:45,855 [WARN] PackLoader:240 - Cannot read IP mode file for STMicroelectronics.X-CUBE-AZRTOS-H7RS.1.0.0
2025-12-16 20:12:45,862 [WARN] PackLoader:240 - Cannot read IP mode file for STMicroelectronics.X-CUBE-TOF1.3.4.2
2025-12-16 20:12:45,873 [WARN] PackLoader:240 - Cannot read IP mode file for STMicroelectronics.X-CUBE-TOF1.3.4.3
2025-12-16 20:12:45,882 [WARN] PackLoader:240 - Cannot read IP mode file for wolfSSL.I-CUBE-wolfSSH.1.4.17
2025-12-16 20:12:45,883 [INFO] ThirdParty:978 - Integrity check success = true
2025-12-16 20:12:45,883 [INFO] IntegrityCheckThread:100 - exiting critical section [integrity check]
2025-12-16 20:12:45,883 [INFO] IntegrityCheckThread:103 - End integrity checks thread
2025-12-16 20:36:57,900 [ERROR] LogOutputStream:75 - [STDERR_REDIRECT] 
2025-12-16 21:31:17,106 [INFO] Activator:176 - 


2025-12-16 21:31:17,112 [INFO] Activator:177 - !SESSION log4j initialized
2025-12-16 21:31:38,925 [INFO] LogOutputStream:77 - [STDOUT_REDIRECT] 
2025-12-16 21:31:42,461 [INFO] ApplicationProperties:184 - Using Application install path: C:\ST\STM32CubeIDE_1.19.0\STM32CubeIDE\plugins\com.st.stm32cube.common.mx_6.15.0.202507011659
2025-12-16 21:31:42,497 [INFO] DbMcusXml:78 - Set database path to: C:\ST\STM32CubeIDE_1.19.0\STM32CubeIDE\plugins\com.st.stm32cube.common.mx_6.15.0.202507011659\\db\/mcu/
2025-12-16 21:31:42,497 [INFO] ApiDb:274 - Set plugin database path to: C:\ST\STM32CubeIDE_1.19.0\STM32CubeIDE\plugins\com.st.stm32cube.common.mx_6.15.0.202507011659\\db\/plugins/boardmanager/
2025-12-16 21:31:42,497 [WARN] ApiDb:259 - Overriding images path with different value:  => C:\ST\STM32CubeIDE_1.19.0\STM32CubeIDE\plugins\com.st.stm32cube.common.mx_6.15.0.202507011659\\db\/plugins/mcufinder/images/
2025-12-16 21:31:42,507 [INFO] ApiDb:250 - Set database path to: C:\Users\Fabio Marçal\.stmcufinder\plugins\mcufinder//mcu/
2025-12-16 21:31:42,509 [INFO] DbMcusAds:125 - Set database path to: C:\Users\Fabio Marçal\.stmcufinder\plugins\mcufinder//mcu/
2025-12-16 21:31:42,513 [INFO] CrossReferenceDbSqlite:203 - Set database path to: C:\Users\Fabio Marçal\.stmcufinder\plugins\mcufinder//mcu/cs/
2025-12-16 21:31:42,729 [INFO] RulesReader:64 - Compatibility file has been processed (317 Rules)
2025-12-16 21:31:42,876 [INFO] DbMcusXml:78 - Set database path to: C:\ST\STM32CubeIDE_1.19.0\STM32CubeIDE\plugins\com.st.stm32cube.common.mx_6.15.0.202507011659\\db\/mcu/
2025-12-16 21:31:42,876 [INFO] ApiDb:274 - Set plugin database path to: C:\ST\STM32CubeIDE_1.19.0\STM32CubeIDE\plugins\com.st.stm32cube.common.mx_6.15.0.202507011659\\db\/plugins/boardmanager/
2025-12-16 21:31:42,877 [INFO] ApiDb:261 - Set plugin images path to: C:\ST\STM32CubeIDE_1.19.0\STM32CubeIDE\plugins\com.st.stm32cube.common.mx_6.15.0.202507011659\\db\/plugins/mcufinder/images/
2025-12-16 21:31:42,877 [WARN] DbFile:41 - Overriding database path with different value: C:\Users\Fabio Marçal\.stmcufinder\plugins\mcufinder/ => C:\Users\Fabio Marçal\.stmcufinder\plugins\mcufinder
2025-12-16 21:31:42,878 [INFO] ApiDb:250 - Set database path to: C:\Users\Fabio Marçal\.stmcufinder\plugins\mcufinder//mcu/
2025-12-16 21:31:42,878 [WARN] DbFile:41 - Overriding database path with different value: C:\Users\Fabio Marçal\.stmcufinder\plugins\mcufinder/ => C:\Users\Fabio Marçal\.stmcufinder\plugins\mcufinder
2025-12-16 21:31:42,878 [INFO] DbMcusAds:125 - Set database path to: C:\Users\Fabio Marçal\.stmcufinder\plugins\mcufinder//mcu/
2025-12-16 21:31:42,879 [WARN] DbFile:41 - Overriding database path with different value: C:\Users\Fabio Marçal\.stmcufinder\plugins\mcufinder/ => C:\Users\Fabio Marçal\.stmcufinder\plugins\mcufinder
2025-12-16 21:31:42,879 [WARN] DbFile:41 - Overriding database path with different value: C:\Users\Fabio Marçal\.stmcufinder\plugins\mcufinder/ => C:\Users\Fabio Marçal\.stmcufinder\plugins\mcufinder
2025-12-16 21:31:42,879 [INFO] CrossReferenceDbSqlite:203 - Set database path to: C:\Users\Fabio Marçal\.stmcufinder\plugins\mcufinder//mcu/cs/
2025-12-16 21:31:43,005 [INFO] MainPanel:274 - HeapMemory: 276824064
2025-12-16 21:31:43,151 [INFO] DbMcusXml:78 - Set database path to: C:\ST\STM32CubeIDE_1.19.0\STM32CubeIDE\plugins\com.st.stm32cube.common.mx_6.15.0.202507011659\\db\/mcu/
2025-12-16 21:31:43,151 [INFO] ApiDb:274 - Set plugin database path to: C:\ST\STM32CubeIDE_1.19.0\STM32CubeIDE\plugins\com.st.stm32cube.common.mx_6.15.0.202507011659\\db\/plugins/boardmanager/
2025-12-16 21:31:43,151 [INFO] ApiDb:261 - Set plugin images path to: C:\ST\STM32CubeIDE_1.19.0\STM32CubeIDE\plugins\com.st.stm32cube.common.mx_6.15.0.202507011659\\db\/plugins/mcufinder/images/
2025-12-16 21:31:43,152 [WARN] DbFile:41 - Overriding database path with different value: C:\Users\Fabio Marçal\.stmcufinder\plugins\mcufinder/ => C:\Users\Fabio Marçal\.stmcufinder\plugins\mcufinder
2025-12-16 21:31:43,153 [INFO] ApiDb:250 - Set database path to: C:\Users\Fabio Marçal\.stmcufinder\plugins\mcufinder//mcu/
2025-12-16 21:31:43,153 [WARN] DbFile:41 - Overriding database path with different value: C:\Users\Fabio Marçal\.stmcufinder\plugins\mcufinder/ => C:\Users\Fabio Marçal\.stmcufinder\plugins\mcufinder
2025-12-16 21:31:43,153 [INFO] DbMcusAds:125 - Set database path to: C:\Users\Fabio Marçal\.stmcufinder\plugins\mcufinder//mcu/
2025-12-16 21:31:43,153 [WARN] DbFile:41 - Overriding database path with different value: C:\Users\Fabio Marçal\.stmcufinder\plugins\mcufinder/ => C:\Users\Fabio Marçal\.stmcufinder\plugins\mcufinder
2025-12-16 21:31:43,154 [WARN] DbFile:41 - Overriding database path with different value: C:\Users\Fabio Marçal\.stmcufinder\plugins\mcufinder/ => C:\Users\Fabio Marçal\.stmcufinder\plugins\mcufinder
2025-12-16 21:31:43,154 [INFO] CrossReferenceDbSqlite:203 - Set database path to: C:\Users\Fabio Marçal\.stmcufinder\plugins\mcufinder//mcu/cs/
2025-12-16 21:31:43,203 [INFO] ApplicationProperties:184 - Using Application install path: C:\ST\STM32CubeIDE_1.19.0\STM32CubeIDE\plugins\com.st.stm32cube.common.mx_6.15.0.202507011659
2025-12-16 21:31:43,206 [INFO] PluginManage:196 - Search for loadable plugins [exclusion list=, ]
2025-12-16 21:31:43,208 [INFO] PluginManage:310 - Check plugin analytics
2025-12-16 21:31:43,921 [INFO] AnalyticsPlugin:253 - Accepted Software Licenses: 
2025-12-16 21:31:43,922 [INFO] AnalyticsPlugin:255 - Accepted CMSIS Pack Licenses: 
2025-12-16 21:31:43,923 [INFO] AnalyticsPlugin:257 - Accepted Firmware Licenses: FW.G0.1.6.0,FW.G4.1.6.0,FW.H7.1.12.0
2025-12-16 21:31:43,949 [INFO] PluginManage:359 - Loaded plugin analytics (category:tool,tabindex:-1)
2025-12-16 21:31:43,952 [INFO] PluginManage:310 - Check plugin cadmodel
2025-12-16 21:31:43,980 [INFO] CADModel:105 - Init CAD model plugin
2025-12-16 21:31:43,981 [INFO] PluginManage:359 - Loaded plugin cadmodel (category:power,tabindex:5)
2025-12-16 21:31:43,983 [INFO] PluginManage:310 - Check plugin clock
2025-12-16 21:31:44,063 [INFO] PluginManage:359 - Loaded plugin clock (category:base,tabindex:2)
2025-12-16 21:31:44,064 [INFO] PluginManage:310 - Check plugin ddr
2025-12-16 21:31:44,091 [INFO] PluginManage:359 - Loaded plugin ddr (category:tool,tabindex:6)
2025-12-16 21:31:44,092 [INFO] PluginManage:310 - Check plugin filemanager
2025-12-16 21:31:44,582 [INFO] PluginManage:359 - Loaded plugin filemanager (category:base,tabindex:10)
2025-12-16 21:31:44,582 [INFO] PluginManage:310 - Check plugin ipmanager
2025-12-16 21:31:44,592 [INFO] PluginManage:359 - Loaded plugin ipmanager (category:base,tabindex:5)
2025-12-16 21:31:44,592 [INFO] PluginManage:310 - Check plugin lpbam
2025-12-16 21:31:44,604 [INFO] PluginManage:359 - Loaded plugin lpbam (category:base,tabindex:0)
2025-12-16 21:31:44,604 [INFO] PluginManage:310 - Check plugin memorymap
2025-12-16 21:31:44,624 [INFO] PluginManage:359 - Loaded plugin memorymap (category:base,tabindex:4)
2025-12-16 21:31:44,624 [INFO] PluginManage:310 - Check plugin pinoutandconfiguration
2025-12-16 21:31:44,640 [INFO] PluginManage:359 - Loaded plugin pinoutandconfiguration (category:base,tabindex:1)
2025-12-16 21:31:44,640 [INFO] PluginManage:310 - Check plugin pinoutconfig
2025-12-16 21:31:44,783 [WARN] SupportedApi:132 - Cannot load RTOS API schema: s4s-elt-must-match.1: The content of 'definitions' must match (annotation?, (simpleType | complexType)?, (unique | key | keyref)*)). A problem was found starting at: attribute.
2025-12-16 21:31:45,257 [INFO] PluginManage:359 - Loaded plugin pinoutconfig (category:base,tabindex:0)
2025-12-16 21:31:45,257 [INFO] PluginManage:310 - Check plugin power
2025-12-16 21:31:45,320 [INFO] PluginManage:359 - Loaded plugin power (category:power,tabindex:4)
2025-12-16 21:31:45,320 [INFO] PluginManage:310 - Check plugin projectmanager
2025-12-16 21:31:45,398 [INFO] PluginManage:359 - Loaded plugin projectmanager (category:projectmanager,tabindex:4)
2025-12-16 21:31:45,399 [INFO] PluginManage:310 - Check plugin rif
2025-12-16 21:31:45,491 [INFO] PluginManage:359 - Loaded plugin rif (category:base,tabindex:3)
2025-12-16 21:31:45,491 [INFO] PluginManage:310 - Check plugin thirdparty
2025-12-16 21:31:46,054 [WARN] IntegrityCheckThread:84 - waiting for thirdparty lock release [integrity check]
2025-12-16 21:31:46,056 [INFO] PluginManage:359 - Loaded plugin thirdparty (category:base,tabindex:-1)
2025-12-16 21:31:46,056 [INFO] IntegrityCheckThread:86 - entering critical section [integrity check]
2025-12-16 21:31:46,056 [INFO] PluginManage:310 - Check plugin tools
2025-12-16 21:31:46,056 [INFO] ThirdPartyUpdaterWithRetryManager:70 - Updater plugin not ready yet. [1/15]
2025-12-16 21:31:46,060 [INFO] PluginManage:359 - Loaded plugin tools (category:base,tabindex:7)
2025-12-16 21:31:46,060 [INFO] PluginManage:310 - Check plugin tutovideos
2025-12-16 21:31:46,308 [INFO] PluginManage:359 - Loaded plugin tutovideos (category:base,tabindex:-1)
2025-12-16 21:31:46,308 [INFO] PluginManage:310 - Check plugin updater
2025-12-16 21:31:46,379 [INFO] PluginManage:359 - Loaded plugin updater (category:base,tabindex:12)
2025-12-16 21:31:46,379 [INFO] PluginManage:310 - Check plugin userauth
2025-12-16 21:31:46,408 [INFO] UserAuth:118 - Init User Auth plugin
2025-12-16 21:31:46,413 [INFO] PluginManage:359 - Loaded plugin userauth (category:base,tabindex:14)
2025-12-16 21:31:46,416 [INFO] PluginManage:283 - PluginManage : Loaded plugins [18]
2025-12-16 21:31:46,856 [INFO] PinOutPanel:1589 - setPackage(No Configuration,No Configuration)
2025-12-16 21:31:47,176 [INFO] CADModel:165 - CPN selected for project level
2025-12-16 21:31:47,176 [INFO] CADModel:114 - Register for checkConnection events
2025-12-16 21:31:47,235 [INFO] IPUIPlugin:80 - create IPUIPlugin
2025-12-16 21:31:47,235 [INFO] PluginManager:220 - loadIPPluginJar : add adc
2025-12-16 21:31:47,242 [INFO] IPUIPlugin:80 - create IPUIPlugin
2025-12-16 21:31:47,243 [INFO] PluginManager:220 - loadIPPluginJar : add aes
2025-12-16 21:31:47,246 [INFO] IPUIPlugin:80 - create IPUIPlugin
2025-12-16 21:31:47,247 [INFO] PluginManager:220 - loadIPPluginJar : add can
2025-12-16 21:31:47,251 [INFO] IPUIPlugin:80 - create IPUIPlugin
2025-12-16 21:31:47,252 [INFO] PluginManager:220 - loadIPPluginJar : add comp
2025-12-16 21:31:47,255 [INFO] IPUIPlugin:80 - create IPUIPlugin
2025-12-16 21:31:47,256 [INFO] PluginManager:220 - loadIPPluginJar : add cryp
2025-12-16 21:31:47,259 [INFO] IPUIPlugin:80 - create IPUIPlugin
2025-12-16 21:31:47,260 [INFO] PluginManager:220 - loadIPPluginJar : add ddr_ctrl_phy
2025-12-16 21:31:47,262 [INFO] IPUIPlugin:80 - create IPUIPlugin
2025-12-16 21:31:47,262 [INFO] PluginManager:220 - loadIPPluginJar : add dfsdm
2025-12-16 21:31:47,273 [INFO] IPUIPlugin:80 - create IPUIPlugin
2025-12-16 21:31:47,275 [INFO] PluginManager:220 - loadIPPluginJar : add dma
2025-12-16 21:31:47,281 [INFO] IPUIPlugin:80 - create IPUIPlugin
2025-12-16 21:31:47,281 [INFO] PluginManager:220 - loadIPPluginJar : add dma3
2025-12-16 21:31:47,287 [INFO] IPUIPlugin:80 - create IPUIPlugin
2025-12-16 21:31:47,288 [INFO] PluginManager:220 - loadIPPluginJar : add extmemmanager
2025-12-16 21:31:47,290 [INFO] IPUIPlugin:80 - create IPUIPlugin
2025-12-16 21:31:47,290 [INFO] PluginManager:220 - loadIPPluginJar : add fatfs
2025-12-16 21:31:47,295 [INFO] IPUIPlugin:80 - create IPUIPlugin
2025-12-16 21:31:47,295 [INFO] PluginManager:220 - loadIPPluginJar : add fmc
2025-12-16 21:31:47,308 [INFO] IPUIPlugin:80 - create IPUIPlugin
2025-12-16 21:31:47,309 [INFO] PluginManager:220 - loadIPPluginJar : add freertos
2025-12-16 21:31:47,310 [INFO] IPUIPlugin:80 - create IPUIPlugin
2025-12-16 21:31:47,310 [INFO] PluginManager:220 - loadIPPluginJar : add genericplugin
2025-12-16 21:31:47,314 [INFO] IPUIPlugin:80 - create IPUIPlugin
2025-12-16 21:31:47,316 [INFO] PluginManager:220 - loadIPPluginJar : add gfxmmu
2025-12-16 21:31:47,325 [INFO] IPUIPlugin:80 - create IPUIPlugin
2025-12-16 21:31:47,326 [INFO] PluginManager:220 - loadIPPluginJar : add gic
2025-12-16 21:31:47,330 [INFO] IPUIPlugin:80 - create IPUIPlugin
2025-12-16 21:31:47,330 [INFO] PluginManager:220 - loadIPPluginJar : add gpio
2025-12-16 21:31:47,340 [INFO] IPUIPlugin:80 - create IPUIPlugin
2025-12-16 21:31:47,341 [INFO] PluginManager:220 - loadIPPluginJar : add gtzc
2025-12-16 21:31:47,343 [INFO] IPUIPlugin:80 - create IPUIPlugin
2025-12-16 21:31:47,343 [INFO] PluginManager:220 - loadIPPluginJar : add hash
2025-12-16 21:31:47,347 [INFO] IPUIPlugin:80 - create IPUIPlugin
2025-12-16 21:31:47,347 [INFO] PluginManager:220 - loadIPPluginJar : add i2c
2025-12-16 21:31:47,350 [INFO] IPUIPlugin:80 - create IPUIPlugin
2025-12-16 21:31:47,351 [INFO] PluginManager:220 - loadIPPluginJar : add i2s
2025-12-16 21:31:47,355 [INFO] IPUIPlugin:80 - create IPUIPlugin
2025-12-16 21:31:47,355 [INFO] PluginManager:220 - loadIPPluginJar : add i3c
2025-12-16 21:31:47,359 [INFO] IPUIPlugin:80 - create IPUIPlugin
2025-12-16 21:31:47,359 [INFO] PluginManager:220 - loadIPPluginJar : add ipddr
2025-12-16 21:31:47,368 [INFO] IPUIPlugin:80 - create IPUIPlugin
2025-12-16 21:31:47,369 [INFO] PluginManager:220 - loadIPPluginJar : add linkedlist
2025-12-16 21:31:47,382 [INFO] IPUIPlugin:80 - create IPUIPlugin
2025-12-16 21:31:47,382 [INFO] PluginManager:220 - loadIPPluginJar : add lorawan
2025-12-16 21:31:47,386 [INFO] IPUIPlugin:80 - create IPUIPlugin
2025-12-16 21:31:47,386 [INFO] PluginManager:220 - loadIPPluginJar : add ltdc
2025-12-16 21:31:47,410 [INFO] IPUIPlugin:80 - create IPUIPlugin
2025-12-16 21:31:47,411 [INFO] PluginManager:220 - loadIPPluginJar : add mdma
2025-12-16 21:31:47,425 [INFO] IPUIPlugin:80 - create IPUIPlugin
2025-12-16 21:31:47,425 [INFO] PluginManager:220 - loadIPPluginJar : add nvic
2025-12-16 21:31:47,438 [INFO] IPUIPlugin:80 - create IPUIPlugin
2025-12-16 21:31:47,439 [INFO] PluginManager:220 - loadIPPluginJar : add opamp
2025-12-16 21:31:47,455 [INFO] IPUIPlugin:80 - create IPUIPlugin
2025-12-16 21:31:47,456 [INFO] PluginManager:220 - loadIPPluginJar : add openamp
2025-12-16 21:31:47,469 [INFO] IPUIPlugin:80 - create IPUIPlugin
2025-12-16 21:31:47,470 [INFO] PluginManager:220 - loadIPPluginJar : add pdm2pcm
2025-12-16 21:31:47,486 [INFO] IPUIPlugin:80 - create IPUIPlugin
2025-12-16 21:31:47,503 [INFO] PluginManager:220 - loadIPPluginJar : add plateformsettings
2025-12-16 21:31:47,508 [INFO] IPUIPlugin:80 - create IPUIPlugin
2025-12-16 21:31:47,509 [INFO] PluginManager:220 - loadIPPluginJar : add quadspi
2025-12-16 21:31:47,519 [INFO] IPUIPlugin:80 - create IPUIPlugin
2025-12-16 21:31:47,525 [INFO] PluginManager:220 - loadIPPluginJar : add radio
2025-12-16 21:31:47,533 [INFO] IPUIPlugin:80 - create IPUIPlugin
2025-12-16 21:31:47,533 [INFO] PluginManager:220 - loadIPPluginJar : add resmgrutility
2025-12-16 21:31:47,543 [INFO] IPUIPlugin:80 - create IPUIPlugin
2025-12-16 21:31:47,543 [INFO] PluginManager:220 - loadIPPluginJar : add sai
2025-12-16 21:31:47,548 [INFO] IPUIPlugin:80 - create IPUIPlugin
2025-12-16 21:31:47,548 [INFO] PluginManager:220 - loadIPPluginJar : add spi
2025-12-16 21:31:47,563 [INFO] IPUIPlugin:80 - create IPUIPlugin
2025-12-16 21:31:47,563 [INFO] PluginManager:220 - loadIPPluginJar : add stm32_wpan
2025-12-16 21:31:47,567 [INFO] IPUIPlugin:80 - create IPUIPlugin
2025-12-16 21:31:47,567 [INFO] PluginManager:220 - loadIPPluginJar : add tim
2025-12-16 21:31:47,574 [INFO] IPUIPlugin:80 - create IPUIPlugin
2025-12-16 21:31:47,574 [INFO] PluginManager:220 - loadIPPluginJar : add touchsensing
2025-12-16 21:31:47,578 [INFO] IPUIPlugin:80 - create IPUIPlugin
2025-12-16 21:31:47,578 [INFO] PluginManager:220 - loadIPPluginJar : add tracer_emb
2025-12-16 21:31:47,582 [INFO] IPUIPlugin:80 - create IPUIPlugin
2025-12-16 21:31:47,582 [INFO] PluginManager:220 - loadIPPluginJar : add ts
2025-12-16 21:31:47,586 [INFO] IPUIPlugin:80 - create IPUIPlugin
2025-12-16 21:31:47,586 [INFO] PluginManager:220 - loadIPPluginJar : add tsc
2025-12-16 21:31:47,594 [INFO] IPUIPlugin:80 - create IPUIPlugin
2025-12-16 21:31:47,594 [INFO] PluginManager:220 - loadIPPluginJar : add ucpd
2025-12-16 21:31:47,598 [INFO] IPUIPlugin:80 - create IPUIPlugin
2025-12-16 21:31:47,598 [INFO] PluginManager:220 - loadIPPluginJar : add usart
2025-12-16 21:31:47,605 [INFO] IPUIPlugin:80 - create IPUIPlugin
2025-12-16 21:31:47,605 [INFO] PluginManager:220 - loadIPPluginJar : add usbx
2025-12-16 21:31:47,787 [FATAL] Updater:351 - Updater called before beeing initialized
2025-12-16 21:31:47,836 [INFO] RulesReader:64 - Compatibility file has been processed (317 Rules)
2025-12-16 21:31:47,859 [INFO] RulesReader:64 - Compatibility file has been processed (317 Rules)
2025-12-16 21:31:47,918 [INFO] CADModel:165 - CPN selected for project level
2025-12-16 21:31:47,919 [INFO] CADModel:114 - Register for checkConnection events
2025-12-16 21:31:47,919 [FATAL] Updater:351 - Updater called before beeing initialized
2025-12-16 21:31:47,919 [ERROR] CADModel:125 - Updater not yet initialized, retry later 
2025-12-16 21:31:48,769 [FATAL] Updater:351 - Updater called before beeing initialized
2025-12-16 21:31:48,772 [INFO] CADModel:165 - CPN selected for project level
2025-12-16 21:31:48,772 [INFO] CADModel:114 - Register for checkConnection events
2025-12-16 21:31:48,772 [FATAL] Updater:351 - Updater called before beeing initialized
2025-12-16 21:31:48,772 [ERROR] CADModel:125 - Updater not yet initialized, retry later 
2025-12-16 21:31:48,777 [FATAL] Updater:351 - Updater called before beeing initialized
2025-12-16 21:31:49,057 [INFO] ThirdPartyUpdaterWithRetryManager:70 - Updater plugin not ready yet. [2/15]
2025-12-16 21:31:49,246 [FATAL] Updater:351 - Updater called before beeing initialized
2025-12-16 21:31:49,276 [INFO] DbMcusAds:53 - JSON generation date=Tue Dec 16 00:11:46 CET 2025 (1765840306612)
2025-12-16 21:31:49,276 [FATAL] Updater:351 - Updater called before beeing initialized
2025-12-16 21:31:49,346 [WARN] DetailPanel:346 - Failed to get advertising image, set to default
2025-12-16 21:31:49,458 [FATAL] Updater:351 - Updater called before beeing initialized
2025-12-16 21:31:49,461 [FATAL] Updater:351 - Updater called before beeing initialized
2025-12-16 21:31:49,461 [FATAL] Updater:351 - Updater called before beeing initialized
2025-12-16 21:31:49,462 [WARN] DetailPanel:346 - Failed to get advertising image, set to default
2025-12-16 21:31:49,463 [FATAL] Updater:351 - Updater called before beeing initialized
2025-12-16 21:31:49,538 [ERROR] Updater:1198 - MainUpdater not yet initialized. External WinMGr cannot be set.
2025-12-16 21:31:49,542 [INFO] Updater:1134 - Updater Version found : 6.15.0
2025-12-16 21:31:49,574 [INFO] ApplicationProperties:184 - Using Application install path: C:\ST\STM32CubeIDE_1.19.0\STM32CubeIDE\plugins\com.st.stm32cube.common.mx_6.15.0.202507011659
2025-12-16 21:31:51,159 [ERROR] LogOutputStream:75 - [STDERR_REDIRECT] Dec 16, 2025 9:31:51 PM java.util.prefs.WindowsPreferences <init>
2025-12-16 21:31:51,161 [ERROR] LogOutputStream:75 - [STDERR_REDIRECT] WARNING: Could not open/create prefs root node Software\JavaSoft\Prefs at root 0xffffffff80000002. Windows RegCreateKeyEx(...) returned error code 5.
2025-12-16 21:31:51,161 [ERROR] LogOutputStream:75 - [STDERR_REDIRECT] 
2025-12-16 21:31:51,744 [INFO] MainUpdater:2872 - connection check result : 10
2025-12-16 21:31:51,746 [INFO] MainUpdater:289 - Updater Check For Update Now.
2025-12-16 21:31:51,753 [INFO] MicroXplorer:498 - Change Database Version : DB.6.0.150
2025-12-16 21:31:51,835 [INFO] McuFinderGlobals:63 - Set McuFinder mode to 2 (CubeIDE integrated)
2025-12-16 21:31:51,839 [INFO] UserAuth:487 - Internet connection configuration mode: 1
2025-12-16 21:31:52,059 [WARN] MainUpdater:1193 - Updater busy. Cannot search thirdparties
2025-12-16 21:31:52,059 [INFO] ThirdPartyUpdaterWithRetryManager:96 - Updater plugin is busy. [1/15]
2025-12-16 21:31:52,061 [INFO] JxBrowserEngine:152 - Initiate JxBrowser Engine with user profile folder
2025-12-16 21:31:52,139 [INFO] CheckServerUpdateThread:120 - End of CheckServer Thread
2025-12-16 21:31:53,636 [INFO] WebApp:169 - Instantiating new browser for Auth
2025-12-16 21:31:54,882 [INFO] WebApp:463 - Apply proxy settings
2025-12-16 21:31:54,883 [INFO] WebApp:548 - Chromium requires no authentication
2025-12-16 21:31:54,893 [INFO] WebApp:491 - Direct internet connection detected
2025-12-16 21:31:54,929 [INFO] WebApp:900 - Register for checkConnection events
2025-12-16 21:31:54,930 [INFO] WebApp:463 - Apply proxy settings
2025-12-16 21:31:54,930 [INFO] WebApp:548 - Chromium requires no authentication
2025-12-16 21:31:54,932 [INFO] WebApp:491 - Direct internet connection detected
2025-12-16 21:31:55,283 [INFO] WebApp:191 - Connection restablished
2025-12-16 21:31:55,463 [INFO] WebApp:225 - Starting web application
2025-12-16 21:31:55,464 [INFO] WebApp:593 - Web application path used C:\ST\STM32CubeIDE_1.19.0\STM32CubeIDE\plugins\com.st.stm32cube.common.mx_6.15.0.202507011659\db\plugins\mcufinder\reactClient1\index.html
2025-12-16 21:31:55,579 [WARN] PackLoader:240 - Cannot read IP mode file for STMicroelectronics.FP-SNS-MOTENVWB1.1.4.0
2025-12-16 21:31:55,595 [WARN] PackLoader:240 - Cannot read IP mode file for STMicroelectronics.FP-ATR-ASTRA1.2.0.2
2025-12-16 21:31:55,605 [WARN] PackLoader:240 - Cannot read IP mode file for STMicroelectronics.FP-ATR-ASTRA1.2.0.1
2025-12-16 21:31:55,620 [WARN] PackLoader:240 - Cannot read IP mode file for STMicroelectronics.X-CUBE-SMBUS.2.1.0
2025-12-16 21:31:55,633 [INFO] UserAuth:487 - Internet connection configuration mode: 1
2025-12-16 21:31:55,637 [WARN] PackLoader:240 - Cannot read IP mode file for STMicroelectronics.X-CUBE-WB05N.1.1.0
2025-12-16 21:31:55,650 [WARN] PackLoader:240 - Cannot read IP mode file for STMicroelectronics.X-CUBE-ST60.1.0.0
2025-12-16 21:31:55,719 [WARN] PackLoader:240 - Cannot read IP mode file for STMicroelectronics.X-CUBE-AZRTOS-F7.1.1.0
2025-12-16 21:31:55,733 [WARN] PackLoader:240 - Cannot read IP mode file for STMicroelectronics.FP-SNS-MOTENV1.5.1.0
2025-12-16 21:31:55,751 [WARN] PackLoader:240 - Cannot read IP mode file for WES.I-CUBE-Cesium.1.4.0
2025-12-16 21:31:55,758 [WARN] PackLoader:240 - Cannot read IP mode file for STMicroelectronics.FP-SNS-FLIGHT1.5.0.2
2025-12-16 21:31:55,799 [WARN] PackLoader:240 - Cannot read IP mode file for Infineon.AIROC-Wi-Fi-Bluetooth-STM32.1.7.0
2025-12-16 21:31:55,851 [WARN] PackLoader:240 - Cannot read IP mode file for STMicroelectronics.X-CUBE-AZRTOS-H7.3.4.0
2025-12-16 21:31:55,868 [WARN] PackLoader:240 - Cannot read IP mode file for STMicroelectronics.X-CUBE-DISPLAY.3.0.0
2025-12-16 21:31:55,876 [WARN] PackLoader:240 - Cannot read IP mode file for STMicroelectronics.X-CUBE-BLE1.7.0.0
2025-12-16 21:31:55,888 [WARN] PackLoader:240 - Cannot read IP mode file for STMicroelectronics.X-CUBE-NFC10.1.0.0
2025-12-16 21:31:55,900 [WARN] PackLoader:240 - Cannot read IP mode file for STMicroelectronics.X-CUBE-BLEMGR.4.0.0
2025-12-16 21:31:55,908 [WARN] PackLoader:240 - Cannot read IP mode file for STMicroelectronics.X-CUBE-ST60.1.1.0
2025-12-16 21:31:55,919 [WARN] PackLoader:240 - Cannot read IP mode file for emotas.I-CUBE-CANOPEN.1.3.0
2025-12-16 21:31:55,935 [WARN] PackLoader:240 - Cannot read IP mode file for STMicroelectronics.X-CUBE-GNSS1.7.1.0
2025-12-16 21:31:55,949 [WARN] PackLoader:240 - Cannot read IP mode file for STMicroelectronics.X-CUBE-AI.10.0.0
2025-12-16 21:31:55,963 [WARN] PackLoader:240 - Cannot read IP mode file for STMicroelectronics.FP-SNS-STBOX1.2.1.0
2025-12-16 21:31:55,976 [WARN] PackLoader:240 - Cannot read IP mode file for STMicroelectronics.FP-SNS-SMARTAG2.1.2.0
2025-12-16 21:31:55,984 [WARN] PackLoader:240 - Cannot read IP mode file for STMicroelectronics.FP-SNS-FLIGHT1.5.1.0
2025-12-16 21:31:56,093 [WARN] PackLoader:240 - Cannot read IP mode file for STMicroelectronics.X-CUBE-MEMS1.11.1.0
2025-12-16 21:31:56,218 [INFO] LogOutputStream:77 - [STDOUT_REDIRECT] 1 : Invalid condition id : UX_CORESTACK_Condition cause : null
2025-12-16 21:31:56,219 [INFO] LogOutputStream:77 - [STDOUT_REDIRECT] 1 : Invalid condition id : UX_CORESTACK_Condition cause : null
2025-12-16 21:31:56,221 [INFO] LogOutputStream:77 - [STDOUT_REDIRECT] 1 : Invalid condition id : UX_CORESTACK_Condition cause : null
2025-12-16 21:31:56,223 [INFO] LogOutputStream:77 - [STDOUT_REDIRECT] 1 : Invalid condition id : UX_CORESTACK_Condition cause : null
2025-12-16 21:31:56,224 [INFO] LogOutputStream:77 - [STDOUT_REDIRECT] 1 : Invalid condition id : UX_CORESTACK_Condition cause : null
2025-12-16 21:31:56,227 [WARN] PackLoader:240 - Cannot read IP mode file for STMicroelectronics.X-CUBE-AZRTOS-WL.2.0.0
2025-12-16 21:31:56,234 [WARN] PackLoader:240 - Cannot read IP mode file for STMicroelectronics.FP-SNS-MOTENV1.5.0.0
2025-12-16 21:31:56,251 [WARN] PackLoader:240 - Cannot read IP mode file for STMicroelectronics.X-CUBE-AZRTOS-H7RS.1.2.0
2025-12-16 21:31:56,259 [WARN] PackLoader:240 - Cannot read IP mode file for wolfSSL.I-CUBE-wolfMQTT.1.19.0
2025-12-16 21:31:56,267 [WARN] PackLoader:240 - Cannot read IP mode file for WES.I-CUBE-Cesium.1.3.0
2025-12-16 21:31:56,273 [WARN] PackLoader:240 - Cannot read IP mode file for STMicroelectronics.X-CUBE-BLE2.3.3.0
2025-12-16 21:31:56,309 [INFO] LogOutputStream:77 - [STDOUT_REDIRECT] [ThirdParty] unknown protocol: c
2025-12-16 21:31:56,310 [WARN] PackLoader:240 - Cannot read IP mode file for Avnet-IOTCONNECT.X-CUBE-iotc-st67-sdk.1.0.0
2025-12-16 21:31:56,325 [WARN] PackLoader:240 - Cannot read IP mode file for Infineon.AIROC-Wi-Fi-Bluetooth-STM32.1.8.0
2025-12-16 21:31:56,336 [WARN] PackLoader:240 - Cannot read IP mode file for STMicroelectronics.X-CUBE-NFC9.1.0.0
2025-12-16 21:31:56,341 [WARN] PackLoader:240 - Cannot read IP mode file for STMicroelectronics.X-CUBE-BLE1.7.1.0
2025-12-16 21:31:56,346 [WARN] PackLoader:240 - Cannot read IP mode file for wolfSSL.I-CUBE-wolfMQTT.1.19.2
2025-12-16 21:31:56,354 [WARN] PackLoader:240 - Cannot read IP mode file for STMicroelectronics.X-CUBE-FREERTOS.1.4.0
2025-12-16 21:31:56,362 [WARN] PackLoader:240 - Cannot read IP mode file for STMicroelectronics.X-CUBE-EEPRMA1.5.2.0
2025-12-16 21:31:56,371 [WARN] PackLoader:240 - Cannot read IP mode file for wolfSSL.I-CUBE-wolfSSL.5.8.4
2025-12-16 21:31:56,376 [WARN] PackLoader:240 - Cannot read IP mode file for Cesanta.I-CUBE-Mongoose.7.20.0
2025-12-16 21:31:56,383 [WARN] PackLoader:240 - Cannot read IP mode file for STMicroelectronics.X-CUBE-ST67W61.1.1.0
2025-12-16 21:31:56,425 [WARN] PackLoader:240 - Cannot read IP mode file for STMicroelectronics.X-CUBE-MEMS1.12.0.0
2025-12-16 21:31:56,503 [WARN] PackLoader:240 - Cannot read IP mode file for STMicroelectronics.X-CUBE-AZRTOS-G0.1.1.0
2025-12-16 21:31:56,509 [WARN] PackLoader:240 - Cannot read IP mode file for STMicroelectronics.X-CUBE-SAFEA1.1.2.2
2025-12-16 21:31:56,515 [WARN] PackLoader:240 - Cannot read IP mode file for STMicroelectronics.X-CUBE-NFC4.3.0.0
2025-12-16 21:31:56,524 [WARN] PackLoader:240 - Cannot read IP mode file for EmbeddedOffice.I-CUBE-FS-RTOS.1.0.1
2025-12-16 21:31:56,529 [WARN] PackLoader:240 - Cannot read IP mode file for STMicroelectronics.X-CUBE-WB05N.2.0.0
2025-12-16 21:31:56,535 [WARN] PackLoader:240 - Cannot read IP mode file for wolfSSL.I-CUBE-wolfTPM.3.8.0
2025-12-16 21:31:56,550 [WARN] PackLoader:240 - Cannot read IP mode file for STMicroelectronics.X-CUBE-TCPP.4.2.0
2025-12-16 21:31:56,556 [WARN] PackLoader:240 - Cannot read IP mode file for RealThread.X-CUBE-RT-Thread_Nano.4.1.1
2025-12-16 21:31:56,563 [WARN] PackLoader:240 - Cannot read IP mode file for STMicroelectronics.FP-ATR-SIGFOX1.3.2.0
2025-12-16 21:31:56,570 [WARN] ConditionMgr:438 - getConditionDescription Invalid condition id : Cortex-A Device cause : null
2025-12-16 21:31:56,585 [INFO] LogOutputStream:77 - [STDOUT_REDIRECT] [ThirdParty] unknown protocol: c
2025-12-16 21:31:56,585 [WARN] PackLoader:240 - Cannot read IP mode file for quantropi.X-CUBE-qispace-sdk-base.1.9.3
2025-12-16 21:31:56,586 [WARN] ConditionMgr:1044 - genDependencies : Invalid condition id : Cortex-A Device cause : null
2025-12-16 21:31:56,587 [WARN] ConditionMgr:1044 - genDependencies : Invalid condition id : Cortex-A Device cause : null
2025-12-16 21:31:56,587 [WARN] ConditionMgr:1044 - genDependencies : Invalid condition id : Cortex-A Device cause : null
2025-12-16 21:31:56,593 [WARN] PackLoader:240 - Cannot read IP mode file for STMicroelectronics.X-CUBE-EEPRMA1.5.1.0
2025-12-16 21:31:56,601 [WARN] PackLoader:240 - Cannot read IP mode file for wolfSSL.I-CUBE-wolfSSL.5.7.6
2025-12-16 21:31:56,607 [WARN] PackLoader:240 - Cannot read IP mode file for ITTIA_DB.I-CUBE-ITTIADB.8.9.0
2025-12-16 21:31:56,622 [WARN] PackLoader:240 - Cannot read IP mode file for STMicroelectronics.X-CUBE-ST67W61.1.0.0
2025-12-16 21:31:56,632 [WARN] PackLoader:240 - Cannot read IP mode file for STMicroelectronics.X-CUBE-AI.10.2.0
2025-12-16 21:31:56,661 [WARN] PackLoader:240 - Cannot read IP mode file for SEGGER.I-CUBE-embOS.1.3.1
2025-12-16 21:31:56,742 [WARN] PackLoader:240 - Cannot read IP mode file for STMicroelectronics.X-CUBE-ALGOBUILD.1.4.0
2025-12-16 21:31:56,806 [WARN] PackLoader:240 - Cannot read IP mode file for STMicroelectronics.X-CUBE-MEMS1.11.3.0
2025-12-16 21:31:56,959 [WARN] PackLoader:240 - Cannot read IP mode file for STMicroelectronics.X-CUBE-PM33A1.1.0.0
2025-12-16 21:31:56,973 [WARN] PackLoader:240 - Cannot read IP mode file for STMicroelectronics.X-CUBE-AZRTOS-F4.1.1.0
2025-12-16 21:31:56,988 [WARN] PackLoader:240 - Cannot read IP mode file for STMicroelectronics.X-CUBE-ISPU.2.1.0
2025-12-16 21:31:57,002 [WARN] PackLoader:240 - Cannot read IP mode file for STMicroelectronics.X-CUBE-IPS.3.2.0
2025-12-16 21:31:57,017 [WARN] PackLoader:240 - Cannot read IP mode file for STMicroelectronics.X-CUBE-NFC12.1.0.0
2025-12-16 21:31:57,032 [WARN] PackLoader:240 - Cannot read IP mode file for STMicroelectronics.X-CUBE-AZRTOS-L5.2.0.0
2025-12-16 21:31:57,041 [WARN] PackLoader:240 - Cannot read IP mode file for STMicroelectronics.X-CUBE-NFC6.3.1.0
2025-12-16 21:31:57,051 [WARN] PackLoader:240 - Cannot read IP mode file for STMicroelectronics.X-CUBE-DPower.1.2.0
2025-12-16 21:31:57,056 [WARN] PackLoader:240 - Cannot read IP mode file for STMicroelectronics.X-CUBE-FREERTOS.1.3.1
2025-12-16 21:31:57,060 [WARN] PackLoader:240 - Cannot read IP mode file for STMicroelectronics.X-CUBE-FREERTOS.1.3.0
2025-12-16 21:31:57,068 [WARN] PackLoader:240 - Cannot read IP mode file for STMicroelectronics.X-CUBE-NFC7.1.0.1
2025-12-16 21:31:57,078 [WARN] PackLoader:240 - Cannot read IP mode file for STMicroelectronics.X-CUBE-TOUCHGFX.4.26.0
2025-12-16 21:31:57,101 [WARN] PackLoader:240 - Cannot read IP mode file for STMicroelectronics.FP-SNS-STAIOTCFT.1.0.0
2025-12-16 21:31:57,106 [WARN] PackLoader:240 - Cannot read IP mode file for STMicroelectronics.X-CUBE-DPower.1.3.0
2025-12-16 21:31:57,122 [WARN] ConditionMgr:438 - getConditionDescription Invalid condition id : LAN8742 Phy interface Condition cause : null
2025-12-16 21:31:57,123 [WARN] PackLoader:240 - Cannot read IP mode file for STMicroelectronics.X-CUBE-AZRTOS-L4.2.0.0
2025-12-16 21:31:57,124 [WARN] ConditionMgr:1044 - genDependencies : Invalid condition id : LAN8742 Phy interface Condition cause : null
2025-12-16 21:31:57,124 [WARN] ConditionMgr:1044 - genDependencies : Invalid condition id : LAN8742 Phy interface Condition cause : null
2025-12-16 21:31:57,125 [WARN] ConditionMgr:1044 - genDependencies : Invalid condition id : LAN8742 Phy interface Condition cause : null
2025-12-16 21:31:57,133 [WARN] PackLoader:240 - Cannot read IP mode file for STMicroelectronics.X-CUBE-SFXS2LP1.4.0.0
2025-12-16 21:31:57,149 [WARN] PackLoader:240 - Cannot read IP mode file for STMicroelectronics.X-CUBE-AZRTOS-H7.3.3.0
2025-12-16 21:31:57,158 [WARN] PackLoader:240 - Cannot read IP mode file for STMicroelectronics.X-CUBE-BLEMGR.4.1.0
2025-12-16 21:31:57,172 [WARN] ConditionMgr:438 - getConditionDescription Invalid condition id : UX DEVICE CLASS RTOS Condition cause : null
2025-12-16 21:31:57,172 [WARN] ConditionMgr:438 - getConditionDescription Invalid condition id : UX DEVICE CLASS RTOS Condition cause : null
2025-12-16 21:31:57,174 [WARN] PackLoader:240 - Cannot read IP mode file for STMicroelectronics.X-CUBE-AZRTOS-WB.2.0.0
2025-12-16 21:31:57,174 [WARN] ConditionMgr:1044 - genDependencies : Invalid condition id : UX DEVICE CLASS RTOS Condition cause : null
2025-12-16 21:31:57,174 [WARN] ConditionMgr:1044 - genDependencies : Invalid condition id : UX DEVICE CLASS RTOS Condition cause : null
2025-12-16 21:31:57,175 [WARN] ConditionMgr:1044 - genDependencies : Invalid condition id : UX DEVICE CLASS RTOS Condition cause : null
2025-12-16 21:31:57,175 [WARN] ConditionMgr:1044 - genDependencies : Invalid condition id : UX DEVICE CLASS RTOS Condition cause : null
2025-12-16 21:31:57,175 [WARN] ConditionMgr:1044 - genDependencies : Invalid condition id : UX DEVICE CLASS RTOS Condition cause : null
2025-12-16 21:31:57,184 [WARN] PackLoader:240 - Cannot read IP mode file for STMicroelectronics.X-CUBE-GNSS1.7.0.1
2025-12-16 21:31:57,189 [WARN] PackLoader:240 - Cannot read IP mode file for STMicroelectronics.FP-SNS-STBOX1.2.0.0
2025-12-16 21:31:57,202 [WARN] ConditionMgr:438 - getConditionDescription Invalid condition id : Cortex-A Device cause : null
2025-12-16 21:31:57,241 [INFO] LogOutputStream:77 - [STDOUT_REDIRECT] [ThirdParty] unknown protocol: c
2025-12-16 21:31:57,241 [WARN] PackLoader:240 - Cannot read IP mode file for quantropi.X-CUBE-qispace-sdk-base.2.1.0
2025-12-16 21:31:57,241 [WARN] ConditionMgr:1044 - genDependencies : Invalid condition id : Cortex-A Device cause : null
2025-12-16 21:31:57,241 [WARN] ConditionMgr:1044 - genDependencies : Invalid condition id : Cortex-A Device cause : null
2025-12-16 21:31:57,241 [WARN] ConditionMgr:1044 - genDependencies : Invalid condition id : Cortex-A Device cause : null
2025-12-16 21:31:57,250 [WARN] PackLoader:240 - Cannot read IP mode file for STMicroelectronics.X-CUBE-SUBG2.5.0.0
2025-12-16 21:31:57,268 [WARN] PackLoader:240 - Cannot read IP mode file for STMicroelectronics.X-CUBE-AZRTOS-H7RS.1.1.0
2025-12-16 21:31:57,273 [WARN] PackLoader:240 - Cannot read IP mode file for Cesanta.I-CUBE-Mongoose.7.13.0
2025-12-16 21:31:57,282 [WARN] PackLoader:240 - Cannot read IP mode file for STMicroelectronics.X-CUBE-AZRTOS-G4.2.0.0
2025-12-16 21:31:57,289 [WARN] PackLoader:240 - Cannot read IP mode file for wolfSSL.I-CUBE-wolfSSH.1.4.20
2025-12-16 21:31:57,293 [WARN] PackLoader:240 - Cannot read IP mode file for STMicroelectronics.X-CUBE-NFC7.2.0.0
2025-12-16 21:31:57,301 [WARN] PackLoader:240 - Cannot read IP mode file for STMicroelectronics.X-CUBE-IPS.3.1.0
2025-12-16 21:31:57,308 [WARN] PackLoader:240 - Cannot read IP mode file for STMicroelectronics.X-CUBE-ALS.1.0.2
2025-12-16 21:31:57,313 [WARN] PackLoader:240 - Cannot read IP mode file for STMicroelectronics.X-CUBE-TOUCHGFX.4.24.2
2025-12-16 21:31:57,319 [WARN] PackLoader:240 - Cannot read IP mode file for STMicroelectronics.X-CUBE-STSE01.1.0.0
2025-12-16 21:31:57,323 [WARN] PackLoader:240 - Cannot read IP mode file for wolfSSL.I-CUBE-wolfTPM.3.4.0
2025-12-16 21:31:57,328 [WARN] PackLoader:240 - Cannot read IP mode file for portGmbH.I-Cube-SoM-uGOAL.1.1.0
2025-12-16 21:31:57,340 [WARN] PackLoader:240 - Cannot read IP mode file for STMicroelectronics.X-CUBE-AZRTOS-H7RS.1.0.0
2025-12-16 21:31:57,351 [WARN] PackLoader:240 - Cannot read IP mode file for STMicroelectronics.X-CUBE-TOF1.3.4.2
2025-12-16 21:31:57,363 [WARN] PackLoader:240 - Cannot read IP mode file for STMicroelectronics.X-CUBE-TOF1.3.4.3
2025-12-16 21:31:57,373 [WARN] PackLoader:240 - Cannot read IP mode file for wolfSSL.I-CUBE-wolfSSH.1.4.17
2025-12-16 21:31:57,374 [INFO] ThirdParty:978 - Integrity check success = true
2025-12-16 21:31:57,374 [INFO] IntegrityCheckThread:100 - exiting critical section [integrity check]
2025-12-16 21:31:57,374 [INFO] IntegrityCheckThread:103 - End integrity checks thread
2025-12-16 21:57:34,484 [ERROR] LogOutputStream:75 - [STDERR_REDIRECT] 
