2026-01-19 15:07:34,612 [INFO] Activator:176 - 


2026-01-19 15:07:34,615 [INFO] Activator:177 - !SESSION log4j initialized
2026-01-19 15:07:40,311 [INFO] LogOutputStream:77 - [STDOUT_REDIRECT] 
2026-01-19 15:07:48,147 [INFO] ApplicationProperties:184 - Using Application install path: C:\ST\STM32CubeIDE_1.19.0\STM32CubeIDE\plugins\com.st.stm32cube.common.mx_6.15.0.202507011659
2026-01-19 15:07:48,166 [INFO] DbMcusXml:78 - Set database path to: C:\ST\STM32CubeIDE_1.19.0\STM32CubeIDE\plugins\com.st.stm32cube.common.mx_6.15.0.202507011659\\db\/mcu/
2026-01-19 15:07:48,166 [INFO] ApiDb:274 - Set plugin database path to: C:\ST\STM32CubeIDE_1.19.0\STM32CubeIDE\plugins\com.st.stm32cube.common.mx_6.15.0.202507011659\\db\/plugins/boardmanager/
2026-01-19 15:07:48,167 [WARN] ApiDb:259 - Overriding images path with different value:  => C:\ST\STM32CubeIDE_1.19.0\STM32CubeIDE\plugins\com.st.stm32cube.common.mx_6.15.0.202507011659\\db\/plugins/mcufinder/images/
2026-01-19 15:07:48,176 [INFO] ApiDb:250 - Set database path to: C:\Users\Fabio Marçal\.stmcufinder\plugins\mcufinder//mcu/
2026-01-19 15:07:48,177 [INFO] DbMcusAds:125 - Set database path to: C:\Users\Fabio Marçal\.stmcufinder\plugins\mcufinder//mcu/
2026-01-19 15:07:48,179 [INFO] CrossReferenceDbSqlite:203 - Set database path to: C:\Users\Fabio Marçal\.stmcufinder\plugins\mcufinder//mcu/cs/
2026-01-19 15:07:48,303 [INFO] RulesReader:64 - Compatibility file has been processed (317 Rules)
2026-01-19 15:07:48,408 [INFO] DbMcusXml:78 - Set database path to: C:\ST\STM32CubeIDE_1.19.0\STM32CubeIDE\plugins\com.st.stm32cube.common.mx_6.15.0.202507011659\\db\/mcu/
2026-01-19 15:07:48,408 [INFO] ApiDb:274 - Set plugin database path to: C:\ST\STM32CubeIDE_1.19.0\STM32CubeIDE\plugins\com.st.stm32cube.common.mx_6.15.0.202507011659\\db\/plugins/boardmanager/
2026-01-19 15:07:48,408 [INFO] ApiDb:261 - Set plugin images path to: C:\ST\STM32CubeIDE_1.19.0\STM32CubeIDE\plugins\com.st.stm32cube.common.mx_6.15.0.202507011659\\db\/plugins/mcufinder/images/
2026-01-19 15:07:48,408 [WARN] DbFile:41 - Overriding database path with different value: C:\Users\Fabio Marçal\.stmcufinder\plugins\mcufinder/ => C:\Users\Fabio Marçal\.stmcufinder\plugins\mcufinder
2026-01-19 15:07:48,408 [INFO] ApiDb:250 - Set database path to: C:\Users\Fabio Marçal\.stmcufinder\plugins\mcufinder//mcu/
2026-01-19 15:07:48,408 [WARN] DbFile:41 - Overriding database path with different value: C:\Users\Fabio Marçal\.stmcufinder\plugins\mcufinder/ => C:\Users\Fabio Marçal\.stmcufinder\plugins\mcufinder
2026-01-19 15:07:48,408 [INFO] DbMcusAds:125 - Set database path to: C:\Users\Fabio Marçal\.stmcufinder\plugins\mcufinder//mcu/
2026-01-19 15:07:48,408 [WARN] DbFile:41 - Overriding database path with different value: C:\Users\Fabio Marçal\.stmcufinder\plugins\mcufinder/ => C:\Users\Fabio Marçal\.stmcufinder\plugins\mcufinder
2026-01-19 15:07:48,409 [WARN] DbFile:41 - Overriding database path with different value: C:\Users\Fabio Marçal\.stmcufinder\plugins\mcufinder/ => C:\Users\Fabio Marçal\.stmcufinder\plugins\mcufinder
2026-01-19 15:07:48,409 [INFO] CrossReferenceDbSqlite:203 - Set database path to: C:\Users\Fabio Marçal\.stmcufinder\plugins\mcufinder//mcu/cs/
2026-01-19 15:07:48,485 [INFO] MainPanel:274 - HeapMemory: 268435456
2026-01-19 15:07:48,596 [INFO] DbMcusXml:78 - Set database path to: C:\ST\STM32CubeIDE_1.19.0\STM32CubeIDE\plugins\com.st.stm32cube.common.mx_6.15.0.202507011659\\db\/mcu/
2026-01-19 15:07:48,596 [INFO] ApiDb:274 - Set plugin database path to: C:\ST\STM32CubeIDE_1.19.0\STM32CubeIDE\plugins\com.st.stm32cube.common.mx_6.15.0.202507011659\\db\/plugins/boardmanager/
2026-01-19 15:07:48,596 [INFO] ApiDb:261 - Set plugin images path to: C:\ST\STM32CubeIDE_1.19.0\STM32CubeIDE\plugins\com.st.stm32cube.common.mx_6.15.0.202507011659\\db\/plugins/mcufinder/images/
2026-01-19 15:07:48,596 [WARN] DbFile:41 - Overriding database path with different value: C:\Users\Fabio Marçal\.stmcufinder\plugins\mcufinder/ => C:\Users\Fabio Marçal\.stmcufinder\plugins\mcufinder
2026-01-19 15:07:48,597 [INFO] ApiDb:250 - Set database path to: C:\Users\Fabio Marçal\.stmcufinder\plugins\mcufinder//mcu/
2026-01-19 15:07:48,597 [WARN] DbFile:41 - Overriding database path with different value: C:\Users\Fabio Marçal\.stmcufinder\plugins\mcufinder/ => C:\Users\Fabio Marçal\.stmcufinder\plugins\mcufinder
2026-01-19 15:07:48,597 [INFO] DbMcusAds:125 - Set database path to: C:\Users\Fabio Marçal\.stmcufinder\plugins\mcufinder//mcu/
2026-01-19 15:07:48,597 [WARN] DbFile:41 - Overriding database path with different value: C:\Users\Fabio Marçal\.stmcufinder\plugins\mcufinder/ => C:\Users\Fabio Marçal\.stmcufinder\plugins\mcufinder
2026-01-19 15:07:48,597 [WARN] DbFile:41 - Overriding database path with different value: C:\Users\Fabio Marçal\.stmcufinder\plugins\mcufinder/ => C:\Users\Fabio Marçal\.stmcufinder\plugins\mcufinder
2026-01-19 15:07:48,597 [INFO] CrossReferenceDbSqlite:203 - Set database path to: C:\Users\Fabio Marçal\.stmcufinder\plugins\mcufinder//mcu/cs/
2026-01-19 15:07:48,616 [INFO] ApplicationProperties:184 - Using Application install path: C:\ST\STM32CubeIDE_1.19.0\STM32CubeIDE\plugins\com.st.stm32cube.common.mx_6.15.0.202507011659
2026-01-19 15:07:48,617 [INFO] PluginManage:196 - Search for loadable plugins [exclusion list=, ]
2026-01-19 15:07:48,619 [INFO] PluginManage:310 - Check plugin analytics
2026-01-19 15:07:48,811 [INFO] AnalyticsPlugin:253 - Accepted Software Licenses: 
2026-01-19 15:07:48,811 [INFO] AnalyticsPlugin:255 - Accepted CMSIS Pack Licenses: 
2026-01-19 15:07:48,812 [INFO] AnalyticsPlugin:257 - Accepted Firmware Licenses: FW.G0.1.6.0,FW.G4.1.6.0,FW.H7.1.12.0
2026-01-19 15:07:48,815 [INFO] PluginManage:359 - Loaded plugin analytics (category:tool,tabindex:-1)
2026-01-19 15:07:48,816 [INFO] PluginManage:310 - Check plugin cadmodel
2026-01-19 15:07:48,836 [INFO] CADModel:105 - Init CAD model plugin
2026-01-19 15:07:48,836 [INFO] PluginManage:359 - Loaded plugin cadmodel (category:power,tabindex:5)
2026-01-19 15:07:48,837 [INFO] PluginManage:310 - Check plugin clock
2026-01-19 15:07:48,862 [INFO] PluginManage:359 - Loaded plugin clock (category:base,tabindex:2)
2026-01-19 15:07:48,862 [INFO] PluginManage:310 - Check plugin ddr
2026-01-19 15:07:48,865 [INFO] PluginManage:359 - Loaded plugin ddr (category:tool,tabindex:6)
2026-01-19 15:07:48,865 [INFO] PluginManage:310 - Check plugin filemanager
2026-01-19 15:07:49,033 [INFO] PluginManage:359 - Loaded plugin filemanager (category:base,tabindex:10)
2026-01-19 15:07:49,033 [INFO] PluginManage:310 - Check plugin ipmanager
2026-01-19 15:07:49,040 [INFO] PluginManage:359 - Loaded plugin ipmanager (category:base,tabindex:5)
2026-01-19 15:07:49,040 [INFO] PluginManage:310 - Check plugin lpbam
2026-01-19 15:07:49,065 [INFO] PluginManage:359 - Loaded plugin lpbam (category:base,tabindex:0)
2026-01-19 15:07:49,066 [INFO] PluginManage:310 - Check plugin memorymap
2026-01-19 15:07:49,113 [INFO] PluginManage:359 - Loaded plugin memorymap (category:base,tabindex:4)
2026-01-19 15:07:49,113 [INFO] PluginManage:310 - Check plugin pinoutandconfiguration
2026-01-19 15:07:49,148 [INFO] PluginManage:359 - Loaded plugin pinoutandconfiguration (category:base,tabindex:1)
2026-01-19 15:07:49,148 [INFO] PluginManage:310 - Check plugin pinoutconfig
2026-01-19 15:07:49,265 [WARN] SupportedApi:132 - Cannot load RTOS API schema: s4s-elt-must-match.1: The content of 'definitions' must match (annotation?, (simpleType | complexType)?, (unique | key | keyref)*)). A problem was found starting at: attribute.
2026-01-19 15:07:49,390 [INFO] PluginManage:359 - Loaded plugin pinoutconfig (category:base,tabindex:0)
2026-01-19 15:07:49,390 [INFO] PluginManage:310 - Check plugin power
2026-01-19 15:07:49,416 [INFO] PluginManage:359 - Loaded plugin power (category:power,tabindex:4)
2026-01-19 15:07:49,416 [INFO] PluginManage:310 - Check plugin projectmanager
2026-01-19 15:07:49,434 [INFO] PluginManage:359 - Loaded plugin projectmanager (category:projectmanager,tabindex:4)
2026-01-19 15:07:49,434 [INFO] PluginManage:310 - Check plugin rif
2026-01-19 15:07:49,459 [INFO] PluginManage:359 - Loaded plugin rif (category:base,tabindex:3)
2026-01-19 15:07:49,460 [INFO] PluginManage:310 - Check plugin thirdparty
2026-01-19 15:07:49,808 [WARN] IntegrityCheckThread:84 - waiting for thirdparty lock release [integrity check]
2026-01-19 15:07:49,808 [INFO] IntegrityCheckThread:86 - entering critical section [integrity check]
2026-01-19 15:07:49,808 [INFO] ThirdPartyUpdaterWithRetryManager:70 - Updater plugin not ready yet. [1/15]
2026-01-19 15:07:49,809 [INFO] PluginManage:359 - Loaded plugin thirdparty (category:base,tabindex:-1)
2026-01-19 15:07:49,809 [INFO] PluginManage:310 - Check plugin tools
2026-01-19 15:07:49,857 [INFO] PluginManage:359 - Loaded plugin tools (category:base,tabindex:7)
2026-01-19 15:07:49,857 [INFO] PluginManage:310 - Check plugin tutovideos
2026-01-19 15:07:50,097 [INFO] PluginManage:359 - Loaded plugin tutovideos (category:base,tabindex:-1)
2026-01-19 15:07:50,097 [INFO] PluginManage:310 - Check plugin updater
2026-01-19 15:07:50,120 [INFO] PluginManage:359 - Loaded plugin updater (category:base,tabindex:12)
2026-01-19 15:07:50,120 [INFO] PluginManage:310 - Check plugin userauth
2026-01-19 15:07:50,124 [INFO] UserAuth:118 - Init User Auth plugin
2026-01-19 15:07:50,125 [INFO] PluginManage:359 - Loaded plugin userauth (category:base,tabindex:14)
2026-01-19 15:07:50,126 [INFO] PluginManage:283 - PluginManage : Loaded plugins [18]
2026-01-19 15:07:50,338 [INFO] PinOutPanel:1589 - setPackage(No Configuration,No Configuration)
2026-01-19 15:07:50,461 [INFO] CADModel:165 - CPN selected for project level
2026-01-19 15:07:50,461 [INFO] CADModel:114 - Register for checkConnection events
2026-01-19 15:07:50,498 [INFO] IPUIPlugin:80 - create IPUIPlugin
2026-01-19 15:07:50,498 [INFO] PluginManager:220 - loadIPPluginJar : add adc
2026-01-19 15:07:50,549 [INFO] IPUIPlugin:80 - create IPUIPlugin
2026-01-19 15:07:50,549 [INFO] PluginManager:220 - loadIPPluginJar : add aes
2026-01-19 15:07:50,609 [INFO] IPUIPlugin:80 - create IPUIPlugin
2026-01-19 15:07:50,610 [INFO] PluginManager:220 - loadIPPluginJar : add can
2026-01-19 15:07:50,646 [INFO] IPUIPlugin:80 - create IPUIPlugin
2026-01-19 15:07:50,646 [INFO] PluginManager:220 - loadIPPluginJar : add comp
2026-01-19 15:07:50,689 [INFO] IPUIPlugin:80 - create IPUIPlugin
2026-01-19 15:07:50,690 [INFO] PluginManager:220 - loadIPPluginJar : add cryp
2026-01-19 15:07:50,706 [INFO] IPUIPlugin:80 - create IPUIPlugin
2026-01-19 15:07:50,706 [INFO] PluginManager:220 - loadIPPluginJar : add ddr_ctrl_phy
2026-01-19 15:07:50,751 [INFO] IPUIPlugin:80 - create IPUIPlugin
2026-01-19 15:07:50,751 [INFO] PluginManager:220 - loadIPPluginJar : add dfsdm
2026-01-19 15:07:50,771 [INFO] IPUIPlugin:80 - create IPUIPlugin
2026-01-19 15:07:50,771 [INFO] PluginManager:220 - loadIPPluginJar : add dma
2026-01-19 15:07:50,827 [INFO] IPUIPlugin:80 - create IPUIPlugin
2026-01-19 15:07:50,827 [INFO] PluginManager:220 - loadIPPluginJar : add dma3
2026-01-19 15:07:50,879 [INFO] IPUIPlugin:80 - create IPUIPlugin
2026-01-19 15:07:50,879 [INFO] PluginManager:220 - loadIPPluginJar : add extmemmanager
2026-01-19 15:07:50,906 [INFO] IPUIPlugin:80 - create IPUIPlugin
2026-01-19 15:07:50,906 [INFO] PluginManager:220 - loadIPPluginJar : add fatfs
2026-01-19 15:07:50,962 [INFO] IPUIPlugin:80 - create IPUIPlugin
2026-01-19 15:07:50,962 [INFO] PluginManager:220 - loadIPPluginJar : add fmc
2026-01-19 15:07:50,982 [INFO] IPUIPlugin:80 - create IPUIPlugin
2026-01-19 15:07:50,982 [INFO] PluginManager:220 - loadIPPluginJar : add freertos
2026-01-19 15:07:51,010 [INFO] IPUIPlugin:80 - create IPUIPlugin
2026-01-19 15:07:51,010 [INFO] PluginManager:220 - loadIPPluginJar : add genericplugin
2026-01-19 15:07:51,129 [INFO] IPUIPlugin:80 - create IPUIPlugin
2026-01-19 15:07:51,129 [INFO] PluginManager:220 - loadIPPluginJar : add gfxmmu
2026-01-19 15:07:51,276 [INFO] IPUIPlugin:80 - create IPUIPlugin
2026-01-19 15:07:51,276 [INFO] PluginManager:220 - loadIPPluginJar : add gic
2026-01-19 15:07:51,295 [INFO] IPUIPlugin:80 - create IPUIPlugin
2026-01-19 15:07:51,295 [INFO] PluginManager:220 - loadIPPluginJar : add gpio
2026-01-19 15:07:51,411 [INFO] IPUIPlugin:80 - create IPUIPlugin
2026-01-19 15:07:51,411 [INFO] PluginManager:220 - loadIPPluginJar : add gtzc
2026-01-19 15:07:51,454 [INFO] IPUIPlugin:80 - create IPUIPlugin
2026-01-19 15:07:51,454 [INFO] PluginManager:220 - loadIPPluginJar : add hash
2026-01-19 15:07:51,513 [INFO] IPUIPlugin:80 - create IPUIPlugin
2026-01-19 15:07:51,513 [INFO] PluginManager:220 - loadIPPluginJar : add i2c
2026-01-19 15:07:51,557 [INFO] IPUIPlugin:80 - create IPUIPlugin
2026-01-19 15:07:51,557 [INFO] PluginManager:220 - loadIPPluginJar : add i2s
2026-01-19 15:07:51,603 [INFO] IPUIPlugin:80 - create IPUIPlugin
2026-01-19 15:07:51,604 [INFO] PluginManager:220 - loadIPPluginJar : add i3c
2026-01-19 15:07:51,715 [INFO] IPUIPlugin:80 - create IPUIPlugin
2026-01-19 15:07:51,715 [INFO] PluginManager:220 - loadIPPluginJar : add ipddr
2026-01-19 15:07:51,817 [INFO] IPUIPlugin:80 - create IPUIPlugin
2026-01-19 15:07:51,818 [INFO] PluginManager:220 - loadIPPluginJar : add linkedlist
2026-01-19 15:07:51,862 [INFO] IPUIPlugin:80 - create IPUIPlugin
2026-01-19 15:07:51,863 [INFO] PluginManager:220 - loadIPPluginJar : add lorawan
2026-01-19 15:07:51,906 [INFO] IPUIPlugin:80 - create IPUIPlugin
2026-01-19 15:07:51,906 [INFO] PluginManager:220 - loadIPPluginJar : add ltdc
2026-01-19 15:07:51,924 [INFO] IPUIPlugin:80 - create IPUIPlugin
2026-01-19 15:07:51,924 [INFO] PluginManager:220 - loadIPPluginJar : add mdma
2026-01-19 15:07:51,940 [INFO] IPUIPlugin:80 - create IPUIPlugin
2026-01-19 15:07:51,940 [INFO] PluginManager:220 - loadIPPluginJar : add nvic
2026-01-19 15:07:51,988 [INFO] IPUIPlugin:80 - create IPUIPlugin
2026-01-19 15:07:51,988 [INFO] PluginManager:220 - loadIPPluginJar : add opamp
2026-01-19 15:07:52,061 [INFO] IPUIPlugin:80 - create IPUIPlugin
2026-01-19 15:07:52,061 [INFO] PluginManager:220 - loadIPPluginJar : add openamp
2026-01-19 15:07:52,112 [INFO] IPUIPlugin:80 - create IPUIPlugin
2026-01-19 15:07:52,112 [INFO] PluginManager:220 - loadIPPluginJar : add pdm2pcm
2026-01-19 15:07:52,130 [INFO] IPUIPlugin:80 - create IPUIPlugin
2026-01-19 15:07:52,133 [INFO] PluginManager:220 - loadIPPluginJar : add plateformsettings
2026-01-19 15:07:52,164 [INFO] IPUIPlugin:80 - create IPUIPlugin
2026-01-19 15:07:52,164 [INFO] PluginManager:220 - loadIPPluginJar : add quadspi
2026-01-19 15:07:52,198 [INFO] IPUIPlugin:80 - create IPUIPlugin
2026-01-19 15:07:52,199 [INFO] PluginManager:220 - loadIPPluginJar : add radio
2026-01-19 15:07:52,216 [INFO] IPUIPlugin:80 - create IPUIPlugin
2026-01-19 15:07:52,216 [INFO] PluginManager:220 - loadIPPluginJar : add resmgrutility
2026-01-19 15:07:52,269 [INFO] IPUIPlugin:80 - create IPUIPlugin
2026-01-19 15:07:52,269 [INFO] PluginManager:220 - loadIPPluginJar : add sai
2026-01-19 15:07:52,311 [INFO] IPUIPlugin:80 - create IPUIPlugin
2026-01-19 15:07:52,311 [INFO] PluginManager:220 - loadIPPluginJar : add spi
2026-01-19 15:07:52,395 [INFO] IPUIPlugin:80 - create IPUIPlugin
2026-01-19 15:07:52,395 [INFO] PluginManager:220 - loadIPPluginJar : add stm32_wpan
2026-01-19 15:07:52,427 [INFO] IPUIPlugin:80 - create IPUIPlugin
2026-01-19 15:07:52,427 [INFO] PluginManager:220 - loadIPPluginJar : add tim
2026-01-19 15:07:52,494 [INFO] IPUIPlugin:80 - create IPUIPlugin
2026-01-19 15:07:52,494 [INFO] PluginManager:220 - loadIPPluginJar : add touchsensing
2026-01-19 15:07:52,522 [INFO] IPUIPlugin:80 - create IPUIPlugin
2026-01-19 15:07:52,522 [INFO] PluginManager:220 - loadIPPluginJar : add tracer_emb
2026-01-19 15:07:52,551 [INFO] IPUIPlugin:80 - create IPUIPlugin
2026-01-19 15:07:52,551 [INFO] PluginManager:220 - loadIPPluginJar : add ts
2026-01-19 15:07:52,580 [INFO] IPUIPlugin:80 - create IPUIPlugin
2026-01-19 15:07:52,580 [INFO] PluginManager:220 - loadIPPluginJar : add tsc
2026-01-19 15:07:52,606 [INFO] IPUIPlugin:80 - create IPUIPlugin
2026-01-19 15:07:52,607 [INFO] PluginManager:220 - loadIPPluginJar : add ucpd
2026-01-19 15:07:52,655 [INFO] IPUIPlugin:80 - create IPUIPlugin
2026-01-19 15:07:52,655 [INFO] PluginManager:220 - loadIPPluginJar : add usart
2026-01-19 15:07:52,706 [INFO] IPUIPlugin:80 - create IPUIPlugin
2026-01-19 15:07:52,706 [INFO] PluginManager:220 - loadIPPluginJar : add usbx
2026-01-19 15:07:52,809 [INFO] ThirdPartyUpdaterWithRetryManager:70 - Updater plugin not ready yet. [2/15]
2026-01-19 15:07:52,829 [FATAL] Updater:351 - Updater called before beeing initialized
2026-01-19 15:07:52,868 [INFO] RulesReader:64 - Compatibility file has been processed (317 Rules)
2026-01-19 15:07:52,885 [INFO] RulesReader:64 - Compatibility file has been processed (317 Rules)
2026-01-19 15:07:52,899 [INFO] CADModel:165 - CPN selected for project level
2026-01-19 15:07:52,900 [INFO] CADModel:114 - Register for checkConnection events
2026-01-19 15:07:52,900 [FATAL] Updater:351 - Updater called before beeing initialized
2026-01-19 15:07:52,900 [ERROR] CADModel:125 - Updater not yet initialized, retry later 
2026-01-19 15:07:53,053 [FATAL] Updater:351 - Updater called before beeing initialized
2026-01-19 15:07:53,055 [INFO] CADModel:165 - CPN selected for project level
2026-01-19 15:07:53,055 [INFO] CADModel:114 - Register for checkConnection events
2026-01-19 15:07:53,055 [FATAL] Updater:351 - Updater called before beeing initialized
2026-01-19 15:07:53,056 [ERROR] CADModel:125 - Updater not yet initialized, retry later 
2026-01-19 15:07:53,059 [FATAL] Updater:351 - Updater called before beeing initialized
2026-01-19 15:07:53,158 [FATAL] Updater:351 - Updater called before beeing initialized
2026-01-19 15:07:53,172 [INFO] DbMcusAds:53 - JSON generation date=Tue Dec 16 00:11:46 CET 2025 (1765840306612)
2026-01-19 15:07:53,172 [FATAL] Updater:351 - Updater called before beeing initialized
2026-01-19 15:07:53,208 [WARN] DetailPanel:346 - Failed to get advertising image, set to default
2026-01-19 15:07:53,285 [FATAL] Updater:351 - Updater called before beeing initialized
2026-01-19 15:07:53,288 [FATAL] Updater:351 - Updater called before beeing initialized
2026-01-19 15:07:53,288 [FATAL] Updater:351 - Updater called before beeing initialized
2026-01-19 15:07:53,289 [WARN] DetailPanel:346 - Failed to get advertising image, set to default
2026-01-19 15:07:53,290 [FATAL] Updater:351 - Updater called before beeing initialized
2026-01-19 15:07:53,348 [ERROR] Updater:1198 - MainUpdater not yet initialized. External WinMGr cannot be set.
2026-01-19 15:07:53,360 [INFO] Updater:1134 - Updater Version found : 6.15.0
2026-01-19 15:07:53,381 [INFO] ApplicationProperties:184 - Using Application install path: C:\ST\STM32CubeIDE_1.19.0\STM32CubeIDE\plugins\com.st.stm32cube.common.mx_6.15.0.202507011659
2026-01-19 15:07:54,973 [ERROR] LogOutputStream:75 - [STDERR_REDIRECT] Jan 19, 2026 3:07:54 PM java.util.prefs.WindowsPreferences <init>
2026-01-19 15:07:54,976 [ERROR] LogOutputStream:75 - [STDERR_REDIRECT] WARNING: Could not open/create prefs root node Software\JavaSoft\Prefs at root 0xffffffff80000002. Windows RegCreateKeyEx(...) returned error code 5.
2026-01-19 15:07:54,976 [ERROR] LogOutputStream:75 - [STDERR_REDIRECT] 
2026-01-19 15:07:55,420 [INFO] MainUpdater:2872 - connection check result : 10
2026-01-19 15:07:55,420 [INFO] MainUpdater:3604 - Updater definition file requires update
2026-01-19 15:07:55,421 [INFO] MainUpdater:289 - Updater Check For Update Now.
2026-01-19 15:07:55,421 [INFO] MicroXplorer:498 - Change Database Version : DB.6.0.150
2026-01-19 15:07:55,445 [INFO] McuFinderGlobals:63 - Set McuFinder mode to 2 (CubeIDE integrated)
2026-01-19 15:07:55,453 [INFO] UserAuth:487 - Internet connection configuration mode: 1
2026-01-19 15:07:55,482 [INFO] ServerAccessManage:452 - Complete download http(s) 200
2026-01-19 15:07:55,483 [INFO] ServerAccessManage:509 - Download File updaters.zip
2026-01-19 15:07:55,485 [INFO] JxBrowserEngine:152 - Initiate JxBrowser Engine with user profile folder
2026-01-19 15:07:55,588 [INFO] FileExtend:248 - Unzip File : updaters.zip
2026-01-19 15:07:55,589 [INFO] FileExtend:263 - Standard Zip Deflate
2026-01-19 15:07:55,811 [WARN] MainUpdater:1193 - Updater busy. Cannot search thirdparties
2026-01-19 15:07:55,813 [INFO] ThirdPartyUpdaterWithRetryManager:96 - Updater plugin is busy. [1/15]
2026-01-19 15:07:56,348 [INFO] ServerAccessManage:452 - Complete download http(s) 200
2026-01-19 15:07:56,348 [INFO] ServerAccessManage:509 - Download File PacksControlFlags.xml
2026-01-19 15:07:56,422 [INFO] ServerAccessManage:452 - Complete download http(s) 200
2026-01-19 15:07:56,422 [INFO] ServerAccessManage:509 - Download File cubemx.pidx
2026-01-19 15:07:57,743 [INFO] ServerAccessManage:452 - Complete download http(s) 200
2026-01-19 15:07:57,743 [INFO] ServerAccessManage:509 - Download File STMicroelectronics.X-CUBE-ST67W61.pdsc
2026-01-19 15:07:58,174 [INFO] WebApp:169 - Instantiating new browser for Auth
2026-01-19 15:07:58,813 [WARN] PackLoader:240 - Cannot read IP mode file for STMicroelectronics.X-CUBE-ST67W61.1.2.0
2026-01-19 15:07:58,814 [WARN] MainUpdater:1193 - Updater busy. Cannot search thirdparties
2026-01-19 15:07:58,814 [INFO] ThirdPartyUpdaterWithRetryManager:96 - Updater plugin is busy. [2/15]
2026-01-19 15:07:58,816 [INFO] PopulateThirdPartyThread:66 - Ending populate Thread
2026-01-19 15:07:58,817 [INFO] ThirdParty:1030 - CMSIS Pack Vendor :STMicroelectronics X-CUBE-ST67W61 1.2.0
2026-01-19 15:07:58,818 [INFO] LoadServerUpdatesThread:375 - End of LoadServerUpdate Thread
2026-01-19 15:07:58,862 [INFO] CheckServerUpdateThread:120 - End of CheckServer Thread
2026-01-19 15:07:59,074 [INFO] WebApp:463 - Apply proxy settings
2026-01-19 15:07:59,075 [INFO] WebApp:548 - Chromium requires no authentication
2026-01-19 15:07:59,085 [INFO] WebApp:491 - Direct internet connection detected
2026-01-19 15:07:59,110 [INFO] WebApp:900 - Register for checkConnection events
2026-01-19 15:07:59,111 [INFO] WebApp:463 - Apply proxy settings
2026-01-19 15:07:59,111 [INFO] WebApp:548 - Chromium requires no authentication
2026-01-19 15:07:59,111 [INFO] WebApp:491 - Direct internet connection detected
2026-01-19 15:07:59,278 [INFO] WebApp:225 - Starting web application
2026-01-19 15:07:59,278 [INFO] WebApp:593 - Web application path used C:\ST\STM32CubeIDE_1.19.0\STM32CubeIDE\plugins\com.st.stm32cube.common.mx_6.15.0.202507011659\db\plugins\mcufinder\reactClient1\index.html
2026-01-19 15:07:59,423 [INFO] UserAuth:487 - Internet connection configuration mode: 1
2026-01-19 15:07:59,534 [INFO] WebApp:191 - Connection restablished
2026-01-19 15:08:02,113 [WARN] PackLoader:240 - Cannot read IP mode file for STMicroelectronics.FP-SNS-MOTENVWB1.1.4.0
2026-01-19 15:08:02,123 [WARN] PackLoader:240 - Cannot read IP mode file for STMicroelectronics.FP-ATR-ASTRA1.2.0.2
2026-01-19 15:08:02,141 [WARN] PackLoader:240 - Cannot read IP mode file for STMicroelectronics.FP-ATR-ASTRA1.2.0.1
2026-01-19 15:08:02,162 [WARN] PackLoader:240 - Cannot read IP mode file for STMicroelectronics.X-CUBE-SMBUS.2.1.0
2026-01-19 15:08:02,182 [WARN] PackLoader:240 - Cannot read IP mode file for STMicroelectronics.X-CUBE-WB05N.1.1.0
2026-01-19 15:08:02,198 [WARN] PackLoader:240 - Cannot read IP mode file for STMicroelectronics.X-CUBE-ST60.1.0.0
2026-01-19 15:08:02,235 [WARN] PackLoader:240 - Cannot read IP mode file for STMicroelectronics.X-CUBE-AZRTOS-F7.1.1.0
2026-01-19 15:08:02,259 [WARN] PackLoader:240 - Cannot read IP mode file for STMicroelectronics.FP-SNS-MOTENV1.5.1.0
2026-01-19 15:08:02,281 [WARN] PackLoader:240 - Cannot read IP mode file for WES.I-CUBE-Cesium.1.4.0
2026-01-19 15:08:02,297 [WARN] PackLoader:240 - Cannot read IP mode file for STMicroelectronics.FP-SNS-FLIGHT1.5.0.2
2026-01-19 15:08:02,346 [WARN] PackLoader:240 - Cannot read IP mode file for Infineon.AIROC-Wi-Fi-Bluetooth-STM32.1.7.0
2026-01-19 15:08:02,392 [WARN] PackLoader:240 - Cannot read IP mode file for STMicroelectronics.X-CUBE-AZRTOS-H7.3.4.0
2026-01-19 15:08:02,416 [WARN] PackLoader:240 - Cannot read IP mode file for STMicroelectronics.X-CUBE-DISPLAY.3.0.0
2026-01-19 15:08:02,436 [WARN] PackLoader:240 - Cannot read IP mode file for STMicroelectronics.X-CUBE-BLE1.7.0.0
2026-01-19 15:08:02,455 [WARN] PackLoader:240 - Cannot read IP mode file for STMicroelectronics.X-CUBE-NFC10.1.0.0
2026-01-19 15:08:02,478 [WARN] PackLoader:240 - Cannot read IP mode file for STMicroelectronics.X-CUBE-BLEMGR.4.0.0
2026-01-19 15:08:02,499 [WARN] PackLoader:240 - Cannot read IP mode file for STMicroelectronics.X-CUBE-ST60.1.1.0
2026-01-19 15:08:02,520 [WARN] PackLoader:240 - Cannot read IP mode file for emotas.I-CUBE-CANOPEN.1.3.0
2026-01-19 15:08:02,538 [WARN] PackLoader:240 - Cannot read IP mode file for STMicroelectronics.X-CUBE-GNSS1.7.1.0
2026-01-19 15:08:02,557 [WARN] PackLoader:240 - Cannot read IP mode file for STMicroelectronics.X-CUBE-AI.10.0.0
2026-01-19 15:08:02,578 [WARN] PackLoader:240 - Cannot read IP mode file for STMicroelectronics.FP-SNS-STBOX1.2.1.0
2026-01-19 15:08:02,597 [WARN] PackLoader:240 - Cannot read IP mode file for STMicroelectronics.FP-SNS-SMARTAG2.1.2.0
2026-01-19 15:08:02,603 [WARN] PackLoader:240 - Cannot read IP mode file for STMicroelectronics.FP-SNS-FLIGHT1.5.1.0
2026-01-19 15:08:02,647 [WARN] PackLoader:240 - Cannot read IP mode file for STMicroelectronics.X-CUBE-MEMS1.11.1.0
2026-01-19 15:08:02,743 [INFO] LogOutputStream:77 - [STDOUT_REDIRECT] 1 : Invalid condition id : UX_CORESTACK_Condition cause : null
2026-01-19 15:08:02,745 [INFO] LogOutputStream:77 - [STDOUT_REDIRECT] 1 : Invalid condition id : UX_CORESTACK_Condition cause : null
2026-01-19 15:08:02,746 [INFO] LogOutputStream:77 - [STDOUT_REDIRECT] 1 : Invalid condition id : UX_CORESTACK_Condition cause : null
2026-01-19 15:08:02,747 [INFO] LogOutputStream:77 - [STDOUT_REDIRECT] 1 : Invalid condition id : UX_CORESTACK_Condition cause : null
2026-01-19 15:08:02,748 [INFO] LogOutputStream:77 - [STDOUT_REDIRECT] 1 : Invalid condition id : UX_CORESTACK_Condition cause : null
2026-01-19 15:08:02,749 [WARN] PackLoader:240 - Cannot read IP mode file for STMicroelectronics.X-CUBE-AZRTOS-WL.2.0.0
2026-01-19 15:08:02,766 [WARN] PackLoader:240 - Cannot read IP mode file for STMicroelectronics.FP-SNS-MOTENV1.5.0.0
2026-01-19 15:08:02,797 [WARN] PackLoader:240 - Cannot read IP mode file for STMicroelectronics.X-CUBE-AZRTOS-H7RS.1.2.0
2026-01-19 15:08:02,816 [WARN] PackLoader:240 - Cannot read IP mode file for wolfSSL.I-CUBE-wolfMQTT.1.19.0
2026-01-19 15:08:02,834 [WARN] PackLoader:240 - Cannot read IP mode file for WES.I-CUBE-Cesium.1.3.0
2026-01-19 15:08:02,851 [WARN] PackLoader:240 - Cannot read IP mode file for STMicroelectronics.X-CUBE-BLE2.3.3.0
2026-01-19 15:08:02,869 [INFO] LogOutputStream:77 - [STDOUT_REDIRECT] [ThirdParty] unknown protocol: c
2026-01-19 15:08:02,870 [WARN] PackLoader:240 - Cannot read IP mode file for Avnet-IOTCONNECT.X-CUBE-iotc-st67-sdk.1.0.0
2026-01-19 15:08:02,908 [WARN] PackLoader:240 - Cannot read IP mode file for Infineon.AIROC-Wi-Fi-Bluetooth-STM32.1.8.0
2026-01-19 15:08:02,932 [WARN] PackLoader:240 - Cannot read IP mode file for STMicroelectronics.X-CUBE-NFC9.1.0.0
2026-01-19 15:08:02,951 [WARN] PackLoader:240 - Cannot read IP mode file for STMicroelectronics.X-CUBE-BLE1.7.1.0
2026-01-19 15:08:02,956 [WARN] PackLoader:240 - Cannot read IP mode file for wolfSSL.I-CUBE-wolfMQTT.1.19.2
2026-01-19 15:08:02,979 [WARN] PackLoader:240 - Cannot read IP mode file for STMicroelectronics.X-CUBE-FREERTOS.1.4.0
2026-01-19 15:08:02,999 [WARN] PackLoader:240 - Cannot read IP mode file for STMicroelectronics.X-CUBE-EEPRMA1.5.2.0
2026-01-19 15:08:03,017 [WARN] PackLoader:240 - Cannot read IP mode file for wolfSSL.I-CUBE-wolfSSL.5.8.4
2026-01-19 15:08:03,022 [WARN] PackLoader:240 - Cannot read IP mode file for Cesanta.I-CUBE-Mongoose.7.20.0
2026-01-19 15:08:03,040 [WARN] PackLoader:240 - Cannot read IP mode file for STMicroelectronics.X-CUBE-ST67W61.1.1.0
2026-01-19 15:08:03,083 [WARN] PackLoader:240 - Cannot read IP mode file for STMicroelectronics.X-CUBE-MEMS1.12.0.0
2026-01-19 15:08:03,148 [WARN] PackLoader:240 - Cannot read IP mode file for STMicroelectronics.X-CUBE-AZRTOS-G0.1.1.0
2026-01-19 15:08:03,166 [WARN] PackLoader:240 - Cannot read IP mode file for STMicroelectronics.X-CUBE-SAFEA1.1.2.2
2026-01-19 15:08:03,186 [WARN] PackLoader:240 - Cannot read IP mode file for STMicroelectronics.X-CUBE-NFC4.3.0.0
2026-01-19 15:08:03,209 [WARN] PackLoader:240 - Cannot read IP mode file for EmbeddedOffice.I-CUBE-FS-RTOS.1.0.1
2026-01-19 15:08:03,230 [WARN] PackLoader:240 - Cannot read IP mode file for STMicroelectronics.X-CUBE-WB05N.2.0.0
2026-01-19 15:08:03,236 [WARN] PackLoader:240 - Cannot read IP mode file for wolfSSL.I-CUBE-wolfTPM.3.8.0
2026-01-19 15:08:03,259 [WARN] PackLoader:240 - Cannot read IP mode file for STMicroelectronics.X-CUBE-TCPP.4.2.0
2026-01-19 15:08:03,278 [WARN] PackLoader:240 - Cannot read IP mode file for RealThread.X-CUBE-RT-Thread_Nano.4.1.1
2026-01-19 15:08:03,284 [WARN] PackLoader:240 - Cannot read IP mode file for STMicroelectronics.FP-ATR-SIGFOX1.3.2.0
2026-01-19 15:08:03,300 [WARN] ConditionMgr:438 - getConditionDescription Invalid condition id : Cortex-A Device cause : null
2026-01-19 15:08:03,310 [INFO] LogOutputStream:77 - [STDOUT_REDIRECT] [ThirdParty] unknown protocol: c
2026-01-19 15:08:03,311 [WARN] PackLoader:240 - Cannot read IP mode file for quantropi.X-CUBE-qispace-sdk-base.1.9.3
2026-01-19 15:08:03,311 [WARN] ConditionMgr:1044 - genDependencies : Invalid condition id : Cortex-A Device cause : null
2026-01-19 15:08:03,311 [WARN] ConditionMgr:1044 - genDependencies : Invalid condition id : Cortex-A Device cause : null
2026-01-19 15:08:03,311 [WARN] ConditionMgr:1044 - genDependencies : Invalid condition id : Cortex-A Device cause : null
2026-01-19 15:08:03,330 [WARN] PackLoader:240 - Cannot read IP mode file for STMicroelectronics.X-CUBE-EEPRMA1.5.1.0
2026-01-19 15:08:03,346 [WARN] PackLoader:240 - Cannot read IP mode file for wolfSSL.I-CUBE-wolfSSL.5.7.6
2026-01-19 15:08:03,368 [WARN] PackLoader:240 - Cannot read IP mode file for ITTIA_DB.I-CUBE-ITTIADB.8.9.0
2026-01-19 15:08:03,390 [WARN] PackLoader:240 - Cannot read IP mode file for STMicroelectronics.X-CUBE-ST67W61.1.0.0
2026-01-19 15:08:03,407 [WARN] PackLoader:240 - Cannot read IP mode file for STMicroelectronics.X-CUBE-AI.10.2.0
2026-01-19 15:08:03,438 [WARN] PackLoader:240 - Cannot read IP mode file for SEGGER.I-CUBE-embOS.1.3.1
2026-01-19 15:08:03,475 [WARN] PackLoader:240 - Cannot read IP mode file for STMicroelectronics.X-CUBE-ALGOBUILD.1.4.0
2026-01-19 15:08:03,531 [WARN] PackLoader:240 - Cannot read IP mode file for STMicroelectronics.X-CUBE-MEMS1.11.3.0
2026-01-19 15:08:03,609 [WARN] PackLoader:240 - Cannot read IP mode file for STMicroelectronics.X-CUBE-PM33A1.1.0.0
2026-01-19 15:08:03,638 [WARN] PackLoader:240 - Cannot read IP mode file for STMicroelectronics.X-CUBE-AZRTOS-F4.1.1.0
2026-01-19 15:08:03,663 [WARN] PackLoader:240 - Cannot read IP mode file for STMicroelectronics.X-CUBE-ISPU.2.1.0
2026-01-19 15:08:03,692 [WARN] PackLoader:240 - Cannot read IP mode file for STMicroelectronics.X-CUBE-IPS.3.2.0
2026-01-19 15:08:03,787 [WARN] PackLoader:240 - Cannot read IP mode file for STMicroelectronics.X-CUBE-NFC12.1.0.0
2026-01-19 15:08:03,819 [WARN] PackLoader:240 - Cannot read IP mode file for STMicroelectronics.X-CUBE-AZRTOS-L5.2.0.0
2026-01-19 15:08:03,839 [WARN] PackLoader:240 - Cannot read IP mode file for STMicroelectronics.X-CUBE-NFC6.3.1.0
2026-01-19 15:08:03,857 [WARN] PackLoader:240 - Cannot read IP mode file for STMicroelectronics.X-CUBE-DPower.1.2.0
2026-01-19 15:08:03,874 [WARN] PackLoader:240 - Cannot read IP mode file for STMicroelectronics.X-CUBE-FREERTOS.1.3.1
2026-01-19 15:08:03,891 [WARN] PackLoader:240 - Cannot read IP mode file for STMicroelectronics.X-CUBE-FREERTOS.1.3.0
2026-01-19 15:08:03,908 [WARN] PackLoader:240 - Cannot read IP mode file for STMicroelectronics.X-CUBE-NFC7.1.0.1
2026-01-19 15:08:03,928 [WARN] PackLoader:240 - Cannot read IP mode file for STMicroelectronics.X-CUBE-TOUCHGFX.4.26.0
2026-01-19 15:08:03,946 [WARN] PackLoader:240 - Cannot read IP mode file for STMicroelectronics.FP-SNS-STAIOTCFT.1.0.0
2026-01-19 15:08:03,963 [WARN] PackLoader:240 - Cannot read IP mode file for STMicroelectronics.X-CUBE-DPower.1.3.0
2026-01-19 15:08:03,993 [WARN] ConditionMgr:438 - getConditionDescription Invalid condition id : LAN8742 Phy interface Condition cause : null
2026-01-19 15:08:03,994 [WARN] PackLoader:240 - Cannot read IP mode file for STMicroelectronics.X-CUBE-AZRTOS-L4.2.0.0
2026-01-19 15:08:03,995 [WARN] ConditionMgr:1044 - genDependencies : Invalid condition id : LAN8742 Phy interface Condition cause : null
2026-01-19 15:08:03,995 [WARN] ConditionMgr:1044 - genDependencies : Invalid condition id : LAN8742 Phy interface Condition cause : null
2026-01-19 15:08:03,995 [WARN] ConditionMgr:1044 - genDependencies : Invalid condition id : LAN8742 Phy interface Condition cause : null
2026-01-19 15:08:04,014 [WARN] PackLoader:240 - Cannot read IP mode file for STMicroelectronics.X-CUBE-SFXS2LP1.4.0.0
2026-01-19 15:08:04,019 [WARN] PackLoader:240 - Cannot read IP mode file for STMicroelectronics.X-CUBE-ST67W61.1.2.0
2026-01-19 15:08:04,048 [WARN] PackLoader:240 - Cannot read IP mode file for STMicroelectronics.X-CUBE-AZRTOS-H7.3.3.0
2026-01-19 15:08:04,069 [WARN] PackLoader:240 - Cannot read IP mode file for STMicroelectronics.X-CUBE-BLEMGR.4.1.0
2026-01-19 15:08:04,098 [WARN] ConditionMgr:438 - getConditionDescription Invalid condition id : UX DEVICE CLASS RTOS Condition cause : null
2026-01-19 15:08:04,098 [WARN] ConditionMgr:438 - getConditionDescription Invalid condition id : UX DEVICE CLASS RTOS Condition cause : null
2026-01-19 15:08:04,100 [WARN] PackLoader:240 - Cannot read IP mode file for STMicroelectronics.X-CUBE-AZRTOS-WB.2.0.0
2026-01-19 15:08:04,100 [WARN] ConditionMgr:1044 - genDependencies : Invalid condition id : UX DEVICE CLASS RTOS Condition cause : null
2026-01-19 15:08:04,100 [WARN] ConditionMgr:1044 - genDependencies : Invalid condition id : UX DEVICE CLASS RTOS Condition cause : null
2026-01-19 15:08:04,100 [WARN] ConditionMgr:1044 - genDependencies : Invalid condition id : UX DEVICE CLASS RTOS Condition cause : null
2026-01-19 15:08:04,100 [WARN] ConditionMgr:1044 - genDependencies : Invalid condition id : UX DEVICE CLASS RTOS Condition cause : null
2026-01-19 15:08:04,100 [WARN] ConditionMgr:1044 - genDependencies : Invalid condition id : UX DEVICE CLASS RTOS Condition cause : null
2026-01-19 15:08:04,119 [WARN] PackLoader:240 - Cannot read IP mode file for STMicroelectronics.X-CUBE-GNSS1.7.0.1
2026-01-19 15:08:04,138 [WARN] PackLoader:240 - Cannot read IP mode file for STMicroelectronics.FP-SNS-STBOX1.2.0.0
2026-01-19 15:08:04,143 [WARN] ConditionMgr:438 - getConditionDescription Invalid condition id : Cortex-A Device cause : null
2026-01-19 15:08:04,151 [INFO] LogOutputStream:77 - [STDOUT_REDIRECT] [ThirdParty] unknown protocol: c
2026-01-19 15:08:04,151 [WARN] PackLoader:240 - Cannot read IP mode file for quantropi.X-CUBE-qispace-sdk-base.2.1.0
2026-01-19 15:08:04,151 [WARN] ConditionMgr:1044 - genDependencies : Invalid condition id : Cortex-A Device cause : null
2026-01-19 15:08:04,151 [WARN] ConditionMgr:1044 - genDependencies : Invalid condition id : Cortex-A Device cause : null
2026-01-19 15:08:04,151 [WARN] ConditionMgr:1044 - genDependencies : Invalid condition id : Cortex-A Device cause : null
2026-01-19 15:08:04,173 [WARN] PackLoader:240 - Cannot read IP mode file for STMicroelectronics.X-CUBE-SUBG2.5.0.0
2026-01-19 15:08:04,205 [WARN] PackLoader:240 - Cannot read IP mode file for STMicroelectronics.X-CUBE-AZRTOS-H7RS.1.1.0
2026-01-19 15:08:04,223 [WARN] PackLoader:240 - Cannot read IP mode file for Cesanta.I-CUBE-Mongoose.7.13.0
2026-01-19 15:08:04,253 [WARN] PackLoader:240 - Cannot read IP mode file for STMicroelectronics.X-CUBE-AZRTOS-G4.2.0.0
2026-01-19 15:08:04,260 [WARN] PackLoader:240 - Cannot read IP mode file for wolfSSL.I-CUBE-wolfSSH.1.4.20
2026-01-19 15:08:04,276 [WARN] PackLoader:240 - Cannot read IP mode file for STMicroelectronics.X-CUBE-NFC7.2.0.0
2026-01-19 15:08:04,295 [WARN] PackLoader:240 - Cannot read IP mode file for STMicroelectronics.X-CUBE-IPS.3.1.0
2026-01-19 15:08:04,314 [WARN] PackLoader:240 - Cannot read IP mode file for STMicroelectronics.X-CUBE-ALS.1.0.2
2026-01-19 15:08:04,331 [WARN] PackLoader:240 - Cannot read IP mode file for STMicroelectronics.X-CUBE-TOUCHGFX.4.24.2
2026-01-19 15:08:04,347 [WARN] PackLoader:240 - Cannot read IP mode file for STMicroelectronics.X-CUBE-STSE01.1.0.0
2026-01-19 15:08:04,363 [WARN] PackLoader:240 - Cannot read IP mode file for wolfSSL.I-CUBE-wolfTPM.3.4.0
2026-01-19 15:08:04,381 [WARN] PackLoader:240 - Cannot read IP mode file for portGmbH.I-Cube-SoM-uGOAL.1.1.0
2026-01-19 15:08:04,415 [WARN] PackLoader:240 - Cannot read IP mode file for STMicroelectronics.X-CUBE-AZRTOS-H7RS.1.0.0
2026-01-19 15:08:04,437 [WARN] PackLoader:240 - Cannot read IP mode file for STMicroelectronics.X-CUBE-TOF1.3.4.2
2026-01-19 15:08:04,461 [WARN] PackLoader:240 - Cannot read IP mode file for STMicroelectronics.X-CUBE-TOF1.3.4.3
2026-01-19 15:08:04,480 [WARN] PackLoader:240 - Cannot read IP mode file for wolfSSL.I-CUBE-wolfSSH.1.4.17
2026-01-19 15:08:04,481 [INFO] ThirdParty:978 - Integrity check success = true
2026-01-19 15:08:04,481 [INFO] IntegrityCheckThread:100 - exiting critical section [integrity check]
2026-01-19 15:08:04,481 [INFO] IntegrityCheckThread:103 - End integrity checks thread
2026-01-19 15:56:56,089 [INFO] Activator:176 - 


2026-01-19 15:56:56,091 [INFO] Activator:177 - !SESSION log4j initialized
2026-01-19 15:57:00,907 [INFO] LogOutputStream:77 - [STDOUT_REDIRECT] 
2026-01-19 15:57:02,560 [INFO] ApplicationProperties:184 - Using Application install path: C:\ST\STM32CubeIDE_1.19.0\STM32CubeIDE\plugins\com.st.stm32cube.common.mx_6.15.0.202507011659
2026-01-19 15:57:02,575 [INFO] DbMcusXml:78 - Set database path to: C:\ST\STM32CubeIDE_1.19.0\STM32CubeIDE\plugins\com.st.stm32cube.common.mx_6.15.0.202507011659\\db\/mcu/
2026-01-19 15:57:02,575 [INFO] ApiDb:274 - Set plugin database path to: C:\ST\STM32CubeIDE_1.19.0\STM32CubeIDE\plugins\com.st.stm32cube.common.mx_6.15.0.202507011659\\db\/plugins/boardmanager/
2026-01-19 15:57:02,575 [WARN] ApiDb:259 - Overriding images path with different value:  => C:\ST\STM32CubeIDE_1.19.0\STM32CubeIDE\plugins\com.st.stm32cube.common.mx_6.15.0.202507011659\\db\/plugins/mcufinder/images/
2026-01-19 15:57:02,581 [INFO] ApiDb:250 - Set database path to: C:\Users\Fabio Marçal\.stmcufinder\plugins\mcufinder//mcu/
2026-01-19 15:57:02,583 [INFO] DbMcusAds:125 - Set database path to: C:\Users\Fabio Marçal\.stmcufinder\plugins\mcufinder//mcu/
2026-01-19 15:57:02,584 [INFO] CrossReferenceDbSqlite:203 - Set database path to: C:\Users\Fabio Marçal\.stmcufinder\plugins\mcufinder//mcu/cs/
2026-01-19 15:57:02,689 [INFO] RulesReader:64 - Compatibility file has been processed (317 Rules)
2026-01-19 15:57:02,773 [INFO] DbMcusXml:78 - Set database path to: C:\ST\STM32CubeIDE_1.19.0\STM32CubeIDE\plugins\com.st.stm32cube.common.mx_6.15.0.202507011659\\db\/mcu/
2026-01-19 15:57:02,773 [INFO] ApiDb:274 - Set plugin database path to: C:\ST\STM32CubeIDE_1.19.0\STM32CubeIDE\plugins\com.st.stm32cube.common.mx_6.15.0.202507011659\\db\/plugins/boardmanager/
2026-01-19 15:57:02,773 [INFO] ApiDb:261 - Set plugin images path to: C:\ST\STM32CubeIDE_1.19.0\STM32CubeIDE\plugins\com.st.stm32cube.common.mx_6.15.0.202507011659\\db\/plugins/mcufinder/images/
2026-01-19 15:57:02,773 [WARN] DbFile:41 - Overriding database path with different value: C:\Users\Fabio Marçal\.stmcufinder\plugins\mcufinder/ => C:\Users\Fabio Marçal\.stmcufinder\plugins\mcufinder
2026-01-19 15:57:02,773 [INFO] ApiDb:250 - Set database path to: C:\Users\Fabio Marçal\.stmcufinder\plugins\mcufinder//mcu/
2026-01-19 15:57:02,774 [WARN] DbFile:41 - Overriding database path with different value: C:\Users\Fabio Marçal\.stmcufinder\plugins\mcufinder/ => C:\Users\Fabio Marçal\.stmcufinder\plugins\mcufinder
2026-01-19 15:57:02,774 [INFO] DbMcusAds:125 - Set database path to: C:\Users\Fabio Marçal\.stmcufinder\plugins\mcufinder//mcu/
2026-01-19 15:57:02,774 [WARN] DbFile:41 - Overriding database path with different value: C:\Users\Fabio Marçal\.stmcufinder\plugins\mcufinder/ => C:\Users\Fabio Marçal\.stmcufinder\plugins\mcufinder
2026-01-19 15:57:02,774 [WARN] DbFile:41 - Overriding database path with different value: C:\Users\Fabio Marçal\.stmcufinder\plugins\mcufinder/ => C:\Users\Fabio Marçal\.stmcufinder\plugins\mcufinder
2026-01-19 15:57:02,774 [INFO] CrossReferenceDbSqlite:203 - Set database path to: C:\Users\Fabio Marçal\.stmcufinder\plugins\mcufinder//mcu/cs/
2026-01-19 15:57:02,836 [INFO] MainPanel:274 - HeapMemory: 268435456
2026-01-19 15:57:02,915 [INFO] DbMcusXml:78 - Set database path to: C:\ST\STM32CubeIDE_1.19.0\STM32CubeIDE\plugins\com.st.stm32cube.common.mx_6.15.0.202507011659\\db\/mcu/
2026-01-19 15:57:02,915 [INFO] ApiDb:274 - Set plugin database path to: C:\ST\STM32CubeIDE_1.19.0\STM32CubeIDE\plugins\com.st.stm32cube.common.mx_6.15.0.202507011659\\db\/plugins/boardmanager/
2026-01-19 15:57:02,915 [INFO] ApiDb:261 - Set plugin images path to: C:\ST\STM32CubeIDE_1.19.0\STM32CubeIDE\plugins\com.st.stm32cube.common.mx_6.15.0.202507011659\\db\/plugins/mcufinder/images/
2026-01-19 15:57:02,915 [WARN] DbFile:41 - Overriding database path with different value: C:\Users\Fabio Marçal\.stmcufinder\plugins\mcufinder/ => C:\Users\Fabio Marçal\.stmcufinder\plugins\mcufinder
2026-01-19 15:57:02,915 [INFO] ApiDb:250 - Set database path to: C:\Users\Fabio Marçal\.stmcufinder\plugins\mcufinder//mcu/
2026-01-19 15:57:02,916 [WARN] DbFile:41 - Overriding database path with different value: C:\Users\Fabio Marçal\.stmcufinder\plugins\mcufinder/ => C:\Users\Fabio Marçal\.stmcufinder\plugins\mcufinder
2026-01-19 15:57:02,916 [INFO] DbMcusAds:125 - Set database path to: C:\Users\Fabio Marçal\.stmcufinder\plugins\mcufinder//mcu/
2026-01-19 15:57:02,916 [WARN] DbFile:41 - Overriding database path with different value: C:\Users\Fabio Marçal\.stmcufinder\plugins\mcufinder/ => C:\Users\Fabio Marçal\.stmcufinder\plugins\mcufinder
2026-01-19 15:57:02,916 [WARN] DbFile:41 - Overriding database path with different value: C:\Users\Fabio Marçal\.stmcufinder\plugins\mcufinder/ => C:\Users\Fabio Marçal\.stmcufinder\plugins\mcufinder
2026-01-19 15:57:02,916 [INFO] CrossReferenceDbSqlite:203 - Set database path to: C:\Users\Fabio Marçal\.stmcufinder\plugins\mcufinder//mcu/cs/
2026-01-19 15:57:02,933 [INFO] ApplicationProperties:184 - Using Application install path: C:\ST\STM32CubeIDE_1.19.0\STM32CubeIDE\plugins\com.st.stm32cube.common.mx_6.15.0.202507011659
2026-01-19 15:57:02,934 [INFO] PluginManage:196 - Search for loadable plugins [exclusion list=, ]
2026-01-19 15:57:02,935 [INFO] PluginManage:310 - Check plugin analytics
2026-01-19 15:57:03,158 [INFO] AnalyticsPlugin:253 - Accepted Software Licenses: 
2026-01-19 15:57:03,159 [INFO] AnalyticsPlugin:255 - Accepted CMSIS Pack Licenses: 
2026-01-19 15:57:03,159 [INFO] AnalyticsPlugin:257 - Accepted Firmware Licenses: FW.G0.1.6.0,FW.G4.1.6.0,FW.H7.1.12.0
2026-01-19 15:57:03,162 [INFO] PluginManage:359 - Loaded plugin analytics (category:tool,tabindex:-1)
2026-01-19 15:57:03,162 [INFO] PluginManage:310 - Check plugin cadmodel
2026-01-19 15:57:03,165 [INFO] CADModel:105 - Init CAD model plugin
2026-01-19 15:57:03,166 [INFO] PluginManage:359 - Loaded plugin cadmodel (category:power,tabindex:5)
2026-01-19 15:57:03,166 [INFO] PluginManage:310 - Check plugin clock
2026-01-19 15:57:03,176 [INFO] PluginManage:359 - Loaded plugin clock (category:base,tabindex:2)
2026-01-19 15:57:03,176 [INFO] PluginManage:310 - Check plugin ddr
2026-01-19 15:57:03,179 [INFO] PluginManage:359 - Loaded plugin ddr (category:tool,tabindex:6)
2026-01-19 15:57:03,179 [INFO] PluginManage:310 - Check plugin filemanager
2026-01-19 15:57:03,331 [INFO] PluginManage:359 - Loaded plugin filemanager (category:base,tabindex:10)
2026-01-19 15:57:03,332 [INFO] PluginManage:310 - Check plugin ipmanager
2026-01-19 15:57:03,339 [INFO] PluginManage:359 - Loaded plugin ipmanager (category:base,tabindex:5)
2026-01-19 15:57:03,339 [INFO] PluginManage:310 - Check plugin lpbam
2026-01-19 15:57:03,348 [INFO] PluginManage:359 - Loaded plugin lpbam (category:base,tabindex:0)
2026-01-19 15:57:03,349 [INFO] PluginManage:310 - Check plugin memorymap
2026-01-19 15:57:03,362 [INFO] PluginManage:359 - Loaded plugin memorymap (category:base,tabindex:4)
2026-01-19 15:57:03,362 [INFO] PluginManage:310 - Check plugin pinoutandconfiguration
2026-01-19 15:57:03,374 [INFO] PluginManage:359 - Loaded plugin pinoutandconfiguration (category:base,tabindex:1)
2026-01-19 15:57:03,374 [INFO] PluginManage:310 - Check plugin pinoutconfig
2026-01-19 15:57:03,473 [WARN] SupportedApi:132 - Cannot load RTOS API schema: s4s-elt-must-match.1: The content of 'definitions' must match (annotation?, (simpleType | complexType)?, (unique | key | keyref)*)). A problem was found starting at: attribute.
2026-01-19 15:57:03,611 [INFO] PluginManage:359 - Loaded plugin pinoutconfig (category:base,tabindex:0)
2026-01-19 15:57:03,611 [INFO] PluginManage:310 - Check plugin power
2026-01-19 15:57:03,619 [INFO] PluginManage:359 - Loaded plugin power (category:power,tabindex:4)
2026-01-19 15:57:03,620 [INFO] PluginManage:310 - Check plugin projectmanager
2026-01-19 15:57:03,639 [INFO] PluginManage:359 - Loaded plugin projectmanager (category:projectmanager,tabindex:4)
2026-01-19 15:57:03,639 [INFO] PluginManage:310 - Check plugin rif
2026-01-19 15:57:03,649 [INFO] PluginManage:359 - Loaded plugin rif (category:base,tabindex:3)
2026-01-19 15:57:03,649 [INFO] PluginManage:310 - Check plugin thirdparty
2026-01-19 15:57:03,803 [WARN] IntegrityCheckThread:84 - waiting for thirdparty lock release [integrity check]
2026-01-19 15:57:03,804 [INFO] IntegrityCheckThread:86 - entering critical section [integrity check]
2026-01-19 15:57:03,804 [INFO] PluginManage:359 - Loaded plugin thirdparty (category:base,tabindex:-1)
2026-01-19 15:57:03,804 [INFO] PluginManage:310 - Check plugin tools
2026-01-19 15:57:03,804 [INFO] ThirdPartyUpdaterWithRetryManager:70 - Updater plugin not ready yet. [1/15]
2026-01-19 15:57:03,810 [INFO] PluginManage:359 - Loaded plugin tools (category:base,tabindex:7)
2026-01-19 15:57:03,820 [INFO] PluginManage:310 - Check plugin tutovideos
2026-01-19 15:57:04,475 [INFO] PluginManage:359 - Loaded plugin tutovideos (category:base,tabindex:-1)
2026-01-19 15:57:04,476 [INFO] PluginManage:310 - Check plugin updater
2026-01-19 15:57:04,512 [INFO] PluginManage:359 - Loaded plugin updater (category:base,tabindex:12)
2026-01-19 15:57:04,512 [INFO] PluginManage:310 - Check plugin userauth
2026-01-19 15:57:04,523 [INFO] UserAuth:118 - Init User Auth plugin
2026-01-19 15:57:04,525 [INFO] PluginManage:359 - Loaded plugin userauth (category:base,tabindex:14)
2026-01-19 15:57:04,527 [INFO] PluginManage:283 - PluginManage : Loaded plugins [18]
2026-01-19 15:57:04,769 [INFO] PinOutPanel:1589 - setPackage(No Configuration,No Configuration)
2026-01-19 15:57:04,874 [INFO] CADModel:165 - CPN selected for project level
2026-01-19 15:57:04,874 [INFO] CADModel:114 - Register for checkConnection events
2026-01-19 15:57:04,897 [INFO] IPUIPlugin:80 - create IPUIPlugin
2026-01-19 15:57:04,897 [INFO] PluginManager:220 - loadIPPluginJar : add adc
2026-01-19 15:57:04,900 [INFO] IPUIPlugin:80 - create IPUIPlugin
2026-01-19 15:57:04,900 [INFO] PluginManager:220 - loadIPPluginJar : add aes
2026-01-19 15:57:04,903 [INFO] IPUIPlugin:80 - create IPUIPlugin
2026-01-19 15:57:04,903 [INFO] PluginManager:220 - loadIPPluginJar : add can
2026-01-19 15:57:04,905 [INFO] IPUIPlugin:80 - create IPUIPlugin
2026-01-19 15:57:04,905 [INFO] PluginManager:220 - loadIPPluginJar : add comp
2026-01-19 15:57:04,908 [INFO] IPUIPlugin:80 - create IPUIPlugin
2026-01-19 15:57:04,908 [INFO] PluginManager:220 - loadIPPluginJar : add cryp
2026-01-19 15:57:04,910 [INFO] IPUIPlugin:80 - create IPUIPlugin
2026-01-19 15:57:04,911 [INFO] PluginManager:220 - loadIPPluginJar : add ddr_ctrl_phy
2026-01-19 15:57:04,914 [INFO] IPUIPlugin:80 - create IPUIPlugin
2026-01-19 15:57:04,914 [INFO] PluginManager:220 - loadIPPluginJar : add dfsdm
2026-01-19 15:57:04,921 [INFO] IPUIPlugin:80 - create IPUIPlugin
2026-01-19 15:57:04,923 [INFO] PluginManager:220 - loadIPPluginJar : add dma
2026-01-19 15:57:04,927 [INFO] IPUIPlugin:80 - create IPUIPlugin
2026-01-19 15:57:04,927 [INFO] PluginManager:220 - loadIPPluginJar : add dma3
2026-01-19 15:57:04,931 [INFO] IPUIPlugin:80 - create IPUIPlugin
2026-01-19 15:57:04,931 [INFO] PluginManager:220 - loadIPPluginJar : add extmemmanager
2026-01-19 15:57:04,934 [INFO] IPUIPlugin:80 - create IPUIPlugin
2026-01-19 15:57:04,934 [INFO] PluginManager:220 - loadIPPluginJar : add fatfs
2026-01-19 15:57:04,946 [INFO] IPUIPlugin:80 - create IPUIPlugin
2026-01-19 15:57:04,946 [INFO] PluginManager:220 - loadIPPluginJar : add fmc
2026-01-19 15:57:04,960 [INFO] IPUIPlugin:80 - create IPUIPlugin
2026-01-19 15:57:04,960 [INFO] PluginManager:220 - loadIPPluginJar : add freertos
2026-01-19 15:57:04,962 [INFO] IPUIPlugin:80 - create IPUIPlugin
2026-01-19 15:57:04,962 [INFO] PluginManager:220 - loadIPPluginJar : add genericplugin
2026-01-19 15:57:04,965 [INFO] IPUIPlugin:80 - create IPUIPlugin
2026-01-19 15:57:04,965 [INFO] PluginManager:220 - loadIPPluginJar : add gfxmmu
2026-01-19 15:57:04,971 [INFO] IPUIPlugin:80 - create IPUIPlugin
2026-01-19 15:57:04,971 [INFO] PluginManager:220 - loadIPPluginJar : add gic
2026-01-19 15:57:04,977 [INFO] IPUIPlugin:80 - create IPUIPlugin
2026-01-19 15:57:04,977 [INFO] PluginManager:220 - loadIPPluginJar : add gpio
2026-01-19 15:57:04,982 [INFO] IPUIPlugin:80 - create IPUIPlugin
2026-01-19 15:57:04,982 [INFO] PluginManager:220 - loadIPPluginJar : add gtzc
2026-01-19 15:57:04,985 [INFO] IPUIPlugin:80 - create IPUIPlugin
2026-01-19 15:57:04,985 [INFO] PluginManager:220 - loadIPPluginJar : add hash
2026-01-19 15:57:04,989 [INFO] IPUIPlugin:80 - create IPUIPlugin
2026-01-19 15:57:04,989 [INFO] PluginManager:220 - loadIPPluginJar : add i2c
2026-01-19 15:57:04,993 [INFO] IPUIPlugin:80 - create IPUIPlugin
2026-01-19 15:57:04,993 [INFO] PluginManager:220 - loadIPPluginJar : add i2s
2026-01-19 15:57:04,998 [INFO] IPUIPlugin:80 - create IPUIPlugin
2026-01-19 15:57:04,999 [INFO] PluginManager:220 - loadIPPluginJar : add i3c
2026-01-19 15:57:05,004 [INFO] IPUIPlugin:80 - create IPUIPlugin
2026-01-19 15:57:05,004 [INFO] PluginManager:220 - loadIPPluginJar : add ipddr
2026-01-19 15:57:05,012 [INFO] IPUIPlugin:80 - create IPUIPlugin
2026-01-19 15:57:05,012 [INFO] PluginManager:220 - loadIPPluginJar : add linkedlist
2026-01-19 15:57:05,018 [INFO] IPUIPlugin:80 - create IPUIPlugin
2026-01-19 15:57:05,018 [INFO] PluginManager:220 - loadIPPluginJar : add lorawan
2026-01-19 15:57:05,020 [INFO] IPUIPlugin:80 - create IPUIPlugin
2026-01-19 15:57:05,020 [INFO] PluginManager:220 - loadIPPluginJar : add ltdc
2026-01-19 15:57:05,028 [INFO] IPUIPlugin:80 - create IPUIPlugin
2026-01-19 15:57:05,028 [INFO] PluginManager:220 - loadIPPluginJar : add mdma
2026-01-19 15:57:05,033 [INFO] IPUIPlugin:80 - create IPUIPlugin
2026-01-19 15:57:05,033 [INFO] PluginManager:220 - loadIPPluginJar : add nvic
2026-01-19 15:57:05,037 [INFO] IPUIPlugin:80 - create IPUIPlugin
2026-01-19 15:57:05,038 [INFO] PluginManager:220 - loadIPPluginJar : add opamp
2026-01-19 15:57:05,042 [INFO] IPUIPlugin:80 - create IPUIPlugin
2026-01-19 15:57:05,042 [INFO] PluginManager:220 - loadIPPluginJar : add openamp
2026-01-19 15:57:05,047 [INFO] IPUIPlugin:80 - create IPUIPlugin
2026-01-19 15:57:05,047 [INFO] PluginManager:220 - loadIPPluginJar : add pdm2pcm
2026-01-19 15:57:05,055 [INFO] IPUIPlugin:80 - create IPUIPlugin
2026-01-19 15:57:05,061 [INFO] PluginManager:220 - loadIPPluginJar : add plateformsettings
2026-01-19 15:57:05,063 [INFO] IPUIPlugin:80 - create IPUIPlugin
2026-01-19 15:57:05,064 [INFO] PluginManager:220 - loadIPPluginJar : add quadspi
2026-01-19 15:57:05,067 [INFO] IPUIPlugin:80 - create IPUIPlugin
2026-01-19 15:57:05,068 [INFO] PluginManager:220 - loadIPPluginJar : add radio
2026-01-19 15:57:05,073 [INFO] IPUIPlugin:80 - create IPUIPlugin
2026-01-19 15:57:05,073 [INFO] PluginManager:220 - loadIPPluginJar : add resmgrutility
2026-01-19 15:57:05,081 [INFO] IPUIPlugin:80 - create IPUIPlugin
2026-01-19 15:57:05,082 [INFO] PluginManager:220 - loadIPPluginJar : add sai
2026-01-19 15:57:05,086 [INFO] IPUIPlugin:80 - create IPUIPlugin
2026-01-19 15:57:05,087 [INFO] PluginManager:220 - loadIPPluginJar : add spi
2026-01-19 15:57:05,097 [INFO] IPUIPlugin:80 - create IPUIPlugin
2026-01-19 15:57:05,097 [INFO] PluginManager:220 - loadIPPluginJar : add stm32_wpan
2026-01-19 15:57:05,100 [INFO] IPUIPlugin:80 - create IPUIPlugin
2026-01-19 15:57:05,100 [INFO] PluginManager:220 - loadIPPluginJar : add tim
2026-01-19 15:57:05,105 [INFO] IPUIPlugin:80 - create IPUIPlugin
2026-01-19 15:57:05,105 [INFO] PluginManager:220 - loadIPPluginJar : add touchsensing
2026-01-19 15:57:05,108 [INFO] IPUIPlugin:80 - create IPUIPlugin
2026-01-19 15:57:05,108 [INFO] PluginManager:220 - loadIPPluginJar : add tracer_emb
2026-01-19 15:57:05,110 [INFO] IPUIPlugin:80 - create IPUIPlugin
2026-01-19 15:57:05,111 [INFO] PluginManager:220 - loadIPPluginJar : add ts
2026-01-19 15:57:05,112 [INFO] IPUIPlugin:80 - create IPUIPlugin
2026-01-19 15:57:05,112 [INFO] PluginManager:220 - loadIPPluginJar : add tsc
2026-01-19 15:57:05,114 [INFO] IPUIPlugin:80 - create IPUIPlugin
2026-01-19 15:57:05,115 [INFO] PluginManager:220 - loadIPPluginJar : add ucpd
2026-01-19 15:57:05,117 [INFO] IPUIPlugin:80 - create IPUIPlugin
2026-01-19 15:57:05,117 [INFO] PluginManager:220 - loadIPPluginJar : add usart
2026-01-19 15:57:05,120 [INFO] IPUIPlugin:80 - create IPUIPlugin
2026-01-19 15:57:05,120 [INFO] PluginManager:220 - loadIPPluginJar : add usbx
2026-01-19 15:57:05,244 [FATAL] Updater:351 - Updater called before beeing initialized
2026-01-19 15:57:05,272 [INFO] RulesReader:64 - Compatibility file has been processed (317 Rules)
2026-01-19 15:57:05,284 [INFO] RulesReader:64 - Compatibility file has been processed (317 Rules)
2026-01-19 15:57:05,298 [INFO] CADModel:165 - CPN selected for project level
2026-01-19 15:57:05,298 [INFO] CADModel:114 - Register for checkConnection events
2026-01-19 15:57:05,298 [FATAL] Updater:351 - Updater called before beeing initialized
2026-01-19 15:57:05,298 [ERROR] CADModel:125 - Updater not yet initialized, retry later 
2026-01-19 15:57:05,475 [FATAL] Updater:351 - Updater called before beeing initialized
2026-01-19 15:57:05,478 [INFO] CADModel:165 - CPN selected for project level
2026-01-19 15:57:05,478 [INFO] CADModel:114 - Register for checkConnection events
2026-01-19 15:57:05,478 [FATAL] Updater:351 - Updater called before beeing initialized
2026-01-19 15:57:05,478 [ERROR] CADModel:125 - Updater not yet initialized, retry later 
2026-01-19 15:57:05,485 [FATAL] Updater:351 - Updater called before beeing initialized
2026-01-19 15:57:05,596 [FATAL] Updater:351 - Updater called before beeing initialized
2026-01-19 15:57:05,599 [INFO] DbMcusAds:53 - JSON generation date=Tue Dec 16 00:11:46 CET 2025 (1765840306612)
2026-01-19 15:57:05,600 [FATAL] Updater:351 - Updater called before beeing initialized
2026-01-19 15:57:05,633 [WARN] DetailPanel:346 - Failed to get advertising image, set to default
2026-01-19 15:57:05,718 [FATAL] Updater:351 - Updater called before beeing initialized
2026-01-19 15:57:05,720 [FATAL] Updater:351 - Updater called before beeing initialized
2026-01-19 15:57:05,720 [FATAL] Updater:351 - Updater called before beeing initialized
2026-01-19 15:57:05,720 [WARN] DetailPanel:346 - Failed to get advertising image, set to default
2026-01-19 15:57:05,721 [FATAL] Updater:351 - Updater called before beeing initialized
2026-01-19 15:57:05,762 [ERROR] Updater:1198 - MainUpdater not yet initialized. External WinMGr cannot be set.
2026-01-19 15:57:05,763 [INFO] Updater:1134 - Updater Version found : 6.15.0
2026-01-19 15:57:05,779 [INFO] ApplicationProperties:184 - Using Application install path: C:\ST\STM32CubeIDE_1.19.0\STM32CubeIDE\plugins\com.st.stm32cube.common.mx_6.15.0.202507011659
2026-01-19 15:57:06,805 [INFO] ThirdPartyUpdaterWithRetryManager:70 - Updater plugin not ready yet. [2/15]
2026-01-19 15:57:07,354 [ERROR] LogOutputStream:75 - [STDERR_REDIRECT] Jan 19, 2026 3:57:07 PM java.util.prefs.WindowsPreferences <init>
2026-01-19 15:57:07,356 [ERROR] LogOutputStream:75 - [STDERR_REDIRECT] WARNING: Could not open/create prefs root node Software\JavaSoft\Prefs at root 0xffffffff80000002. Windows RegCreateKeyEx(...) returned error code 5.
2026-01-19 15:57:07,356 [ERROR] LogOutputStream:75 - [STDERR_REDIRECT] 
2026-01-19 15:57:07,679 [INFO] MainUpdater:2872 - connection check result : 10
2026-01-19 15:57:07,680 [INFO] MainUpdater:289 - Updater Check For Update Now.
2026-01-19 15:57:07,680 [INFO] MicroXplorer:498 - Change Database Version : DB.6.0.150
2026-01-19 15:57:07,703 [INFO] McuFinderGlobals:63 - Set McuFinder mode to 2 (CubeIDE integrated)
2026-01-19 15:57:07,704 [INFO] UserAuth:487 - Internet connection configuration mode: 1
2026-01-19 15:57:07,743 [INFO] JxBrowserEngine:152 - Initiate JxBrowser Engine with user profile folder
2026-01-19 15:57:07,871 [INFO] CheckServerUpdateThread:120 - End of CheckServer Thread
2026-01-19 15:57:08,458 [INFO] WebApp:169 - Instantiating new browser for Auth
2026-01-19 15:57:09,072 [INFO] WebApp:463 - Apply proxy settings
2026-01-19 15:57:09,072 [INFO] WebApp:548 - Chromium requires no authentication
2026-01-19 15:57:09,079 [INFO] WebApp:491 - Direct internet connection detected
2026-01-19 15:57:09,099 [INFO] WebApp:900 - Register for checkConnection events
2026-01-19 15:57:09,099 [INFO] WebApp:463 - Apply proxy settings
2026-01-19 15:57:09,099 [INFO] WebApp:548 - Chromium requires no authentication
2026-01-19 15:57:09,099 [INFO] WebApp:491 - Direct internet connection detected
2026-01-19 15:57:09,234 [INFO] WebApp:225 - Starting web application
2026-01-19 15:57:09,235 [INFO] WebApp:593 - Web application path used C:\ST\STM32CubeIDE_1.19.0\STM32CubeIDE\plugins\com.st.stm32cube.common.mx_6.15.0.202507011659\db\plugins\mcufinder\reactClient1\index.html
2026-01-19 15:57:09,326 [INFO] UserAuth:487 - Internet connection configuration mode: 1
2026-01-19 15:57:09,365 [INFO] WebApp:191 - Connection restablished
2026-01-19 15:57:10,037 [WARN] PackLoader:240 - Cannot read IP mode file for STMicroelectronics.FP-SNS-MOTENVWB1.1.4.0
2026-01-19 15:57:10,046 [WARN] PackLoader:240 - Cannot read IP mode file for STMicroelectronics.FP-ATR-ASTRA1.2.0.2
2026-01-19 15:57:10,050 [WARN] PackLoader:240 - Cannot read IP mode file for STMicroelectronics.FP-ATR-ASTRA1.2.0.1
2026-01-19 15:57:10,059 [WARN] PackLoader:240 - Cannot read IP mode file for STMicroelectronics.X-CUBE-SMBUS.2.1.0
2026-01-19 15:57:10,066 [WARN] PackLoader:240 - Cannot read IP mode file for STMicroelectronics.X-CUBE-WB05N.1.1.0
2026-01-19 15:57:10,072 [WARN] PackLoader:240 - Cannot read IP mode file for STMicroelectronics.X-CUBE-ST60.1.0.0
2026-01-19 15:57:10,112 [WARN] PackLoader:240 - Cannot read IP mode file for STMicroelectronics.X-CUBE-AZRTOS-F7.1.1.0
2026-01-19 15:57:10,122 [WARN] PackLoader:240 - Cannot read IP mode file for STMicroelectronics.FP-SNS-MOTENV1.5.1.0
2026-01-19 15:57:10,135 [WARN] PackLoader:240 - Cannot read IP mode file for WES.I-CUBE-Cesium.1.4.0
2026-01-19 15:57:10,140 [WARN] PackLoader:240 - Cannot read IP mode file for STMicroelectronics.FP-SNS-FLIGHT1.5.0.2
2026-01-19 15:57:10,158 [WARN] PackLoader:240 - Cannot read IP mode file for Infineon.AIROC-Wi-Fi-Bluetooth-STM32.1.7.0
2026-01-19 15:57:10,176 [WARN] PackLoader:240 - Cannot read IP mode file for STMicroelectronics.X-CUBE-AZRTOS-H7.3.4.0
2026-01-19 15:57:10,184 [WARN] PackLoader:240 - Cannot read IP mode file for STMicroelectronics.X-CUBE-DISPLAY.3.0.0
2026-01-19 15:57:10,191 [WARN] PackLoader:240 - Cannot read IP mode file for STMicroelectronics.X-CUBE-BLE1.7.0.0
2026-01-19 15:57:10,195 [WARN] PackLoader:240 - Cannot read IP mode file for STMicroelectronics.X-CUBE-NFC10.1.0.0
2026-01-19 15:57:10,202 [WARN] PackLoader:240 - Cannot read IP mode file for STMicroelectronics.X-CUBE-BLEMGR.4.0.0
2026-01-19 15:57:10,208 [WARN] PackLoader:240 - Cannot read IP mode file for STMicroelectronics.X-CUBE-ST60.1.1.0
2026-01-19 15:57:10,212 [WARN] PackLoader:240 - Cannot read IP mode file for emotas.I-CUBE-CANOPEN.1.3.0
2026-01-19 15:57:10,217 [WARN] PackLoader:240 - Cannot read IP mode file for STMicroelectronics.X-CUBE-GNSS1.7.1.0
2026-01-19 15:57:10,222 [WARN] PackLoader:240 - Cannot read IP mode file for STMicroelectronics.X-CUBE-AI.10.0.0
2026-01-19 15:57:10,228 [WARN] PackLoader:240 - Cannot read IP mode file for STMicroelectronics.FP-SNS-STBOX1.2.1.0
2026-01-19 15:57:10,235 [WARN] PackLoader:240 - Cannot read IP mode file for STMicroelectronics.FP-SNS-SMARTAG2.1.2.0
2026-01-19 15:57:10,238 [WARN] PackLoader:240 - Cannot read IP mode file for STMicroelectronics.FP-SNS-FLIGHT1.5.1.0
2026-01-19 15:57:10,283 [WARN] PackLoader:240 - Cannot read IP mode file for STMicroelectronics.X-CUBE-MEMS1.11.1.0
2026-01-19 15:57:10,431 [INFO] LogOutputStream:77 - [STDOUT_REDIRECT] 1 : Invalid condition id : UX_CORESTACK_Condition cause : null
2026-01-19 15:57:10,432 [INFO] LogOutputStream:77 - [STDOUT_REDIRECT] 1 : Invalid condition id : UX_CORESTACK_Condition cause : null
2026-01-19 15:57:10,433 [INFO] LogOutputStream:77 - [STDOUT_REDIRECT] 1 : Invalid condition id : UX_CORESTACK_Condition cause : null
2026-01-19 15:57:10,433 [INFO] LogOutputStream:77 - [STDOUT_REDIRECT] 1 : Invalid condition id : UX_CORESTACK_Condition cause : null
2026-01-19 15:57:10,434 [INFO] LogOutputStream:77 - [STDOUT_REDIRECT] 1 : Invalid condition id : UX_CORESTACK_Condition cause : null
2026-01-19 15:57:10,436 [WARN] PackLoader:240 - Cannot read IP mode file for STMicroelectronics.X-CUBE-AZRTOS-WL.2.0.0
2026-01-19 15:57:10,440 [WARN] PackLoader:240 - Cannot read IP mode file for STMicroelectronics.FP-SNS-MOTENV1.5.0.0
2026-01-19 15:57:10,451 [WARN] PackLoader:240 - Cannot read IP mode file for STMicroelectronics.X-CUBE-AZRTOS-H7RS.1.2.0
2026-01-19 15:57:10,458 [WARN] PackLoader:240 - Cannot read IP mode file for wolfSSL.I-CUBE-wolfMQTT.1.19.0
2026-01-19 15:57:10,462 [WARN] PackLoader:240 - Cannot read IP mode file for WES.I-CUBE-Cesium.1.3.0
2026-01-19 15:57:10,466 [WARN] PackLoader:240 - Cannot read IP mode file for STMicroelectronics.X-CUBE-BLE2.3.3.0
2026-01-19 15:57:10,488 [INFO] LogOutputStream:77 - [STDOUT_REDIRECT] [ThirdParty] unknown protocol: c
2026-01-19 15:57:10,488 [WARN] PackLoader:240 - Cannot read IP mode file for Avnet-IOTCONNECT.X-CUBE-iotc-st67-sdk.1.0.0
2026-01-19 15:57:10,499 [WARN] PackLoader:240 - Cannot read IP mode file for Infineon.AIROC-Wi-Fi-Bluetooth-STM32.1.8.0
2026-01-19 15:57:10,506 [WARN] PackLoader:240 - Cannot read IP mode file for STMicroelectronics.X-CUBE-NFC9.1.0.0
2026-01-19 15:57:10,509 [WARN] PackLoader:240 - Cannot read IP mode file for STMicroelectronics.X-CUBE-BLE1.7.1.0
2026-01-19 15:57:10,512 [WARN] PackLoader:240 - Cannot read IP mode file for wolfSSL.I-CUBE-wolfMQTT.1.19.2
2026-01-19 15:57:10,516 [WARN] PackLoader:240 - Cannot read IP mode file for STMicroelectronics.X-CUBE-FREERTOS.1.4.0
2026-01-19 15:57:10,521 [WARN] PackLoader:240 - Cannot read IP mode file for STMicroelectronics.X-CUBE-EEPRMA1.5.2.0
2026-01-19 15:57:10,527 [WARN] PackLoader:240 - Cannot read IP mode file for wolfSSL.I-CUBE-wolfSSL.5.8.4
2026-01-19 15:57:10,531 [WARN] PackLoader:240 - Cannot read IP mode file for Cesanta.I-CUBE-Mongoose.7.20.0
2026-01-19 15:57:10,536 [WARN] PackLoader:240 - Cannot read IP mode file for STMicroelectronics.X-CUBE-ST67W61.1.1.0
2026-01-19 15:57:10,560 [WARN] PackLoader:240 - Cannot read IP mode file for STMicroelectronics.X-CUBE-MEMS1.12.0.0
2026-01-19 15:57:10,628 [WARN] PackLoader:240 - Cannot read IP mode file for STMicroelectronics.X-CUBE-AZRTOS-G0.1.1.0
2026-01-19 15:57:10,634 [WARN] PackLoader:240 - Cannot read IP mode file for STMicroelectronics.X-CUBE-SAFEA1.1.2.2
2026-01-19 15:57:10,640 [WARN] PackLoader:240 - Cannot read IP mode file for STMicroelectronics.X-CUBE-NFC4.3.0.0
2026-01-19 15:57:10,647 [WARN] PackLoader:240 - Cannot read IP mode file for EmbeddedOffice.I-CUBE-FS-RTOS.1.0.1
2026-01-19 15:57:10,651 [WARN] PackLoader:240 - Cannot read IP mode file for STMicroelectronics.X-CUBE-WB05N.2.0.0
2026-01-19 15:57:10,655 [WARN] PackLoader:240 - Cannot read IP mode file for wolfSSL.I-CUBE-wolfTPM.3.8.0
2026-01-19 15:57:10,660 [WARN] PackLoader:240 - Cannot read IP mode file for STMicroelectronics.X-CUBE-TCPP.4.2.0
2026-01-19 15:57:10,664 [WARN] PackLoader:240 - Cannot read IP mode file for RealThread.X-CUBE-RT-Thread_Nano.4.1.1
2026-01-19 15:57:10,668 [WARN] PackLoader:240 - Cannot read IP mode file for STMicroelectronics.FP-ATR-SIGFOX1.3.2.0
2026-01-19 15:57:10,672 [WARN] ConditionMgr:438 - getConditionDescription Invalid condition id : Cortex-A Device cause : null
2026-01-19 15:57:10,683 [INFO] LogOutputStream:77 - [STDOUT_REDIRECT] [ThirdParty] unknown protocol: c
2026-01-19 15:57:10,683 [WARN] PackLoader:240 - Cannot read IP mode file for quantropi.X-CUBE-qispace-sdk-base.1.9.3
2026-01-19 15:57:10,683 [WARN] ConditionMgr:1044 - genDependencies : Invalid condition id : Cortex-A Device cause : null
2026-01-19 15:57:10,684 [WARN] ConditionMgr:1044 - genDependencies : Invalid condition id : Cortex-A Device cause : null
2026-01-19 15:57:10,684 [WARN] ConditionMgr:1044 - genDependencies : Invalid condition id : Cortex-A Device cause : null
2026-01-19 15:57:10,688 [WARN] PackLoader:240 - Cannot read IP mode file for STMicroelectronics.X-CUBE-EEPRMA1.5.1.0
2026-01-19 15:57:10,691 [WARN] PackLoader:240 - Cannot read IP mode file for wolfSSL.I-CUBE-wolfSSL.5.7.6
2026-01-19 15:57:10,697 [WARN] PackLoader:240 - Cannot read IP mode file for ITTIA_DB.I-CUBE-ITTIADB.8.9.0
2026-01-19 15:57:10,706 [WARN] PackLoader:240 - Cannot read IP mode file for STMicroelectronics.X-CUBE-ST67W61.1.0.0
2026-01-19 15:57:10,710 [WARN] PackLoader:240 - Cannot read IP mode file for STMicroelectronics.X-CUBE-AI.10.2.0
2026-01-19 15:57:10,726 [WARN] PackLoader:240 - Cannot read IP mode file for SEGGER.I-CUBE-embOS.1.3.1
2026-01-19 15:57:10,745 [WARN] PackLoader:240 - Cannot read IP mode file for STMicroelectronics.X-CUBE-ALGOBUILD.1.4.0
2026-01-19 15:57:10,773 [WARN] PackLoader:240 - Cannot read IP mode file for STMicroelectronics.X-CUBE-MEMS1.11.3.0
2026-01-19 15:57:10,879 [WARN] PackLoader:240 - Cannot read IP mode file for STMicroelectronics.X-CUBE-PM33A1.1.0.0
2026-01-19 15:57:10,889 [WARN] PackLoader:240 - Cannot read IP mode file for STMicroelectronics.X-CUBE-AZRTOS-F4.1.1.0
2026-01-19 15:57:10,896 [WARN] PackLoader:240 - Cannot read IP mode file for STMicroelectronics.X-CUBE-ISPU.2.1.0
2026-01-19 15:57:10,909 [WARN] PackLoader:240 - Cannot read IP mode file for STMicroelectronics.X-CUBE-IPS.3.2.0
2026-01-19 15:57:10,922 [WARN] PackLoader:240 - Cannot read IP mode file for STMicroelectronics.X-CUBE-NFC12.1.0.0
2026-01-19 15:57:10,934 [WARN] PackLoader:240 - Cannot read IP mode file for STMicroelectronics.X-CUBE-AZRTOS-L5.2.0.0
2026-01-19 15:57:10,944 [WARN] PackLoader:240 - Cannot read IP mode file for STMicroelectronics.X-CUBE-NFC6.3.1.0
2026-01-19 15:57:10,952 [WARN] PackLoader:240 - Cannot read IP mode file for STMicroelectronics.X-CUBE-DPower.1.2.0
2026-01-19 15:57:10,956 [WARN] PackLoader:240 - Cannot read IP mode file for STMicroelectronics.X-CUBE-FREERTOS.1.3.1
2026-01-19 15:57:10,960 [WARN] PackLoader:240 - Cannot read IP mode file for STMicroelectronics.X-CUBE-FREERTOS.1.3.0
2026-01-19 15:57:10,965 [WARN] PackLoader:240 - Cannot read IP mode file for STMicroelectronics.X-CUBE-NFC7.1.0.1
2026-01-19 15:57:10,974 [WARN] PackLoader:240 - Cannot read IP mode file for STMicroelectronics.X-CUBE-TOUCHGFX.4.26.0
2026-01-19 15:57:10,979 [WARN] PackLoader:240 - Cannot read IP mode file for STMicroelectronics.FP-SNS-STAIOTCFT.1.0.0
2026-01-19 15:57:10,983 [WARN] PackLoader:240 - Cannot read IP mode file for STMicroelectronics.X-CUBE-DPower.1.3.0
2026-01-19 15:57:10,992 [WARN] ConditionMgr:438 - getConditionDescription Invalid condition id : LAN8742 Phy interface Condition cause : null
2026-01-19 15:57:10,996 [WARN] PackLoader:240 - Cannot read IP mode file for STMicroelectronics.X-CUBE-AZRTOS-L4.2.0.0
2026-01-19 15:57:10,997 [WARN] ConditionMgr:1044 - genDependencies : Invalid condition id : LAN8742 Phy interface Condition cause : null
2026-01-19 15:57:10,998 [WARN] ConditionMgr:1044 - genDependencies : Invalid condition id : LAN8742 Phy interface Condition cause : null
2026-01-19 15:57:10,998 [WARN] ConditionMgr:1044 - genDependencies : Invalid condition id : LAN8742 Phy interface Condition cause : null
2026-01-19 15:57:11,004 [WARN] PackLoader:240 - Cannot read IP mode file for STMicroelectronics.X-CUBE-SFXS2LP1.4.0.0
2026-01-19 15:57:11,008 [WARN] PackLoader:240 - Cannot read IP mode file for STMicroelectronics.X-CUBE-ST67W61.1.2.0
2026-01-19 15:57:11,019 [WARN] PackLoader:240 - Cannot read IP mode file for STMicroelectronics.X-CUBE-AZRTOS-H7.3.3.0
2026-01-19 15:57:11,028 [WARN] PackLoader:240 - Cannot read IP mode file for STMicroelectronics.X-CUBE-BLEMGR.4.1.0
2026-01-19 15:57:11,039 [WARN] ConditionMgr:438 - getConditionDescription Invalid condition id : UX DEVICE CLASS RTOS Condition cause : null
2026-01-19 15:57:11,040 [WARN] ConditionMgr:438 - getConditionDescription Invalid condition id : UX DEVICE CLASS RTOS Condition cause : null
2026-01-19 15:57:11,042 [WARN] PackLoader:240 - Cannot read IP mode file for STMicroelectronics.X-CUBE-AZRTOS-WB.2.0.0
2026-01-19 15:57:11,043 [WARN] ConditionMgr:1044 - genDependencies : Invalid condition id : UX DEVICE CLASS RTOS Condition cause : null
2026-01-19 15:57:11,043 [WARN] ConditionMgr:1044 - genDependencies : Invalid condition id : UX DEVICE CLASS RTOS Condition cause : null
2026-01-19 15:57:11,043 [WARN] ConditionMgr:1044 - genDependencies : Invalid condition id : UX DEVICE CLASS RTOS Condition cause : null
2026-01-19 15:57:11,044 [WARN] ConditionMgr:1044 - genDependencies : Invalid condition id : UX DEVICE CLASS RTOS Condition cause : null
2026-01-19 15:57:11,044 [WARN] ConditionMgr:1044 - genDependencies : Invalid condition id : UX DEVICE CLASS RTOS Condition cause : null
2026-01-19 15:57:11,049 [WARN] PackLoader:240 - Cannot read IP mode file for STMicroelectronics.X-CUBE-GNSS1.7.0.1
2026-01-19 15:57:11,053 [WARN] PackLoader:240 - Cannot read IP mode file for STMicroelectronics.FP-SNS-STBOX1.2.0.0
2026-01-19 15:57:11,057 [WARN] ConditionMgr:438 - getConditionDescription Invalid condition id : Cortex-A Device cause : null
2026-01-19 15:57:11,067 [INFO] LogOutputStream:77 - [STDOUT_REDIRECT] [ThirdParty] unknown protocol: c
2026-01-19 15:57:11,068 [WARN] PackLoader:240 - Cannot read IP mode file for quantropi.X-CUBE-qispace-sdk-base.2.1.0
2026-01-19 15:57:11,068 [WARN] ConditionMgr:1044 - genDependencies : Invalid condition id : Cortex-A Device cause : null
2026-01-19 15:57:11,068 [WARN] ConditionMgr:1044 - genDependencies : Invalid condition id : Cortex-A Device cause : null
2026-01-19 15:57:11,068 [WARN] ConditionMgr:1044 - genDependencies : Invalid condition id : Cortex-A Device cause : null
2026-01-19 15:57:11,076 [WARN] PackLoader:240 - Cannot read IP mode file for STMicroelectronics.X-CUBE-SUBG2.5.0.0
2026-01-19 15:57:11,087 [WARN] PackLoader:240 - Cannot read IP mode file for STMicroelectronics.X-CUBE-AZRTOS-H7RS.1.1.0
2026-01-19 15:57:11,092 [WARN] PackLoader:240 - Cannot read IP mode file for Cesanta.I-CUBE-Mongoose.7.13.0
2026-01-19 15:57:11,100 [WARN] PackLoader:240 - Cannot read IP mode file for STMicroelectronics.X-CUBE-AZRTOS-G4.2.0.0
2026-01-19 15:57:11,107 [WARN] PackLoader:240 - Cannot read IP mode file for wolfSSL.I-CUBE-wolfSSH.1.4.20
2026-01-19 15:57:11,111 [WARN] PackLoader:240 - Cannot read IP mode file for STMicroelectronics.X-CUBE-NFC7.2.0.0
2026-01-19 15:57:11,118 [WARN] PackLoader:240 - Cannot read IP mode file for STMicroelectronics.X-CUBE-IPS.3.1.0
2026-01-19 15:57:11,125 [WARN] PackLoader:240 - Cannot read IP mode file for STMicroelectronics.X-CUBE-ALS.1.0.2
2026-01-19 15:57:11,128 [WARN] PackLoader:240 - Cannot read IP mode file for STMicroelectronics.X-CUBE-TOUCHGFX.4.24.2
2026-01-19 15:57:11,132 [WARN] PackLoader:240 - Cannot read IP mode file for STMicroelectronics.X-CUBE-STSE01.1.0.0
2026-01-19 15:57:11,137 [WARN] PackLoader:240 - Cannot read IP mode file for wolfSSL.I-CUBE-wolfTPM.3.4.0
2026-01-19 15:57:11,144 [WARN] PackLoader:240 - Cannot read IP mode file for portGmbH.I-Cube-SoM-uGOAL.1.1.0
2026-01-19 15:57:11,155 [WARN] PackLoader:240 - Cannot read IP mode file for STMicroelectronics.X-CUBE-AZRTOS-H7RS.1.0.0
2026-01-19 15:57:11,162 [WARN] PackLoader:240 - Cannot read IP mode file for STMicroelectronics.X-CUBE-TOF1.3.4.2
2026-01-19 15:57:11,173 [WARN] PackLoader:240 - Cannot read IP mode file for STMicroelectronics.X-CUBE-TOF1.3.4.3
2026-01-19 15:57:11,181 [WARN] PackLoader:240 - Cannot read IP mode file for wolfSSL.I-CUBE-wolfSSH.1.4.17
2026-01-19 15:57:11,182 [INFO] ThirdParty:978 - Integrity check success = true
2026-01-19 15:57:11,182 [INFO] IntegrityCheckThread:100 - exiting critical section [integrity check]
2026-01-19 15:57:11,182 [INFO] IntegrityCheckThread:103 - End integrity checks thread
2026-01-19 17:14:58,810 [INFO] WebApp:194 - Connection lost
2026-01-19 17:35:33,262 [INFO] WebApp:191 - Connection restablished
2026-01-19 17:47:58,089 [INFO] McuFinderGlobals:63 - Set McuFinder mode to 2 (CubeIDE integrated)
2026-01-19 17:47:58,128 [INFO] MainUpdater:2872 - connection check result : 10
2026-01-19 17:47:58,139 [INFO] MainUpdater:2872 - connection check result : 10
2026-01-19 17:47:58,366 [INFO] MicroXplorer:468 - Change Database Path : 
2026-01-19 17:47:58,366 [INFO] MicroXplorer:498 - Change Database Version : DB.6.0.150
2026-01-19 17:47:58,372 [WARN] ThirdParty:871 - waiting for thirdparty lock release [close project]
2026-01-19 17:47:58,372 [INFO] ThirdParty:873 - entering critical section [close project]
2026-01-19 17:47:58,373 [INFO] ThirdParty:883 - exiting critical section [close project]
2026-01-19 17:47:58,377 [INFO] PinOutPanel:1589 - setPackage(No Configuration,No Configuration)
2026-01-19 17:47:58,379 [INFO] UtilMem:75 - Begin LoadConfig() Used Memory: 795897968 Bytes (1073741824)
2026-01-19 17:47:58,382 [INFO] MicroXplorer:468 - Change Database Path : 
2026-01-19 17:47:58,382 [INFO] MicroXplorer:498 - Change Database Version : DB.6.0.150
2026-01-19 17:47:58,382 [INFO] OpenFileManager:355 - Change cursor
2026-01-19 17:47:58,474 [INFO] Mcu:2029 - Initializing MCU STM32H753ZITx STM32H753ZITx STM32H753ZIT6
2026-01-19 17:48:03,042 [INFO] Context:786 - Trying to add GPIOservice into a context  which must be forbidden
2026-01-19 17:48:04,904 [INFO] ApiDbMcu:532 - Load IP Config File for NUCLEO-H753ZI
2026-01-19 17:48:05,025 [INFO] ImportTextPane:234 - (OptionalMessage_ERROR) Pin11 (VP_RIF_VS_RIF1) cannot be retrieved for this MCU
2026-01-19 17:48:05,153 [INFO] RtosManager:558 - Registered RTOS mode: class=CMSIS, group=RTOS, mode=CMSIS_V1, owner=FREERTOS
2026-01-19 17:48:05,153 [INFO] RtosManager:558 - Registered RTOS mode: class=CMSIS, group=RTOS2, mode=CMSIS_V2, owner=FREERTOS
2026-01-19 17:48:05,153 [INFO] RtosManager:558 - Registered RTOS mode: class=RTOS, group=Core, mode=CMSIS_V1, owner=FREERTOS
2026-01-19 17:48:05,153 [INFO] RtosManager:558 - Registered RTOS mode: class=RTOS, group=Core, mode=CMSIS_V2, owner=FREERTOS
2026-01-19 17:48:05,154 [WARN] ModelIntegratedComponent:184 - Missing modes for component STMicroelectronics:FreeRTOS:0.0.1:STMicroelectronics:RTOS:FreeRTOS:Core:::10.2.0:
2026-01-19 17:48:05,167 [WARN] ModelIntegratedComponent:63 - No mode defined for component null
2026-01-19 17:48:05,167 [WARN] ModelIntegratedComponent:63 - No mode defined for component null
2026-01-19 17:48:05,167 [WARN] ModelIntegratedComponent:63 - No mode defined for component null
2026-01-19 17:48:05,167 [WARN] ModelIntegratedComponent:63 - No mode defined for component null
2026-01-19 17:48:05,167 [WARN] ModelIntegratedComponent:63 - No mode defined for component null
2026-01-19 17:48:05,167 [WARN] ModelIntegratedComponent:63 - No mode defined for component null
2026-01-19 17:48:05,167 [WARN] ModelIntegratedComponent:63 - No mode defined for component null
2026-01-19 17:48:05,167 [WARN] ModelIntegratedComponent:63 - No mode defined for component null
2026-01-19 17:48:05,168 [WARN] ModelIntegratedComponent:63 - No mode defined for component null
2026-01-19 17:48:05,168 [WARN] ModelIntegratedComponent:63 - No mode defined for component null
2026-01-19 17:48:05,168 [WARN] ModelIntegratedComponent:63 - No mode defined for component null
2026-01-19 17:48:05,168 [WARN] ModelIntegratedComponent:63 - No mode defined for component null
2026-01-19 17:48:05,168 [WARN] ModelIntegratedComponent:63 - No mode defined for component null
2026-01-19 17:48:05,168 [WARN] ModelIntegratedComponent:63 - No mode defined for component null
2026-01-19 17:48:05,168 [WARN] ModelIntegratedComponent:63 - No mode defined for component null
2026-01-19 17:48:05,168 [WARN] ModelIntegratedComponent:63 - No mode defined for component null
2026-01-19 17:48:05,168 [WARN] ModelIntegratedComponent:63 - No mode defined for component null
2026-01-19 17:48:05,168 [WARN] ModelIntegratedComponent:63 - No mode defined for component null
2026-01-19 17:48:05,168 [WARN] ModelIntegratedComponent:63 - No mode defined for component null
2026-01-19 17:48:05,168 [WARN] ModelIntegratedComponent:63 - No mode defined for component null
2026-01-19 17:48:05,169 [WARN] ModelIntegratedComponent:63 - No mode defined for component null
2026-01-19 17:48:05,169 [WARN] ModelIntegratedComponent:63 - No mode defined for component null
2026-01-19 17:48:05,169 [WARN] ModelIntegratedComponent:63 - No mode defined for component null
2026-01-19 17:48:05,169 [WARN] ModelIntegratedComponent:63 - No mode defined for component null
2026-01-19 17:48:05,169 [WARN] ModelIntegratedComponent:63 - No mode defined for component null
2026-01-19 17:48:05,169 [WARN] ModelIntegratedComponent:63 - No mode defined for component null
2026-01-19 17:48:05,169 [WARN] ModelIntegratedComponent:63 - No mode defined for component null
2026-01-19 17:48:05,169 [WARN] ModelIntegratedComponent:63 - No mode defined for component null
2026-01-19 17:48:05,169 [WARN] ModelIntegratedComponent:63 - No mode defined for component null
2026-01-19 17:48:05,169 [WARN] ModelIntegratedComponent:63 - No mode defined for component null
2026-01-19 17:48:05,169 [WARN] ModelIntegratedComponent:63 - No mode defined for component null
2026-01-19 17:48:05,169 [WARN] ModelIntegratedComponent:63 - No mode defined for component null
2026-01-19 17:48:05,169 [WARN] ModelIntegratedComponent:63 - No mode defined for component null
2026-01-19 17:48:05,169 [WARN] ModelIntegratedComponent:63 - No mode defined for component null
2026-01-19 17:48:05,169 [WARN] ModelIntegratedComponent:63 - No mode defined for component null
2026-01-19 17:48:05,169 [WARN] ModelPack:524 - Component already loaded: STMicroelectronics:HAL Drivers:0.0.0:STMicroelectronics:Device:STMicro_Driver:XSPI:HAL::0.0.1:HAL_XSPI
2026-01-19 17:48:05,421 [INFO] ThirdPartyModel:298 - Start build external matchings
2026-01-19 17:48:06,260 [INFO] ThirdPartyModel:316 - End build external matchings
2026-01-19 17:48:06,326 [INFO] HwResourcesManager:1943 - RZone for current mcu STM32H753ZITx : STM32_DIE450_864_2048
2026-01-19 17:48:06,363 [INFO] HwResourcesManager:286 - provisioning FMC Bank1 added
2026-01-19 17:48:06,364 [INFO] HwResourcesManager:286 - provisioning FMC Bank3 added
2026-01-19 17:48:06,367 [INFO] HwResourcesManager:286 - provisioning QuadSPI added
2026-01-19 17:48:06,368 [INFO] HwResourcesManager:286 - provisioning FMC SDRAM Bank1 added
2026-01-19 17:48:06,369 [INFO] HwResourcesManager:286 - provisioning FMC SDRAM Bank2 added
2026-01-19 17:48:06,377 [INFO] HwResourcesManager:473 - Memory Region RAM_ITCM added without MPC
2026-01-19 17:48:06,379 [INFO] HwResourcesManager:473 - Memory Region Flash Bank1 added without MPC
2026-01-19 17:48:06,382 [INFO] HwResourcesManager:473 - Memory Region Flash Bank2 added without MPC
2026-01-19 17:48:06,385 [INFO] HwResourcesManager:473 - Memory Region System Bank1 added without MPC
2026-01-19 17:48:06,387 [INFO] HwResourcesManager:473 - Memory Region System Bank2 added without MPC
2026-01-19 17:48:06,390 [INFO] HwResourcesManager:473 - Memory Region RAM_DTCM added without MPC
2026-01-19 17:48:06,392 [INFO] HwResourcesManager:473 - Memory Region RAM_AXI added without MPC
2026-01-19 17:48:06,395 [INFO] HwResourcesManager:473 - Memory Region RAM1_AHB added without MPC
2026-01-19 17:48:06,397 [INFO] HwResourcesManager:473 - Memory Region RAM2_AHB added without MPC
2026-01-19 17:48:06,398 [INFO] HwResourcesManager:473 - Memory Region RAM3_AHB added without MPC
2026-01-19 17:48:06,400 [INFO] HwResourcesManager:473 - Memory Region RAM_AHB_D4 added without MPC
2026-01-19 17:48:06,402 [INFO] HwResourcesManager:473 - Memory Region BKPSRAM added without MPC
2026-01-19 17:48:06,422 [INFO] MemInfoExtractor$FMCInfoExtractor:920 - Cannot find FMC BANK1 start address in the info provided by HWResourceManager => Set it to the default value
2026-01-19 17:48:06,422 [INFO] MemInfoExtractor$FMCInfoExtractor:923 - Cannot find FMC SDRAM BANK1 start address in the info provided by HWResourceManager => Set it to the default value
2026-01-19 17:48:06,424 [INFO] MemInfoExtractor$OctoQuadSPIInfoExtractor:1646 - Cannot find QUADSPI start address in the info provided by HWResourceManager => Set it to the default value
2026-01-19 17:48:07,060 [INFO] ImportTextPane:234 - (OptionalMessage_ERROR) IP (DMA) : Parameter (Instance) has Id (DAC1_CH1) currently not set
2026-01-19 17:48:07,060 [INFO] ImportTextPane:234 - (OptionalMessage_ERROR) IP (DMA) : Parameter (Request) has Id (DAC1_CH1) currently not set
2026-01-19 17:48:07,060 [INFO] ImportTextPane:234 - (OptionalMessage_ERROR) IP (DMA) : Parameter (Direction) has Id (DAC1_CH1) currently not set
2026-01-19 17:48:07,060 [INFO] ImportTextPane:234 - (OptionalMessage_ERROR) IP (DMA) : Parameter (PeriphInc) has Id (DAC1_CH1) currently not set
2026-01-19 17:48:07,061 [INFO] ImportTextPane:234 - (OptionalMessage_ERROR) IP (DMA) : Parameter (MemInc) has Id (DAC1_CH1) currently not set
2026-01-19 17:48:07,061 [INFO] ImportTextPane:234 - (OptionalMessage_ERROR) IP (DMA) : Parameter (PeriphDataAlignment) has Id (DAC1_CH1) currently not set
2026-01-19 17:48:07,061 [INFO] ImportTextPane:234 - (OptionalMessage_ERROR) IP (DMA) : Parameter (MemDataAlignment) has Id (DAC1_CH1) currently not set
2026-01-19 17:48:07,061 [INFO] ImportTextPane:234 - (OptionalMessage_ERROR) IP (DMA) : Parameter (Mode) has Id (DAC1_CH1) currently not set
2026-01-19 17:48:07,061 [INFO] ImportTextPane:234 - (OptionalMessage_ERROR) IP (DMA) : Parameter (Priority) has Id (DAC1_CH1) currently not set
2026-01-19 17:48:07,062 [INFO] ImportTextPane:234 - (OptionalMessage_ERROR) IP (DMA) : Parameter (FIFOMode) has Id (DAC1_CH1) currently not set
2026-01-19 17:48:07,062 [INFO] ImportTextPane:234 - (OptionalMessage_ERROR) IP (DMA) : Parameter (SignalID) has Id (DAC1_CH1) currently not set
2026-01-19 17:48:07,062 [INFO] ImportTextPane:234 - (OptionalMessage_ERROR) IP (DMA) : Parameter (Polarity) has Id (DAC1_CH1) currently not set
2026-01-19 17:48:07,062 [INFO] ImportTextPane:234 - (OptionalMessage_ERROR) IP (DMA) : Parameter (RequestNumber) has Id (DAC1_CH1) currently not set
2026-01-19 17:48:07,062 [INFO] ImportTextPane:234 - (OptionalMessage_ERROR) IP (DMA) : Parameter (SyncSignalID) has Id (DAC1_CH1) currently not set
2026-01-19 17:48:07,063 [INFO] ImportTextPane:234 - (OptionalMessage_ERROR) IP (DMA) : Parameter (SyncPolarity) has Id (DAC1_CH1) currently not set
2026-01-19 17:48:07,063 [INFO] ImportTextPane:234 - (OptionalMessage_ERROR) IP (DMA) : Parameter (SyncEnable) has Id (DAC1_CH1) currently not set
2026-01-19 17:48:07,063 [INFO] ImportTextPane:234 - (OptionalMessage_ERROR) IP (DMA) : Parameter (EventEnable) has Id (DAC1_CH1) currently not set
2026-01-19 17:48:07,063 [INFO] ImportTextPane:234 - (OptionalMessage_ERROR) IP (DMA) : Parameter (SyncRequestNumber) has Id (DAC1_CH1) currently not set
2026-01-19 17:48:07,063 [INFO] ImportTextPane:234 - (OptionalMessage_ERROR) IP (DMA) : Parameter (Instance) has Id (DFSDM1_FLT0) currently not set
2026-01-19 17:48:07,063 [INFO] ImportTextPane:234 - (OptionalMessage_ERROR) IP (DMA) : Parameter (Request) has Id (DFSDM1_FLT0) currently not set
2026-01-19 17:48:07,063 [INFO] ImportTextPane:234 - (OptionalMessage_ERROR) IP (DMA) : Parameter (Direction) has Id (DFSDM1_FLT0) currently not set
2026-01-19 17:48:07,063 [INFO] ImportTextPane:234 - (OptionalMessage_ERROR) IP (DMA) : Parameter (PeriphInc) has Id (DFSDM1_FLT0) currently not set
2026-01-19 17:48:07,063 [INFO] ImportTextPane:234 - (OptionalMessage_ERROR) IP (DMA) : Parameter (MemInc) has Id (DFSDM1_FLT0) currently not set
2026-01-19 17:48:07,063 [INFO] ImportTextPane:234 - (OptionalMessage_ERROR) IP (DMA) : Parameter (PeriphDataAlignment) has Id (DFSDM1_FLT0) currently not set
2026-01-19 17:48:07,064 [INFO] ImportTextPane:234 - (OptionalMessage_ERROR) IP (DMA) : Parameter (MemDataAlignment) has Id (DFSDM1_FLT0) currently not set
2026-01-19 17:48:07,064 [INFO] ImportTextPane:234 - (OptionalMessage_ERROR) IP (DMA) : Parameter (Mode) has Id (DFSDM1_FLT0) currently not set
2026-01-19 17:48:07,064 [INFO] ImportTextPane:234 - (OptionalMessage_ERROR) IP (DMA) : Parameter (Priority) has Id (DFSDM1_FLT0) currently not set
2026-01-19 17:48:07,064 [INFO] ImportTextPane:234 - (OptionalMessage_ERROR) IP (DMA) : Parameter (FIFOMode) has Id (DFSDM1_FLT0) currently not set
2026-01-19 17:48:07,064 [INFO] ImportTextPane:234 - (OptionalMessage_ERROR) IP (DMA) : Parameter (SignalID) has Id (DFSDM1_FLT0) currently not set
2026-01-19 17:48:07,064 [INFO] ImportTextPane:234 - (OptionalMessage_ERROR) IP (DMA) : Parameter (Polarity) has Id (DFSDM1_FLT0) currently not set
2026-01-19 17:48:07,064 [INFO] ImportTextPane:234 - (OptionalMessage_ERROR) IP (DMA) : Parameter (RequestNumber) has Id (DFSDM1_FLT0) currently not set
2026-01-19 17:48:07,064 [INFO] ImportTextPane:234 - (OptionalMessage_ERROR) IP (DMA) : Parameter (SyncSignalID) has Id (DFSDM1_FLT0) currently not set
2026-01-19 17:48:07,064 [INFO] ImportTextPane:234 - (OptionalMessage_ERROR) IP (DMA) : Parameter (SyncPolarity) has Id (DFSDM1_FLT0) currently not set
2026-01-19 17:48:07,064 [INFO] ImportTextPane:234 - (OptionalMessage_ERROR) IP (DMA) : Parameter (SyncEnable) has Id (DFSDM1_FLT0) currently not set
2026-01-19 17:48:07,064 [INFO] ImportTextPane:234 - (OptionalMessage_ERROR) IP (DMA) : Parameter (EventEnable) has Id (DFSDM1_FLT0) currently not set
2026-01-19 17:48:07,064 [INFO] ImportTextPane:234 - (OptionalMessage_ERROR) IP (DMA) : Parameter (SyncRequestNumber) has Id (DFSDM1_FLT0) currently not set
2026-01-19 17:48:07,064 [INFO] ImportTextPane:234 - (OptionalMessage_ERROR) IP (DMA) : Parameter (Instance) has Id (DFSDM1_FLT1) currently not set
2026-01-19 17:48:07,064 [INFO] ImportTextPane:234 - (OptionalMessage_ERROR) IP (DMA) : Parameter (Request) has Id (DFSDM1_FLT1) currently not set
2026-01-19 17:48:07,064 [INFO] ImportTextPane:234 - (OptionalMessage_ERROR) IP (DMA) : Parameter (Direction) has Id (DFSDM1_FLT1) currently not set
2026-01-19 17:48:07,064 [INFO] ImportTextPane:234 - (OptionalMessage_ERROR) IP (DMA) : Parameter (PeriphInc) has Id (DFSDM1_FLT1) currently not set
2026-01-19 17:48:07,065 [INFO] ImportTextPane:234 - (OptionalMessage_ERROR) IP (DMA) : Parameter (MemInc) has Id (DFSDM1_FLT1) currently not set
2026-01-19 17:48:07,065 [INFO] ImportTextPane:234 - (OptionalMessage_ERROR) IP (DMA) : Parameter (PeriphDataAlignment) has Id (DFSDM1_FLT1) currently not set
2026-01-19 17:48:07,065 [INFO] ImportTextPane:234 - (OptionalMessage_ERROR) IP (DMA) : Parameter (MemDataAlignment) has Id (DFSDM1_FLT1) currently not set
2026-01-19 17:48:07,065 [INFO] ImportTextPane:234 - (OptionalMessage_ERROR) IP (DMA) : Parameter (Mode) has Id (DFSDM1_FLT1) currently not set
2026-01-19 17:48:07,065 [INFO] ImportTextPane:234 - (OptionalMessage_ERROR) IP (DMA) : Parameter (Priority) has Id (DFSDM1_FLT1) currently not set
2026-01-19 17:48:07,065 [INFO] ImportTextPane:234 - (OptionalMessage_ERROR) IP (DMA) : Parameter (FIFOMode) has Id (DFSDM1_FLT1) currently not set
2026-01-19 17:48:07,065 [INFO] ImportTextPane:234 - (OptionalMessage_ERROR) IP (DMA) : Parameter (SignalID) has Id (DFSDM1_FLT1) currently not set
2026-01-19 17:48:07,065 [INFO] ImportTextPane:234 - (OptionalMessage_ERROR) IP (DMA) : Parameter (Polarity) has Id (DFSDM1_FLT1) currently not set
2026-01-19 17:48:07,065 [INFO] ImportTextPane:234 - (OptionalMessage_ERROR) IP (DMA) : Parameter (RequestNumber) has Id (DFSDM1_FLT1) currently not set
2026-01-19 17:48:07,065 [INFO] ImportTextPane:234 - (OptionalMessage_ERROR) IP (DMA) : Parameter (SyncSignalID) has Id (DFSDM1_FLT1) currently not set
2026-01-19 17:48:07,065 [INFO] ImportTextPane:234 - (OptionalMessage_ERROR) IP (DMA) : Parameter (SyncPolarity) has Id (DFSDM1_FLT1) currently not set
2026-01-19 17:48:07,065 [INFO] ImportTextPane:234 - (OptionalMessage_ERROR) IP (DMA) : Parameter (SyncEnable) has Id (DFSDM1_FLT1) currently not set
2026-01-19 17:48:07,065 [INFO] ImportTextPane:234 - (OptionalMessage_ERROR) IP (DMA) : Parameter (EventEnable) has Id (DFSDM1_FLT1) currently not set
2026-01-19 17:48:07,065 [INFO] ImportTextPane:234 - (OptionalMessage_ERROR) IP (DMA) : Parameter (SyncRequestNumber) has Id (DFSDM1_FLT1) currently not set
2026-01-19 17:48:07,067 [WARN] IP:2250 - DefaultDataRegion not found: check if there is a RefParameter without a condition.
2026-01-19 17:48:08,035 [INFO] ApiDb:581 - Connected to CubeFinder SQLite database (C:\Users\Fabio Marçal\.stmcufinder\plugins\mcufinder\mcu\cube-finder-db.db)
2026-01-19 17:48:08,128 [INFO] ApiDb:668 - CubeFinder database Data Model version=2.1
2026-01-19 17:48:08,128 [INFO] ApiDb:669 - CubeFinder database Configuration version=3.0.39
2026-01-19 17:48:08,130 [INFO] ApiDb:670 - CubeFinder database generation date=2025-11-05 (1762334721)
2026-01-19 17:48:08,130 [INFO] ApiDb:671 - CubeFinder database FW Pack versions=[FP-ATR-ASTRA1_V2.0.0, FP-SNS-FLIGHT1_V5.1.0, FP-SNS-MOTENV1_V5.1.0, FP-SNS-MOTENVWB1_V1.4.0, FP-SNS-SMARTAG2_V1.2.0, FP-SNS-STBOX1_V2.1.0, STM32Cube_FW_C0_V1.4.0, STM32Cube_FW_F4_V1.28.3, STM32Cube_FW_F7_V1.17.4, STM32Cube_FW_G0_V1.6.2, STM32Cube_FW_G4_V1.6.1, STM32Cube_FW_H5_V1.5.1, STM32Cube_FW_H7RS_V1.3.0, STM32Cube_FW_H7_V1.12.1, STM32Cube_FW_L0_V1.12.2, STM32Cube_FW_L4_V1.18.1, STM32Cube_FW_L5_V1.6.0, STM32Cube_FW_N6_V1.3.0, STM32Cube_FW_U0_V1.3.0, STM32Cube_FW_U3_V1.2.1, STM32Cube_FW_U5_V1.8.0, STM32Cube_FW_WB0_V1.4.0, STM32Cube_FW_WBA_V1.8.0, STM32Cube_FW_WB_V1.24.0, STM32Cube_FW_WL3_V1.3.0, STM32Cube_FW_WL_V1.4.0, X-CUBE-ALGOBUILD_V1.4.0, X-CUBE-ALS_V1.0.2, X-CUBE-AZRTOS-F4_V1.1.0, X-CUBE-AZRTOS-F7_V1.1.0, X-CUBE-AZRTOS-G0_V1.1.0, X-CUBE-AZRTOS-G4_V2.0.0, X-CUBE-AZRTOS-H7RS_V1.1.0, X-CUBE-AZRTOS-H7_V3.4.0, X-CUBE-AZRTOS-L4_V2.0.0, X-CUBE-AZRTOS-L5_V2.0.0, X-CUBE-AZRTOS-WB_V2.0.0, X-CUBE-AZRTOS-WL_V2.0.0, X-CUBE-BLE1_V7.1.0, X-CUBE-BLE2_V3.3.0, X-CUBE-BLEMGR_V4.1.0, X-CUBE-EEPRMA1_V5.2.0, X-CUBE-FREERTOS_V1.3.1, X-CUBE-GNSS1_V6.0.0, X-CUBE-MEMS1_V11.3.0, X-CUBE-NFC4_V3.0.0, X-CUBE-NFC7_V2.0.0, X-CUBE-SFXS2LP1_V4.0.0, X-CUBE-ST67W61_V1.1.0, X-CUBE-SUBG2_V5.0.0, X-CUBE-TOF1_V3.4.3]
2026-01-19 17:48:08,259 [INFO] DbBoardsSqlite:226 - include board P-NUCLEO-WB55-NUCLEO as a kit item of type 'Nucleo-64'
2026-01-19 17:48:08,259 [INFO] DbBoardsSqlite:226 - include board P-NUCLEO-WB55-USBDONGLE as a kit item of type 'Nucleo USB Dongle'
2026-01-19 17:48:08,261 [INFO] DbBoardsSqlite:226 - include board STEVAL-IDP005V1 as a kit item of type 'Evaluation Board'
2026-01-19 17:48:08,261 [INFO] DbBoardsSqlite:226 - include board STEVAL-IDP005V2 as a kit item of type 'Evaluation Board'
2026-01-19 17:48:08,679 [INFO] ApiDb:240 - Found 880 in-development CPN: [B-G473E-ZEST1S, B-WB1M-WPAN1, B-WBA5M-WPAN, B-WL5M-SUBG1, NUCLEO-C031C6, NUCLEO-C051C8, NUCLEO-C071RB, NUCLEO-C092RC, NUCLEO-H503RB, NUCLEO-H533RE, NUCLEO-H563ZI, NUCLEO-H7S3L8, NUCLEO-N657X0-Q, NUCLEO-U031R8, NUCLEO-U083RC, NUCLEO-U385RG-Q, NUCLEO-U545RE-Q, NUCLEO-U5A5ZJ-Q, NUCLEO-WB05KZ, NUCLEO-WB07CC, NUCLEO-WB09KE, NUCLEO-WBA52CG, NUCLEO-WBA55CG, NUCLEO-WL33CC1, NUCLEO-WL33CC2, STEVAL-PROTEUS1, STEVAL-SMARTAG2, STEVAL-STWINBX1, STM320518-EVAL, STM32C0116-DK, STM32C011D6Y3TR, STM32C011D6Y6TR, STM32C011F4P3, STM32C011F4P6, STM32C011F4U3, STM32C011F4U6TR, STM32C011F6P3, STM32C011F6P6, STM32C011F6U3, STM32C011F6U6TR, STM32C011J4M3, STM32C011J4M6, STM32C011J6M3, STM32C011J6M6, STM32C0316-DK, STM32C031C4T3, STM32C031C4T6, STM32C031C4U3, STM32C031C4U6, STM32C031C6T3, STM32C031C6T6, STM32C031C6U3, STM32C031C6U6, STM32C031F4P3, STM32C031F4P6, STM32C031F6P3, STM32C031F6P6, STM32C031G4U3, STM32C031G4U6, STM32C031G6U3, STM32C031G6U6, STM32C031K4T3, STM32C031K4T6, STM32C031K4U3, STM32C031K4U6, STM32C031K6T3, STM32C031K6T6, STM32C031K6U3, STM32C031K6U6, STM32C051C6T6, STM32C051C6U6, STM32C051C8T6, STM32C051C8U6, STM32C051D8Y6TR, STM32C051F6P6, STM32C051F8P6, STM32C051G6U6, STM32C051G8U6, STM32C051K6T6, STM32C051K6U6, STM32C051K8T6, STM32C071C8T6, STM32C071C8T6N, STM32C071C8U6, STM32C071C8U6N, STM32C071CBT6, STM32C071CBT6N, STM32C071CBU6, STM32C071CBU6N, STM32C071F8P6, STM32C071F8P6N, STM32C071FBP6, STM32C071FBP6N, STM32C071FBY6TR, STM32C071G8U6, STM32C071G8U6N, STM32C071GBU6, STM32C071GBU6N, STM32C071K8T6, STM32C071K8T6N, STM32C071K8U6, STM32C071K8U6N, STM32C071KBT6, STM32C071KBT6N, STM32C071KBU6, STM32C071KBU6N, STM32C071R8T6, STM32C071R8T6N, STM32C071RBI6N, STM32C071RBT6, STM32C071RBT6N, STM32C091CBT6, STM32C091CBU6, STM32C091CCT6, STM32C091CCU6, STM32C091ECY6TR, STM32C091FBP6, STM32C091FCP6, STM32C091GBU6, STM32C091GCU6, STM32C091KBT6, STM32C091KBU6, STM32C091KCT6, STM32C091KCU6, STM32C091RBT6, STM32C091RCI6, STM32C091RCT6, STM32C092CBT6, STM32C092CBU6, STM32C092CCT6, STM32C092CCU6, STM32C092ECY6TR, STM32C092FBP6, STM32C092FCP6, STM32C092GBU6, STM32C092GCU6, STM32C092KBT6, STM32C092KBU6, STM32C092KCT6, STM32C092KCU6, STM32C092RBT6, STM32C092RCI6, STM32C092RCT6, STM32G071K8TXN, STM32G071K8UXN, STM32G081GBU6N, STM32G081KBT6N, STM32G081KBUXN, STM32G0B1CCT6N, STM32G0B1KCT6, STM32G0B1NEY6TR, STM32G0B1RCT6N, STM32G0C1CCT6, STM32G0C1CCT6N, STM32G0C1CCU6N, STM32G0C1CET6N, STM32G0C1CEU6N, STM32G0C1KCT6, STM32G0C1NEY6TR, STM32G0C1RCI6N, STM32G0C1RCT6N, STM32G0C1REI6N, STM32G0C1RET6N, STM32G0C1VCI6, STM32G0C1VEI6, STM32G411C6T3, STM32G411C6T6, STM32G411C6U3, STM32G411C6U6, STM32G411C8T3, STM32G411C8T6, STM32G411C8U3, STM32G411C8U6, STM32G411CBT3, STM32G411CBT6, STM32G411CBU3, STM32G411CBU6, STM32G411K6T3, STM32G411K6T6, STM32G411K6U3, STM32G411K6U6, STM32G411K8T3, STM32G411K8T6, STM32G411K8U3, STM32G411K8U6, STM32G411KBT3, STM32G411KBT6, STM32G411KBU3, STM32G411KBU6, STM32G411M6T3, STM32G411M6T6, STM32G411M8T3, STM32G411M8T6, STM32G411MBT3, STM32G411MBT6, STM32G411R6T3, STM32G411R6T6, STM32G411R8T3, STM32G411R8T6, STM32G411RBT3, STM32G411RBT6, STM32G414CBT3, STM32G414CBT6, STM32G414CBU3, STM32G414CBU6, STM32G414CCT3, STM32G414CCT6, STM32G414CCU3, STM32G414CCU6, STM32G414MBT3, STM32G414MBT6, STM32G414MCT3, STM32G414MCT6, STM32G414RBT3, STM32G414RBT6, STM32G414RCT3, STM32G414RCT6, STM32G414VBT3, STM32G414VBT6, STM32G414VCT3, STM32G414VCT6, STM32G431CBT3Z, STM32G431RBT3Z, STM32G471CCT6, STM32G471CCU6, STM32G471CET3, STM32G471CET6, STM32G471CEU3, STM32G471CEU6, STM32G471MCT6, STM32G471MET3, STM32G471MET6, STM32G471MEY6TR, STM32G471QCT6, STM32G471QET3, STM32G471RCT6, STM32G471RET3, STM32G471RET6, STM32G471VCH6, STM32G471VCI6, STM32G471VCT6, STM32G471VEH3, STM32G471VEH6, STM32G471VEI3, STM32G471VEI6, STM32G471VET3, STM32G471VET6, STM32G473QET3Z, STM32G473RET3Z, STM32G474CCT6, STM32G491RET3Z, STM32H503CBT6, STM32H503CBU6, STM32H503EBY6TR, STM32H503KBU6, STM32H503RBT6, STM32H523CCT6, STM32H523CCU6, STM32H523CET6, STM32H523CEU6, STM32H523HEY6TR, STM32H523RCT6, STM32H523RET6, STM32H523VCI6, STM32H523VCT6, STM32H523VEI6, STM32H523VET6, STM32H523ZCJ6, STM32H523ZCT6, STM32H523ZEJ6, STM32H523ZET6, STM32H533CET6, STM32H533CEU6, STM32H533HEY6TR, STM32H533RET6, STM32H533VEI6, STM32H533VET6, STM32H533ZEJ6, STM32H533ZET6, STM32H562AGI6, STM32H562AII6, STM32H562IGK6, STM32H562IGT6, STM32H562IIK6, STM32H562IIT6, STM32H562RGT6, STM32H562RGV6, STM32H562RIT6, STM32H562RIV6, STM32H562VGT6, STM32H562VIT6, STM32H562ZGT6, STM32H562ZIT6, STM32H563AGI6, STM32H563AII3Q, STM32H563AII6, STM32H563IGK6, STM32H563IGT6, STM32H563IIK3Q, STM32H563IIK6, STM32H563IIT3Q, STM32H563IIT6, STM32H563MIY3QTR, STM32H563RGT6, STM32H563RGV6, STM32H563RIT6, STM32H563RIV6, STM32H563VGT6, STM32H563VIT3Q, STM32H563VIT6, STM32H563ZGT6, STM32H563ZIT3Q, STM32H563ZIT6, STM32H573AII3Q, STM32H573AII6, STM32H573I-DK, STM32H573IIK3Q, STM32H573IIK6, STM32H573IIT3Q, STM32H573IIT6, STM32H573MIY3QTR, STM32H573RIT6, STM32H573RIV6, STM32H573VIT3Q, STM32H573VIT6, STM32H573ZIT3Q, STM32H573ZIT6, STM32H7R3A8I6, STM32H7R3I8K6, STM32H7R3I8T6, STM32H7R3L8H6, STM32H7R3L8H6H, STM32H7R3R8V6, STM32H7R3V8H6, STM32H7R3V8T6, STM32H7R3V8Y6TR, STM32H7R3Z8J6, STM32H7R3Z8T6, STM32H7R7A8I6, STM32H7R7I8K6, STM32H7R7I8T6, STM32H7R7L8H6, STM32H7R7L8H6H, STM32H7R7Z8J6, STM32H7S3A8I6, STM32H7S3I8K6, STM32H7S3I8T6, STM32H7S3L8H6, STM32H7S3L8H6H, STM32H7S3R8V6, STM32H7S3V8H6, STM32H7S3V8T6, STM32H7S3V8Y6TR, STM32H7S3Z8J6, STM32H7S3Z8T6, STM32H7S78-DK, STM32H7S7A8I6, STM32H7S7I8K6, STM32H7S7I8T6, STM32H7S7L8H6, STM32H7S7L8H6H, STM32H7S7Z8J6, STM32L4R5QGI6STR, STM32MP131AAE3, STM32MP131AAF3, STM32MP131AAG3, STM32MP131CAE3, STM32MP131CAF3, STM32MP131CAG3, STM32MP131DAE7, STM32MP131DAF7, STM32MP131DAG7, STM32MP131FAE7, STM32MP131FAF7, STM32MP131FAG7, STM32MP133AAE3, STM32MP133AAF3, STM32MP133AAG3, STM32MP133CAE3, STM32MP133CAF3, STM32MP133CAG3, STM32MP133DAE7, STM32MP133DAF7, STM32MP133DAG7, STM32MP133FAE7, STM32MP133FAF7, STM32MP133FAG7, STM32MP135AAE3, STM32MP135AAF3, STM32MP135AAG3, STM32MP135CAE3, STM32MP135CAF3, STM32MP135CAG3, STM32MP135DAE7, STM32MP135DAF7, STM32MP135DAG7, STM32MP135F-DK, STM32MP135FAE7, STM32MP135FAF7, STM32MP135FAF7T, STM32MP135FAF7U, STM32MP135FAG7, STM32MP211AAL3, STM32MP211AAM3, STM32MP211AAN3, STM32MP211AAO3, STM32MP211CAL3, STM32MP211CAM3, STM32MP211CAN3, STM32MP211CAO3, STM32MP211DAL3, STM32MP211DAM3, STM32MP211DAN3, STM32MP211DAO3, STM32MP211FAL3, STM32MP211FAM3, STM32MP211FAN3, STM32MP211FAO3, STM32MP213AAL3, STM32MP213AAM3, STM32MP213AAN3, STM32MP213AAO3, STM32MP213CAL3, STM32MP213CAM3, STM32MP213CAN3, STM32MP213CAO3, STM32MP213DAL3, STM32MP213DAM3, STM32MP213DAN3, STM32MP213DAO3, STM32MP213FAL3, STM32MP213FAM3, STM32MP213FAN3, STM32MP213FAO3, STM32MP215AAL3, STM32MP215AAM3, STM32MP215AAN3, STM32MP215AAO3, STM32MP215CAL3, STM32MP215CAM3, STM32MP215CAN3, STM32MP215CAO3, STM32MP215DAL3, STM32MP215DAM3, STM32MP215DAN3, STM32MP215DAO3, STM32MP215F-DK, STM32MP215FAL3, STM32MP215FAM3, STM32MP215FAN3, STM32MP215FAO3, STM32MP231AAJ3, STM32MP231AAK3, STM32MP231AAL3, STM32MP231CAJ3, STM32MP231CAK3, STM32MP231CAL3, STM32MP231DAJ3, STM32MP231DAK3, STM32MP231DAL3, STM32MP231FAJ3, STM32MP231FAK3, STM32MP231FAL3, STM32MP233AAJ3, STM32MP233AAK3, STM32MP233AAL3, STM32MP233CAJ3, STM32MP233CAK3, STM32MP233CAL3, STM32MP233DAJ3, STM32MP233DAK3, STM32MP233DAL3, STM32MP233FAJ3, STM32MP233FAK3, STM32MP233FAL3, STM32MP235AAJ3, STM32MP235AAK3, STM32MP235AAL3, STM32MP235CAJ3, STM32MP235CAK3, STM32MP235CAL3, STM32MP235DAJ3, STM32MP235DAK3, STM32MP235DAL3, STM32MP235FAJ3, STM32MP235FAK3, STM32MP235FAL3, STM32MP251AAI3, STM32MP251AAK3, STM32MP251AAL3, STM32MP251CAI3, STM32MP251CAK3, STM32MP251CAL3, STM32MP251DAI3, STM32MP251DAK3, STM32MP251DAL3, STM32MP251FAI3, STM32MP251FAK3, STM32MP251FAL3, STM32MP253AAI3, STM32MP253AAK3, STM32MP253AAL3, STM32MP253CAI3, STM32MP253CAK3, STM32MP253CAL3, STM32MP253DAI3, STM32MP253DAK3, STM32MP253DAL3, STM32MP253FAI3, STM32MP253FAK3, STM32MP253FAL3, STM32MP255AAI3, STM32MP255AAK3, STM32MP255AAL3, STM32MP255CAI3, STM32MP255CAK3, STM32MP255CAL3, STM32MP255DAI3, STM32MP255DAK3, STM32MP255DAL3, STM32MP255FAI3, STM32MP255FAK3, STM32MP255FAL3, STM32MP257AAI3, STM32MP257AAK3, STM32MP257AAL3, STM32MP257CAI3, STM32MP257CAK3, STM32MP257CAL3, STM32MP257DAI3, STM32MP257DAK3, STM32MP257DAL3, STM32MP257F-DK, STM32MP257F-EV1, STM32MP257FAI3, STM32MP257FAK3, STM32MP257FAL3, STM32N645A0H3Q, STM32N645B0H3Q, STM32N645I0H3Q, STM32N645L0H3Q, STM32N645X0H3Q, STM32N645Z0H3Q, STM32N647A0H3Q, STM32N647B0H3Q, STM32N647I0H3Q, STM32N647L0H3Q, STM32N647X0H3Q, STM32N647Z0H3Q, STM32N655A0H3Q, STM32N655B0H3Q, STM32N655I0H3Q, STM32N655L0H3Q, STM32N655X0H3Q, STM32N655Z0H3Q, STM32N6570-DK, STM32N657A0H3Q, STM32N657B0H3Q, STM32N657I0H3Q, STM32N657L0H3Q, STM32N657X0H3Q, STM32N657Z0H3Q, STM32U031C6T6, STM32U031C6U6, STM32U031C8T6, STM32U031C8U6, STM32U031F4P6, STM32U031F6P6, STM32U031F8P6, STM32U031G6Y6TR, STM32U031G8Y6TR, STM32U031K4U6, STM32U031K6U6, STM32U031K8U6, STM32U031R6I6, STM32U031R6T6, STM32U031R8I6, STM32U031R8T6, STM32U073C8T6, STM32U073C8U6, STM32U073CBT6, STM32U073CBU6, STM32U073CCT6, STM32U073CCU6, STM32U073H8Y6TR, STM32U073HBY6TR, STM32U073HCY6TR, STM32U073K8U6, STM32U073KBU6, STM32U073KCU6, STM32U073M8I6, STM32U073M8T6, STM32U073MBI6, STM32U073MBT6, STM32U073MCI6, STM32U073MCT6, STM32U073R8I6, STM32U073R8T6, STM32U073RBI6, STM32U073RBT6, STM32U073RCI6, STM32U073RCT6, STM32U083C-DK, STM32U083CCT6, STM32U083CCU6, STM32U083HCY6TR, STM32U083KCU6, STM32U083MCI6, STM32U083MCT6, STM32U083RCI6, STM32U083RCT6, STM32U375CET6, STM32U375CET6Q, STM32U375CEU6, STM32U375CEU6Q, STM32U375CEY6QTR, STM32U375CGT6, STM32U375CGT6Q, STM32U375CGU6, STM32U375CGU6Q, STM32U375CGY6QTR, STM32U375KEU6, STM32U375KGU6, STM32U375REI6, STM32U375REI6Q, STM32U375RET6, STM32U375RET6Q, STM32U375REY6GTR, STM32U375REY6QTR, STM32U375RGI6, STM32U375RGI6Q, STM32U375RGT6, STM32U375RGT6Q, STM32U375RGY6GTR, STM32U375RGY6QTR, STM32U375VEI6, STM32U375VEI6Q, STM32U375VET6, STM32U375VET6Q, STM32U375VGI6, STM32U375VGI6Q, STM32U375VGT6, STM32U375VGT6Q, STM32U385CGT6, STM32U385CGT6Q, STM32U385CGU6, STM32U385CGU6Q, STM32U385CGY6QTR, STM32U385KGU6, STM32U385RGI6, STM32U385RGI6Q, STM32U385RGT6, STM32U385RGT6Q, STM32U385RGY6GTR, STM32U385RGY6QTR, STM32U385VGI6, STM32U385VGI6Q, STM32U385VGT6, STM32U385VGT6Q, STM32U535CBT6, STM32U535CBT6Q, STM32U535CBU6, STM32U535CBU6Q, STM32U535CCT6, STM32U535CCT6Q, STM32U535CCU6, STM32U535CCU6Q, STM32U535CET6, STM32U535CET6Q, STM32U535CEU6, STM32U535CEU6Q, STM32U535JEY6QTR, STM32U535NCY6QTR, STM32U535NEY6QTR, STM32U535RBI6, STM32U535RBI6Q, STM32U535RBT6, STM32U535RBT6Q, STM32U535RCI6, STM32U535RCI6Q, STM32U535RCT6, STM32U535RCT6Q, STM32U535REI6, STM32U535REI6Q, STM32U535RET6, STM32U535RET6Q, STM32U535VCI6, STM32U535VCI6Q, STM32U535VCT6, STM32U535VCT6Q, STM32U535VEI6, STM32U535VEI6Q, STM32U535VET6, STM32U535VET6Q, STM32U545CET6, STM32U545CET6Q, STM32U545CEU6, STM32U545CEU6Q, STM32U545JEY6QTR, STM32U545NEY6QTR, STM32U545REI6, STM32U545REI6Q, STM32U545RET6, STM32U545RET6Q, STM32U545VEI6, STM32U545VEI6Q, STM32U545VET6, STM32U545VET6Q, STM32U595AIH6, STM32U595AIH6Q, STM32U595AJH6, STM32U595AJH6Q, STM32U595QII6, STM32U595QII6Q, STM32U595QJI6, STM32U595QJI6Q, STM32U595RIT6, STM32U595RIT6Q, STM32U595RJT6, STM32U595RJT6Q, STM32U595VIT6, STM32U595VIT6Q, STM32U595VJT6, STM32U595VJT6Q, STM32U595ZIT6, STM32U595ZIT6Q, STM32U595ZIY6QTR, STM32U595ZJT6, STM32U595ZJT6Q, STM32U595ZJY6QTR, STM32U599BJY6QTR, STM32U599NIH6Q, STM32U599NJH6Q, STM32U599VIT6Q, STM32U599VJT6, STM32U599VJT6Q, STM32U599ZIT6Q, STM32U599ZIY6QTR, STM32U599ZJT6Q, STM32U599ZJY6QTR, STM32U5A5AJH6, STM32U5A5AJH6Q, STM32U5A5QII3Q , STM32U5A5QJI6, STM32U5A5QJI6Q, STM32U5A5RJT6, STM32U5A5RJT6Q, STM32U5A5VJT6, STM32U5A5VJT6Q, STM32U5A5ZJT6, STM32U5A5ZJT6Q, STM32U5A5ZJY6QTR, STM32U5A9BJY6QTR, STM32U5A9J-DK, STM32U5A9NJH6Q, STM32U5A9VJT6Q, STM32U5A9ZJT6Q, STM32U5A9ZJY6QTR, STM32U5F7VIT6, STM32U5F7VIT6Q, STM32U5F7VJT6, STM32U5F7VJT6Q, STM32U5F9BJY6QTR, STM32U5F9NJH6Q, STM32U5F9VIT6Q, STM32U5F9VJT6Q, STM32U5F9ZIJ6QTR, STM32U5F9ZIT6Q, STM32U5F9ZJJ6QTR, STM32U5F9ZJT6Q, STM32U5G7VJT6, STM32U5G7VJT6Q, STM32U5G9BJY6QTR, STM32U5G9J-DK1, STM32U5G9J-DK2, STM32U5G9NJH6Q, STM32U5G9VJT6Q, STM32U5G9ZJJ6QTR, STM32U5G9ZJT6Q, STM32WB05KZV6TR, STM32WB05KZV7TR, STM32WB05TZF6TR, STM32WB05TZF7TR, STM32WB06CCF6TR, STM32WB06CCF7TR, STM32WB06CCV6TR, STM32WB06CCV7TR, STM32WB06KCV6TR, STM32WB06KCV7TR, STM32WB07CCF6TR, STM32WB07CCF7TR, STM32WB07CCV6TR, STM32WB07CCV7TR, STM32WB07KCV6TR, STM32WB07KCV7TR, STM32WB09KEV6TR, STM32WB09KEV7TR, STM32WB09TEF6TR, STM32WB09TEF7TR, STM32WB1MMCH6, STM32WBA50KGU6, STM32WBA50KGU6TR, STM32WBA52CEU6, STM32WBA52CEU6TR, STM32WBA52CEU7, STM32WBA52CEU7TR, STM32WBA52CGU6, STM32WBA52CGU6TR, STM32WBA52CGU6U, STM32WBA52CGU7, STM32WBA52CGU7TR, STM32WBA52KEU6, STM32WBA52KEU6TR, STM32WBA52KGU6, STM32WBA52KGU6TR, STM32WBA54CEU6, STM32WBA54CEU6TR, STM32WBA54CEU7, STM32WBA54CEU7TR, STM32WBA54CGU6, STM32WBA54CGU6TR, STM32WBA54CGU7, STM32WBA54CGU7TR, STM32WBA54KEU6, STM32WBA54KEU6TR, STM32WBA54KEU7, STM32WBA54KEU7TR, STM32WBA54KGU6, STM32WBA54KGU6TR, STM32WBA54KGU7, STM32WBA54KGU7TR, STM32WBA55CEU6, STM32WBA55CEU6TR, STM32WBA55CEU7, STM32WBA55CEU7TR, STM32WBA55CGU6, STM32WBA55CGU6TR, STM32WBA55CGU6U, STM32WBA55CGU7, STM32WBA55CGU7TR, STM32WBA55G-DK1, STM32WBA55HEF6, STM32WBA55HEF7, STM32WBA55HGF6, STM32WBA55HGF7, STM32WBA55UEI6, STM32WBA55UEI6TR, STM32WBA55UEI7, STM32WBA55UEI7TR, STM32WBA55UGI6, STM32WBA55UGI6TR, STM32WBA55UGI7, STM32WBA55UGI7TR, STM32WBA5MMGH6TR, STM32WBA62MGF6, STM32WBA62MIF6, STM32WBA65MGF7, STM32WBA65MIF6, STM32WBA65MIF7, STM32WL30K8V6, STM32WL30KBV6, STM32WL31C8V6, STM32WL31CBV6, STM32WL31K8V6, STM32WL31KBV6, STM32WL33C8V6, STM32WL33C8V6X, STM32WL33CBV6, STM32WL33CBV6X, STM32WL33CCV6, STM32WL33CCV6A, STM32WL33CCV6X, STM32WL33K8V7, STM32WL33K8V7X, STM32WL33KBV7 , STM32WL33KBV7X, STM32WL33KCV7, STM32WL33KCV7X, STM32WL5MOCH6, STM32WL5MOCH6TR]
2026-01-19 17:48:08,684 [INFO] ApiDb:668 - CubeFinder database Data Model version=2.1
2026-01-19 17:48:08,684 [INFO] ApiDb:669 - CubeFinder database Configuration version=3.0.39
2026-01-19 17:48:08,684 [INFO] ApiDb:670 - CubeFinder database generation date=2025-11-05 (1762334721)
2026-01-19 17:48:08,685 [INFO] ApiDb:671 - CubeFinder database FW Pack versions=[FP-ATR-ASTRA1_V2.0.0, FP-SNS-FLIGHT1_V5.1.0, FP-SNS-MOTENV1_V5.1.0, FP-SNS-MOTENVWB1_V1.4.0, FP-SNS-SMARTAG2_V1.2.0, FP-SNS-STBOX1_V2.1.0, STM32Cube_FW_C0_V1.4.0, STM32Cube_FW_F4_V1.28.3, STM32Cube_FW_F7_V1.17.4, STM32Cube_FW_G0_V1.6.2, STM32Cube_FW_G4_V1.6.1, STM32Cube_FW_H5_V1.5.1, STM32Cube_FW_H7RS_V1.3.0, STM32Cube_FW_H7_V1.12.1, STM32Cube_FW_L0_V1.12.2, STM32Cube_FW_L4_V1.18.1, STM32Cube_FW_L5_V1.6.0, STM32Cube_FW_N6_V1.3.0, STM32Cube_FW_U0_V1.3.0, STM32Cube_FW_U3_V1.2.1, STM32Cube_FW_U5_V1.8.0, STM32Cube_FW_WB0_V1.4.0, STM32Cube_FW_WBA_V1.8.0, STM32Cube_FW_WB_V1.24.0, STM32Cube_FW_WL3_V1.3.0, STM32Cube_FW_WL_V1.4.0, X-CUBE-ALGOBUILD_V1.4.0, X-CUBE-ALS_V1.0.2, X-CUBE-AZRTOS-F4_V1.1.0, X-CUBE-AZRTOS-F7_V1.1.0, X-CUBE-AZRTOS-G0_V1.1.0, X-CUBE-AZRTOS-G4_V2.0.0, X-CUBE-AZRTOS-H7RS_V1.1.0, X-CUBE-AZRTOS-H7_V3.4.0, X-CUBE-AZRTOS-L4_V2.0.0, X-CUBE-AZRTOS-L5_V2.0.0, X-CUBE-AZRTOS-WB_V2.0.0, X-CUBE-AZRTOS-WL_V2.0.0, X-CUBE-BLE1_V7.1.0, X-CUBE-BLE2_V3.3.0, X-CUBE-BLEMGR_V4.1.0, X-CUBE-EEPRMA1_V5.2.0, X-CUBE-FREERTOS_V1.3.1, X-CUBE-GNSS1_V6.0.0, X-CUBE-MEMS1_V11.3.0, X-CUBE-NFC4_V3.0.0, X-CUBE-NFC7_V2.0.0, X-CUBE-SFXS2LP1_V4.0.0, X-CUBE-ST67W61_V1.1.0, X-CUBE-SUBG2_V5.0.0, X-CUBE-TOF1_V3.4.3]
2026-01-19 17:48:10,596 [INFO] ApiDb:240 - Found 880 in-development CPN: [B-G473E-ZEST1S, B-WB1M-WPAN1, B-WBA5M-WPAN, B-WL5M-SUBG1, NUCLEO-C031C6, NUCLEO-C051C8, NUCLEO-C071RB, NUCLEO-C092RC, NUCLEO-H503RB, NUCLEO-H533RE, NUCLEO-H563ZI, NUCLEO-H7S3L8, NUCLEO-N657X0-Q, NUCLEO-U031R8, NUCLEO-U083RC, NUCLEO-U385RG-Q, NUCLEO-U545RE-Q, NUCLEO-U5A5ZJ-Q, NUCLEO-WB05KZ, NUCLEO-WB07CC, NUCLEO-WB09KE, NUCLEO-WBA52CG, NUCLEO-WBA55CG, NUCLEO-WL33CC1, NUCLEO-WL33CC2, STEVAL-PROTEUS1, STEVAL-SMARTAG2, STEVAL-STWINBX1, STM320518-EVAL, STM32C0116-DK, STM32C011D6Y3TR, STM32C011D6Y6TR, STM32C011F4P3, STM32C011F4P6, STM32C011F4U3, STM32C011F4U6TR, STM32C011F6P3, STM32C011F6P6, STM32C011F6U3, STM32C011F6U6TR, STM32C011J4M3, STM32C011J4M6, STM32C011J6M3, STM32C011J6M6, STM32C0316-DK, STM32C031C4T3, STM32C031C4T6, STM32C031C4U3, STM32C031C4U6, STM32C031C6T3, STM32C031C6T6, STM32C031C6U3, STM32C031C6U6, STM32C031F4P3, STM32C031F4P6, STM32C031F6P3, STM32C031F6P6, STM32C031G4U3, STM32C031G4U6, STM32C031G6U3, STM32C031G6U6, STM32C031K4T3, STM32C031K4T6, STM32C031K4U3, STM32C031K4U6, STM32C031K6T3, STM32C031K6T6, STM32C031K6U3, STM32C031K6U6, STM32C051C6T6, STM32C051C6U6, STM32C051C8T6, STM32C051C8U6, STM32C051D8Y6TR, STM32C051F6P6, STM32C051F8P6, STM32C051G6U6, STM32C051G8U6, STM32C051K6T6, STM32C051K6U6, STM32C051K8T6, STM32C071C8T6, STM32C071C8T6N, STM32C071C8U6, STM32C071C8U6N, STM32C071CBT6, STM32C071CBT6N, STM32C071CBU6, STM32C071CBU6N, STM32C071F8P6, STM32C071F8P6N, STM32C071FBP6, STM32C071FBP6N, STM32C071FBY6TR, STM32C071G8U6, STM32C071G8U6N, STM32C071GBU6, STM32C071GBU6N, STM32C071K8T6, STM32C071K8T6N, STM32C071K8U6, STM32C071K8U6N, STM32C071KBT6, STM32C071KBT6N, STM32C071KBU6, STM32C071KBU6N, STM32C071R8T6, STM32C071R8T6N, STM32C071RBI6N, STM32C071RBT6, STM32C071RBT6N, STM32C091CBT6, STM32C091CBU6, STM32C091CCT6, STM32C091CCU6, STM32C091ECY6TR, STM32C091FBP6, STM32C091FCP6, STM32C091GBU6, STM32C091GCU6, STM32C091KBT6, STM32C091KBU6, STM32C091KCT6, STM32C091KCU6, STM32C091RBT6, STM32C091RCI6, STM32C091RCT6, STM32C092CBT6, STM32C092CBU6, STM32C092CCT6, STM32C092CCU6, STM32C092ECY6TR, STM32C092FBP6, STM32C092FCP6, STM32C092GBU6, STM32C092GCU6, STM32C092KBT6, STM32C092KBU6, STM32C092KCT6, STM32C092KCU6, STM32C092RBT6, STM32C092RCI6, STM32C092RCT6, STM32G071K8TXN, STM32G071K8UXN, STM32G081GBU6N, STM32G081KBT6N, STM32G081KBUXN, STM32G0B1CCT6N, STM32G0B1KCT6, STM32G0B1NEY6TR, STM32G0B1RCT6N, STM32G0C1CCT6, STM32G0C1CCT6N, STM32G0C1CCU6N, STM32G0C1CET6N, STM32G0C1CEU6N, STM32G0C1KCT6, STM32G0C1NEY6TR, STM32G0C1RCI6N, STM32G0C1RCT6N, STM32G0C1REI6N, STM32G0C1RET6N, STM32G0C1VCI6, STM32G0C1VEI6, STM32G411C6T3, STM32G411C6T6, STM32G411C6U3, STM32G411C6U6, STM32G411C8T3, STM32G411C8T6, STM32G411C8U3, STM32G411C8U6, STM32G411CBT3, STM32G411CBT6, STM32G411CBU3, STM32G411CBU6, STM32G411K6T3, STM32G411K6T6, STM32G411K6U3, STM32G411K6U6, STM32G411K8T3, STM32G411K8T6, STM32G411K8U3, STM32G411K8U6, STM32G411KBT3, STM32G411KBT6, STM32G411KBU3, STM32G411KBU6, STM32G411M6T3, STM32G411M6T6, STM32G411M8T3, STM32G411M8T6, STM32G411MBT3, STM32G411MBT6, STM32G411R6T3, STM32G411R6T6, STM32G411R8T3, STM32G411R8T6, STM32G411RBT3, STM32G411RBT6, STM32G414CBT3, STM32G414CBT6, STM32G414CBU3, STM32G414CBU6, STM32G414CCT3, STM32G414CCT6, STM32G414CCU3, STM32G414CCU6, STM32G414MBT3, STM32G414MBT6, STM32G414MCT3, STM32G414MCT6, STM32G414RBT3, STM32G414RBT6, STM32G414RCT3, STM32G414RCT6, STM32G414VBT3, STM32G414VBT6, STM32G414VCT3, STM32G414VCT6, STM32G431CBT3Z, STM32G431RBT3Z, STM32G471CCT6, STM32G471CCU6, STM32G471CET3, STM32G471CET6, STM32G471CEU3, STM32G471CEU6, STM32G471MCT6, STM32G471MET3, STM32G471MET6, STM32G471MEY6TR, STM32G471QCT6, STM32G471QET3, STM32G471RCT6, STM32G471RET3, STM32G471RET6, STM32G471VCH6, STM32G471VCI6, STM32G471VCT6, STM32G471VEH3, STM32G471VEH6, STM32G471VEI3, STM32G471VEI6, STM32G471VET3, STM32G471VET6, STM32G473QET3Z, STM32G473RET3Z, STM32G474CCT6, STM32G491RET3Z, STM32H503CBT6, STM32H503CBU6, STM32H503EBY6TR, STM32H503KBU6, STM32H503RBT6, STM32H523CCT6, STM32H523CCU6, STM32H523CET6, STM32H523CEU6, STM32H523HEY6TR, STM32H523RCT6, STM32H523RET6, STM32H523VCI6, STM32H523VCT6, STM32H523VEI6, STM32H523VET6, STM32H523ZCJ6, STM32H523ZCT6, STM32H523ZEJ6, STM32H523ZET6, STM32H533CET6, STM32H533CEU6, STM32H533HEY6TR, STM32H533RET6, STM32H533VEI6, STM32H533VET6, STM32H533ZEJ6, STM32H533ZET6, STM32H562AGI6, STM32H562AII6, STM32H562IGK6, STM32H562IGT6, STM32H562IIK6, STM32H562IIT6, STM32H562RGT6, STM32H562RGV6, STM32H562RIT6, STM32H562RIV6, STM32H562VGT6, STM32H562VIT6, STM32H562ZGT6, STM32H562ZIT6, STM32H563AGI6, STM32H563AII3Q, STM32H563AII6, STM32H563IGK6, STM32H563IGT6, STM32H563IIK3Q, STM32H563IIK6, STM32H563IIT3Q, STM32H563IIT6, STM32H563MIY3QTR, STM32H563RGT6, STM32H563RGV6, STM32H563RIT6, STM32H563RIV6, STM32H563VGT6, STM32H563VIT3Q, STM32H563VIT6, STM32H563ZGT6, STM32H563ZIT3Q, STM32H563ZIT6, STM32H573AII3Q, STM32H573AII6, STM32H573I-DK, STM32H573IIK3Q, STM32H573IIK6, STM32H573IIT3Q, STM32H573IIT6, STM32H573MIY3QTR, STM32H573RIT6, STM32H573RIV6, STM32H573VIT3Q, STM32H573VIT6, STM32H573ZIT3Q, STM32H573ZIT6, STM32H7R3A8I6, STM32H7R3I8K6, STM32H7R3I8T6, STM32H7R3L8H6, STM32H7R3L8H6H, STM32H7R3R8V6, STM32H7R3V8H6, STM32H7R3V8T6, STM32H7R3V8Y6TR, STM32H7R3Z8J6, STM32H7R3Z8T6, STM32H7R7A8I6, STM32H7R7I8K6, STM32H7R7I8T6, STM32H7R7L8H6, STM32H7R7L8H6H, STM32H7R7Z8J6, STM32H7S3A8I6, STM32H7S3I8K6, STM32H7S3I8T6, STM32H7S3L8H6, STM32H7S3L8H6H, STM32H7S3R8V6, STM32H7S3V8H6, STM32H7S3V8T6, STM32H7S3V8Y6TR, STM32H7S3Z8J6, STM32H7S3Z8T6, STM32H7S78-DK, STM32H7S7A8I6, STM32H7S7I8K6, STM32H7S7I8T6, STM32H7S7L8H6, STM32H7S7L8H6H, STM32H7S7Z8J6, STM32L4R5QGI6STR, STM32MP131AAE3, STM32MP131AAF3, STM32MP131AAG3, STM32MP131CAE3, STM32MP131CAF3, STM32MP131CAG3, STM32MP131DAE7, STM32MP131DAF7, STM32MP131DAG7, STM32MP131FAE7, STM32MP131FAF7, STM32MP131FAG7, STM32MP133AAE3, STM32MP133AAF3, STM32MP133AAG3, STM32MP133CAE3, STM32MP133CAF3, STM32MP133CAG3, STM32MP133DAE7, STM32MP133DAF7, STM32MP133DAG7, STM32MP133FAE7, STM32MP133FAF7, STM32MP133FAG7, STM32MP135AAE3, STM32MP135AAF3, STM32MP135AAG3, STM32MP135CAE3, STM32MP135CAF3, STM32MP135CAG3, STM32MP135DAE7, STM32MP135DAF7, STM32MP135DAG7, STM32MP135F-DK, STM32MP135FAE7, STM32MP135FAF7, STM32MP135FAF7T, STM32MP135FAF7U, STM32MP135FAG7, STM32MP211AAL3, STM32MP211AAM3, STM32MP211AAN3, STM32MP211AAO3, STM32MP211CAL3, STM32MP211CAM3, STM32MP211CAN3, STM32MP211CAO3, STM32MP211DAL3, STM32MP211DAM3, STM32MP211DAN3, STM32MP211DAO3, STM32MP211FAL3, STM32MP211FAM3, STM32MP211FAN3, STM32MP211FAO3, STM32MP213AAL3, STM32MP213AAM3, STM32MP213AAN3, STM32MP213AAO3, STM32MP213CAL3, STM32MP213CAM3, STM32MP213CAN3, STM32MP213CAO3, STM32MP213DAL3, STM32MP213DAM3, STM32MP213DAN3, STM32MP213DAO3, STM32MP213FAL3, STM32MP213FAM3, STM32MP213FAN3, STM32MP213FAO3, STM32MP215AAL3, STM32MP215AAM3, STM32MP215AAN3, STM32MP215AAO3, STM32MP215CAL3, STM32MP215CAM3, STM32MP215CAN3, STM32MP215CAO3, STM32MP215DAL3, STM32MP215DAM3, STM32MP215DAN3, STM32MP215DAO3, STM32MP215F-DK, STM32MP215FAL3, STM32MP215FAM3, STM32MP215FAN3, STM32MP215FAO3, STM32MP231AAJ3, STM32MP231AAK3, STM32MP231AAL3, STM32MP231CAJ3, STM32MP231CAK3, STM32MP231CAL3, STM32MP231DAJ3, STM32MP231DAK3, STM32MP231DAL3, STM32MP231FAJ3, STM32MP231FAK3, STM32MP231FAL3, STM32MP233AAJ3, STM32MP233AAK3, STM32MP233AAL3, STM32MP233CAJ3, STM32MP233CAK3, STM32MP233CAL3, STM32MP233DAJ3, STM32MP233DAK3, STM32MP233DAL3, STM32MP233FAJ3, STM32MP233FAK3, STM32MP233FAL3, STM32MP235AAJ3, STM32MP235AAK3, STM32MP235AAL3, STM32MP235CAJ3, STM32MP235CAK3, STM32MP235CAL3, STM32MP235DAJ3, STM32MP235DAK3, STM32MP235DAL3, STM32MP235FAJ3, STM32MP235FAK3, STM32MP235FAL3, STM32MP251AAI3, STM32MP251AAK3, STM32MP251AAL3, STM32MP251CAI3, STM32MP251CAK3, STM32MP251CAL3, STM32MP251DAI3, STM32MP251DAK3, STM32MP251DAL3, STM32MP251FAI3, STM32MP251FAK3, STM32MP251FAL3, STM32MP253AAI3, STM32MP253AAK3, STM32MP253AAL3, STM32MP253CAI3, STM32MP253CAK3, STM32MP253CAL3, STM32MP253DAI3, STM32MP253DAK3, STM32MP253DAL3, STM32MP253FAI3, STM32MP253FAK3, STM32MP253FAL3, STM32MP255AAI3, STM32MP255AAK3, STM32MP255AAL3, STM32MP255CAI3, STM32MP255CAK3, STM32MP255CAL3, STM32MP255DAI3, STM32MP255DAK3, STM32MP255DAL3, STM32MP255FAI3, STM32MP255FAK3, STM32MP255FAL3, STM32MP257AAI3, STM32MP257AAK3, STM32MP257AAL3, STM32MP257CAI3, STM32MP257CAK3, STM32MP257CAL3, STM32MP257DAI3, STM32MP257DAK3, STM32MP257DAL3, STM32MP257F-DK, STM32MP257F-EV1, STM32MP257FAI3, STM32MP257FAK3, STM32MP257FAL3, STM32N645A0H3Q, STM32N645B0H3Q, STM32N645I0H3Q, STM32N645L0H3Q, STM32N645X0H3Q, STM32N645Z0H3Q, STM32N647A0H3Q, STM32N647B0H3Q, STM32N647I0H3Q, STM32N647L0H3Q, STM32N647X0H3Q, STM32N647Z0H3Q, STM32N655A0H3Q, STM32N655B0H3Q, STM32N655I0H3Q, STM32N655L0H3Q, STM32N655X0H3Q, STM32N655Z0H3Q, STM32N6570-DK, STM32N657A0H3Q, STM32N657B0H3Q, STM32N657I0H3Q, STM32N657L0H3Q, STM32N657X0H3Q, STM32N657Z0H3Q, STM32U031C6T6, STM32U031C6U6, STM32U031C8T6, STM32U031C8U6, STM32U031F4P6, STM32U031F6P6, STM32U031F8P6, STM32U031G6Y6TR, STM32U031G8Y6TR, STM32U031K4U6, STM32U031K6U6, STM32U031K8U6, STM32U031R6I6, STM32U031R6T6, STM32U031R8I6, STM32U031R8T6, STM32U073C8T6, STM32U073C8U6, STM32U073CBT6, STM32U073CBU6, STM32U073CCT6, STM32U073CCU6, STM32U073H8Y6TR, STM32U073HBY6TR, STM32U073HCY6TR, STM32U073K8U6, STM32U073KBU6, STM32U073KCU6, STM32U073M8I6, STM32U073M8T6, STM32U073MBI6, STM32U073MBT6, STM32U073MCI6, STM32U073MCT6, STM32U073R8I6, STM32U073R8T6, STM32U073RBI6, STM32U073RBT6, STM32U073RCI6, STM32U073RCT6, STM32U083C-DK, STM32U083CCT6, STM32U083CCU6, STM32U083HCY6TR, STM32U083KCU6, STM32U083MCI6, STM32U083MCT6, STM32U083RCI6, STM32U083RCT6, STM32U375CET6, STM32U375CET6Q, STM32U375CEU6, STM32U375CEU6Q, STM32U375CEY6QTR, STM32U375CGT6, STM32U375CGT6Q, STM32U375CGU6, STM32U375CGU6Q, STM32U375CGY6QTR, STM32U375KEU6, STM32U375KGU6, STM32U375REI6, STM32U375REI6Q, STM32U375RET6, STM32U375RET6Q, STM32U375REY6GTR, STM32U375REY6QTR, STM32U375RGI6, STM32U375RGI6Q, STM32U375RGT6, STM32U375RGT6Q, STM32U375RGY6GTR, STM32U375RGY6QTR, STM32U375VEI6, STM32U375VEI6Q, STM32U375VET6, STM32U375VET6Q, STM32U375VGI6, STM32U375VGI6Q, STM32U375VGT6, STM32U375VGT6Q, STM32U385CGT6, STM32U385CGT6Q, STM32U385CGU6, STM32U385CGU6Q, STM32U385CGY6QTR, STM32U385KGU6, STM32U385RGI6, STM32U385RGI6Q, STM32U385RGT6, STM32U385RGT6Q, STM32U385RGY6GTR, STM32U385RGY6QTR, STM32U385VGI6, STM32U385VGI6Q, STM32U385VGT6, STM32U385VGT6Q, STM32U535CBT6, STM32U535CBT6Q, STM32U535CBU6, STM32U535CBU6Q, STM32U535CCT6, STM32U535CCT6Q, STM32U535CCU6, STM32U535CCU6Q, STM32U535CET6, STM32U535CET6Q, STM32U535CEU6, STM32U535CEU6Q, STM32U535JEY6QTR, STM32U535NCY6QTR, STM32U535NEY6QTR, STM32U535RBI6, STM32U535RBI6Q, STM32U535RBT6, STM32U535RBT6Q, STM32U535RCI6, STM32U535RCI6Q, STM32U535RCT6, STM32U535RCT6Q, STM32U535REI6, STM32U535REI6Q, STM32U535RET6, STM32U535RET6Q, STM32U535VCI6, STM32U535VCI6Q, STM32U535VCT6, STM32U535VCT6Q, STM32U535VEI6, STM32U535VEI6Q, STM32U535VET6, STM32U535VET6Q, STM32U545CET6, STM32U545CET6Q, STM32U545CEU6, STM32U545CEU6Q, STM32U545JEY6QTR, STM32U545NEY6QTR, STM32U545REI6, STM32U545REI6Q, STM32U545RET6, STM32U545RET6Q, STM32U545VEI6, STM32U545VEI6Q, STM32U545VET6, STM32U545VET6Q, STM32U595AIH6, STM32U595AIH6Q, STM32U595AJH6, STM32U595AJH6Q, STM32U595QII6, STM32U595QII6Q, STM32U595QJI6, STM32U595QJI6Q, STM32U595RIT6, STM32U595RIT6Q, STM32U595RJT6, STM32U595RJT6Q, STM32U595VIT6, STM32U595VIT6Q, STM32U595VJT6, STM32U595VJT6Q, STM32U595ZIT6, STM32U595ZIT6Q, STM32U595ZIY6QTR, STM32U595ZJT6, STM32U595ZJT6Q, STM32U595ZJY6QTR, STM32U599BJY6QTR, STM32U599NIH6Q, STM32U599NJH6Q, STM32U599VIT6Q, STM32U599VJT6, STM32U599VJT6Q, STM32U599ZIT6Q, STM32U599ZIY6QTR, STM32U599ZJT6Q, STM32U599ZJY6QTR, STM32U5A5AJH6, STM32U5A5AJH6Q, STM32U5A5QII3Q , STM32U5A5QJI6, STM32U5A5QJI6Q, STM32U5A5RJT6, STM32U5A5RJT6Q, STM32U5A5VJT6, STM32U5A5VJT6Q, STM32U5A5ZJT6, STM32U5A5ZJT6Q, STM32U5A5ZJY6QTR, STM32U5A9BJY6QTR, STM32U5A9J-DK, STM32U5A9NJH6Q, STM32U5A9VJT6Q, STM32U5A9ZJT6Q, STM32U5A9ZJY6QTR, STM32U5F7VIT6, STM32U5F7VIT6Q, STM32U5F7VJT6, STM32U5F7VJT6Q, STM32U5F9BJY6QTR, STM32U5F9NJH6Q, STM32U5F9VIT6Q, STM32U5F9VJT6Q, STM32U5F9ZIJ6QTR, STM32U5F9ZIT6Q, STM32U5F9ZJJ6QTR, STM32U5F9ZJT6Q, STM32U5G7VJT6, STM32U5G7VJT6Q, STM32U5G9BJY6QTR, STM32U5G9J-DK1, STM32U5G9J-DK2, STM32U5G9NJH6Q, STM32U5G9VJT6Q, STM32U5G9ZJJ6QTR, STM32U5G9ZJT6Q, STM32WB05KZV6TR, STM32WB05KZV7TR, STM32WB05TZF6TR, STM32WB05TZF7TR, STM32WB06CCF6TR, STM32WB06CCF7TR, STM32WB06CCV6TR, STM32WB06CCV7TR, STM32WB06KCV6TR, STM32WB06KCV7TR, STM32WB07CCF6TR, STM32WB07CCF7TR, STM32WB07CCV6TR, STM32WB07CCV7TR, STM32WB07KCV6TR, STM32WB07KCV7TR, STM32WB09KEV6TR, STM32WB09KEV7TR, STM32WB09TEF6TR, STM32WB09TEF7TR, STM32WB1MMCH6, STM32WBA50KGU6, STM32WBA50KGU6TR, STM32WBA52CEU6, STM32WBA52CEU6TR, STM32WBA52CEU7, STM32WBA52CEU7TR, STM32WBA52CGU6, STM32WBA52CGU6TR, STM32WBA52CGU6U, STM32WBA52CGU7, STM32WBA52CGU7TR, STM32WBA52KEU6, STM32WBA52KEU6TR, STM32WBA52KGU6, STM32WBA52KGU6TR, STM32WBA54CEU6, STM32WBA54CEU6TR, STM32WBA54CEU7, STM32WBA54CEU7TR, STM32WBA54CGU6, STM32WBA54CGU6TR, STM32WBA54CGU7, STM32WBA54CGU7TR, STM32WBA54KEU6, STM32WBA54KEU6TR, STM32WBA54KEU7, STM32WBA54KEU7TR, STM32WBA54KGU6, STM32WBA54KGU6TR, STM32WBA54KGU7, STM32WBA54KGU7TR, STM32WBA55CEU6, STM32WBA55CEU6TR, STM32WBA55CEU7, STM32WBA55CEU7TR, STM32WBA55CGU6, STM32WBA55CGU6TR, STM32WBA55CGU6U, STM32WBA55CGU7, STM32WBA55CGU7TR, STM32WBA55G-DK1, STM32WBA55HEF6, STM32WBA55HEF7, STM32WBA55HGF6, STM32WBA55HGF7, STM32WBA55UEI6, STM32WBA55UEI6TR, STM32WBA55UEI7, STM32WBA55UEI7TR, STM32WBA55UGI6, STM32WBA55UGI6TR, STM32WBA55UGI7, STM32WBA55UGI7TR, STM32WBA5MMGH6TR, STM32WBA62MGF6, STM32WBA62MIF6, STM32WBA65MGF7, STM32WBA65MIF6, STM32WBA65MIF7, STM32WL30K8V6, STM32WL30KBV6, STM32WL31C8V6, STM32WL31CBV6, STM32WL31K8V6, STM32WL31KBV6, STM32WL33C8V6, STM32WL33C8V6X, STM32WL33CBV6, STM32WL33CBV6X, STM32WL33CCV6, STM32WL33CCV6A, STM32WL33CCV6X, STM32WL33K8V7, STM32WL33K8V7X, STM32WL33KBV7 , STM32WL33KBV7X, STM32WL33KCV7, STM32WL33KCV7X, STM32WL5MOCH6, STM32WL5MOCH6TR]
2026-01-19 17:48:10,602 [INFO] DbMcus:218 - Found 4876 MCUs, 4876 are supported
2026-01-19 17:48:10,603 [INFO] ApiDb:423 - Load user favorites file C:\Users\Fabio Marçal/.stm32cubeide/favorites.mcus.txt: 0 item(s)
2026-01-19 17:48:10,603 [INFO] ApiDb:427 - User favorites MCUs=[]
2026-01-19 17:48:10,603 [INFO] DbMcus:224 - Set 0 / 0 favorites MCUs
2026-01-19 17:48:11,175 [INFO] BoardInfo:889 - No configuration file found for board P-NUCLEO-WB55
2026-01-19 17:48:11,176 [INFO] DbBoards:161 - Kit is not supported: P-NUCLEO-WB55
2026-01-19 17:48:11,184 [INFO] BoardInfo:889 - No configuration file found for board STEVAL-BFA001V1B
2026-01-19 17:48:11,187 [INFO] DbBoards:161 - Kit is not supported: STEVAL-BFA001V1B
2026-01-19 17:48:11,188 [INFO] BoardInfo:889 - No configuration file found for board STEVAL-BFA001V2B
2026-01-19 17:48:11,189 [INFO] DbBoards:161 - Kit is not supported: STEVAL-BFA001V2B
2026-01-19 17:48:11,417 [INFO] DbBoards:168 - Found 212 boards, 209 are supported
2026-01-19 17:48:11,417 [INFO] DbBoards:169 - Found 212 boards, 43 of them is supported for  Bsp
2026-01-19 17:48:11,432 [INFO] ApiDb:423 - Load user favorites file C:\Users\Fabio Marçal/.stm32cubeide/favorites.boards.txt: 1 item(s)
2026-01-19 17:48:11,432 [INFO] ApiDb:427 - User favorites Boards=[NUCLEO-G031K8]
2026-01-19 17:48:11,432 [INFO] DbBoards:198 - Set 1 / 1 favorites Boards
2026-01-19 17:48:11,480 [INFO] UtilMem:75 - End LoadConfig() Used Memory: 843705240 Bytes (1073741824)
2026-01-19 17:48:11,636 [WARN] ThirdParty:833 - waiting for thirdparty lock release [change project]
2026-01-19 17:48:11,637 [INFO] ThirdParty:835 - entering critical section [change project]
2026-01-19 17:48:11,637 [INFO] ThirdParty:1030 - CMSIS Pack Vendor :STMicroelectronics X-CUBE-PM33A1 1.0.0
2026-01-19 17:48:11,637 [INFO] ThirdParty:1030 - CMSIS Pack Vendor :STMicroelectronics USBPD 4.1
2026-01-19 17:48:11,637 [INFO] ThirdParty:1030 - CMSIS Pack Vendor :STMicroelectronics USB_HOST 2.0.0
2026-01-19 17:48:11,637 [INFO] ThirdParty:1030 - CMSIS Pack Vendor :STMicroelectronics FP-SNS-MOTENVWB1 1.4.0
2026-01-19 17:48:11,638 [INFO] ThirdParty:1030 - CMSIS Pack Vendor :STMicroelectronics X-CUBE-AZRTOS-F4 1.1.0
2026-01-19 17:48:11,638 [INFO] ThirdParty:1030 - CMSIS Pack Vendor :STMicroelectronics LIBJPEG 8.0.0
2026-01-19 17:48:11,638 [INFO] ThirdParty:1030 - CMSIS Pack Vendor :STMicroelectronics FP-ATR-ASTRA1 2.0.2
2026-01-19 17:48:11,638 [INFO] ThirdParty:1030 - CMSIS Pack Vendor :STMicroelectronics FP-ATR-ASTRA1 2.0.1
2026-01-19 17:48:11,638 [INFO] ThirdParty:1030 - CMSIS Pack Vendor :STMicroelectronics X-CUBE-SMBUS 2.1.0
2026-01-19 17:48:11,638 [INFO] ThirdParty:1030 - CMSIS Pack Vendor :STMicroelectronics X-CUBE-WB05N 1.1.0
2026-01-19 17:48:11,638 [INFO] ThirdParty:1030 - CMSIS Pack Vendor :STMicroelectronics X-CUBE-ISPU 2.1.0
2026-01-19 17:48:11,638 [INFO] ThirdParty:1030 - CMSIS Pack Vendor :STMicroelectronics X-CUBE-IPS 3.2.0
2026-01-19 17:48:11,638 [INFO] ThirdParty:1030 - CMSIS Pack Vendor :STMicroelectronics X-CUBE-ST60 1.0.0
2026-01-19 17:48:11,638 [INFO] ThirdParty:1030 - CMSIS Pack Vendor :STMicroelectronics X-CUBE-NFC12 1.0.0
2026-01-19 17:48:11,638 [INFO] ThirdParty:1030 - CMSIS Pack Vendor :STMicroelectronics X-CUBE-AZRTOS-F7 1.1.0
2026-01-19 17:48:11,638 [INFO] ThirdParty:1030 - CMSIS Pack Vendor :STMicroelectronics X-CUBE-AZRTOS-L5 2.0.0
2026-01-19 17:48:11,638 [INFO] ThirdParty:1030 - CMSIS Pack Vendor :STMicroelectronics USB_DEVICE 2.0.0
2026-01-19 17:48:11,638 [INFO] ThirdParty:1030 - CMSIS Pack Vendor :STMicroelectronics X-CUBE-NFC6 3.1.0
2026-01-19 17:48:11,638 [INFO] ThirdParty:1030 - CMSIS Pack Vendor :STMicroelectronics FP-SNS-MOTENV1 5.1.0
2026-01-19 17:48:11,638 [INFO] ThirdParty:1030 - CMSIS Pack Vendor :STMicroelectronics FreeRTOS 0.0.1
2026-01-19 17:48:11,638 [INFO] ThirdParty:1030 - CMSIS Pack Vendor :STMicroelectronics X-CUBE-DPower 1.2.0
2026-01-19 17:48:11,638 [INFO] ThirdParty:1030 - CMSIS Pack Vendor :WES I-CUBE-Cesium 1.4.0
2026-01-19 17:48:11,638 [INFO] ThirdParty:1030 - CMSIS Pack Vendor :STMicroelectronics FP-SNS-FLIGHT1 5.0.2
2026-01-19 17:48:11,638 [INFO] ThirdParty:1030 - CMSIS Pack Vendor :Infineon AIROC-Wi-Fi-Bluetooth-STM32 1.7.0
2026-01-19 17:48:11,638 [INFO] ThirdParty:1030 - CMSIS Pack Vendor :STMicroelectronics PDM2PCM 3.3.0
2026-01-19 17:48:11,638 [INFO] ThirdParty:1030 - CMSIS Pack Vendor :STMicroelectronics X-CUBE-AZRTOS-H7 3.4.0
2026-01-19 17:48:11,638 [INFO] ThirdParty:1030 - CMSIS Pack Vendor :STMicroelectronics X-CUBE-DISPLAY 3.0.0
2026-01-19 17:48:11,638 [INFO] ThirdParty:1030 - CMSIS Pack Vendor :STMicroelectronics X-CUBE-BLE1 7.0.0
2026-01-19 17:48:11,638 [INFO] ThirdParty:1030 - CMSIS Pack Vendor :STMicroelectronics X-CUBE-NFC10 1.0.0
2026-01-19 17:48:11,638 [INFO] ThirdParty:1030 - CMSIS Pack Vendor :STMicroelectronics X-CUBE-BLEMGR 4.0.0
2026-01-19 17:48:11,639 [INFO] ThirdParty:1030 - CMSIS Pack Vendor :STMicroelectronics X-CUBE-FREERTOS 1.3.1
2026-01-19 17:48:11,639 [INFO] ThirdParty:1030 - CMSIS Pack Vendor :STMicroelectronics HAL Drivers 0.0.0
2026-01-19 17:48:11,639 [INFO] ThirdParty:1030 - CMSIS Pack Vendor :STMicroelectronics X-CUBE-ST60 1.1.0
2026-01-19 17:48:11,639 [INFO] ThirdParty:1030 - CMSIS Pack Vendor :emotas I-CUBE-CANOPEN 1.3.0
2026-01-19 17:48:11,639 [INFO] ThirdParty:1030 - CMSIS Pack Vendor :STMicroelectronics X-CUBE-FREERTOS 1.3.0
2026-01-19 17:48:11,639 [INFO] ThirdParty:1030 - CMSIS Pack Vendor :STMicroelectronics X-CUBE-NFC7 1.0.1
2026-01-19 17:48:11,639 [INFO] ThirdParty:1030 - CMSIS Pack Vendor :STMicroelectronics MBEDTLS 2.14.1
2026-01-19 17:48:11,639 [INFO] ThirdParty:1030 - CMSIS Pack Vendor :STMicroelectronics X-CUBE-GNSS1 7.1.0
2026-01-19 17:48:11,639 [INFO] ThirdParty:1030 - CMSIS Pack Vendor :STMicroelectronics X-CUBE-TOUCHGFX 4.26.0
2026-01-19 17:48:11,639 [INFO] ThirdParty:1030 - CMSIS Pack Vendor :STMicroelectronics X-CUBE-AI 10.0.0
2026-01-19 17:48:11,639 [INFO] ThirdParty:1030 - CMSIS Pack Vendor :STMicroelectronics FP-SNS-STBOX1 2.1.0
2026-01-19 17:48:11,639 [INFO] ThirdParty:1030 - CMSIS Pack Vendor :STMicroelectronics FP-SNS-STAIOTCFT 1.0.0
2026-01-19 17:48:11,639 [INFO] ThirdParty:1030 - CMSIS Pack Vendor :STMicroelectronics FP-SNS-SMARTAG2 1.2.0
2026-01-19 17:48:11,639 [INFO] ThirdParty:1030 - CMSIS Pack Vendor :STMicroelectronics FP-SNS-FLIGHT1 5.1.0
2026-01-19 17:48:11,639 [INFO] ThirdParty:1030 - CMSIS Pack Vendor :STMicroelectronics X-CUBE-MEMS1 11.1.0
2026-01-19 17:48:11,639 [INFO] ThirdParty:1030 - CMSIS Pack Vendor :STMicroelectronics X-CUBE-AZRTOS-WL 2.0.0
2026-01-19 17:48:11,639 [INFO] ThirdParty:1030 - CMSIS Pack Vendor :STMicroelectronics X-CUBE-DPower 1.3.0
2026-01-19 17:48:11,639 [INFO] ThirdParty:1030 - CMSIS Pack Vendor :STMicroelectronics FP-SNS-MOTENV1 5.0.0
2026-01-19 17:48:11,639 [INFO] ThirdParty:1030 - CMSIS Pack Vendor :STMicroelectronics USB_DEVICE 1.0.0
2026-01-19 17:48:11,639 [INFO] ThirdParty:1030 - CMSIS Pack Vendor :STMicroelectronics X-CUBE-AZRTOS-H7RS 1.2.0
2026-01-19 17:48:11,639 [INFO] ThirdParty:1030 - CMSIS Pack Vendor :wolfSSL I-CUBE-wolfMQTT 1.19.0
2026-01-19 17:48:11,639 [INFO] ThirdParty:1030 - CMSIS Pack Vendor :STMicroelectronics X-CUBE-AZRTOS-L4 2.0.0
2026-01-19 17:48:11,639 [INFO] ThirdParty:1030 - CMSIS Pack Vendor :STMicroelectronics ThreadX 0.0.2
2026-01-19 17:48:11,639 [INFO] ThirdParty:1030 - CMSIS Pack Vendor :WES I-CUBE-Cesium 1.3.0
2026-01-19 17:48:11,639 [INFO] ThirdParty:1030 - CMSIS Pack Vendor :STMicroelectronics lwIP 2.1.2
2026-01-19 17:48:11,639 [INFO] ThirdParty:1030 - CMSIS Pack Vendor :STMicroelectronics X-CUBE-SFXS2LP1 4.0.0
2026-01-19 17:48:11,639 [INFO] ThirdParty:1030 - CMSIS Pack Vendor :STMicroelectronics X-CUBE-BLE2 3.3.0
2026-01-19 17:48:11,639 [INFO] ThirdParty:1030 - CMSIS Pack Vendor :Avnet-IOTCONNECT X-CUBE-iotc-st67-sdk 1.0.0
2026-01-19 17:48:11,639 [INFO] ThirdParty:1030 - CMSIS Pack Vendor :Infineon AIROC-Wi-Fi-Bluetooth-STM32 1.8.0
2026-01-19 17:48:11,639 [INFO] ThirdParty:1030 - CMSIS Pack Vendor :STMicroelectronics PDM2PCM 3.2.0
2026-01-19 17:48:11,639 [INFO] ThirdParty:1030 - CMSIS Pack Vendor :STMicroelectronics X-CUBE-ST67W61 1.2.0
2026-01-19 17:48:11,639 [INFO] ThirdParty:1030 - CMSIS Pack Vendor :STMicroelectronics X-CUBE-AZRTOS-H7 3.3.0
2026-01-19 17:48:11,639 [INFO] ThirdParty:1030 - CMSIS Pack Vendor :STMicroelectronics X-CUBE-NFC9 1.0.0
2026-01-19 17:48:11,639 [INFO] ThirdParty:1030 - CMSIS Pack Vendor :STMicroelectronics X-CUBE-BLE1 7.1.0
2026-01-19 17:48:11,640 [INFO] ThirdParty:1030 - CMSIS Pack Vendor :wolfSSL I-CUBE-wolfMQTT 1.19.2
2026-01-19 17:48:11,640 [INFO] ThirdParty:1030 - CMSIS Pack Vendor :STMicroelectronics USB_DEVICE 3.0.0
2026-01-19 17:48:11,640 [INFO] ThirdParty:1030 - CMSIS Pack Vendor :STMicroelectronics X-CUBE-FREERTOS 1.4.0
2026-01-19 17:48:11,640 [INFO] ThirdParty:1030 - CMSIS Pack Vendor :STMicroelectronics X-CUBE-EEPRMA1 5.2.0
2026-01-19 17:48:11,640 [INFO] ThirdParty:1030 - CMSIS Pack Vendor :STMicroelectronics X-CUBE-BLEMGR 4.1.0
2026-01-19 17:48:11,640 [INFO] ThirdParty:1030 - CMSIS Pack Vendor :STMicroelectronics X-CUBE-AZRTOS-WB 2.0.0
2026-01-19 17:48:11,640 [INFO] ThirdParty:1030 - CMSIS Pack Vendor :wolfSSL I-CUBE-wolfSSL 5.8.4
2026-01-19 17:48:11,640 [INFO] ThirdParty:1030 - CMSIS Pack Vendor :Cesanta I-CUBE-Mongoose 7.20.0
2026-01-19 17:48:11,640 [INFO] ThirdParty:1030 - CMSIS Pack Vendor :STMicroelectronics X-CUBE-GNSS1 7.0.1
2026-01-19 17:48:11,640 [INFO] ThirdParty:1030 - CMSIS Pack Vendor :STMicroelectronics X-CUBE-ST67W61 1.1.0
2026-01-19 17:48:11,640 [INFO] ThirdParty:1030 - CMSIS Pack Vendor :STMicroelectronics FP-SNS-STBOX1 2.0.0
2026-01-19 17:48:11,640 [INFO] ThirdParty:1030 - CMSIS Pack Vendor :quantropi X-CUBE-qispace-sdk-base 2.1.0
2026-01-19 17:48:11,640 [INFO] ThirdParty:1030 - CMSIS Pack Vendor :STMicroelectronics X-CUBE-MEMS1 12.0.0
2026-01-19 17:48:11,640 [INFO] ThirdParty:1030 - CMSIS Pack Vendor :STMicroelectronics X-CUBE-AZRTOS-G0 1.1.0
2026-01-19 17:48:11,640 [INFO] ThirdParty:1030 - CMSIS Pack Vendor :STMicroelectronics X-CUBE-SAFEA1 1.2.2
2026-01-19 17:48:11,640 [INFO] ThirdParty:1030 - CMSIS Pack Vendor :STMicroelectronics X-CUBE-NFC4 3.0.0
2026-01-19 17:48:11,640 [INFO] ThirdParty:1030 - CMSIS Pack Vendor :STMicroelectronics X-CUBE-SUBG2 5.0.0
2026-01-19 17:48:11,640 [INFO] ThirdParty:1030 - CMSIS Pack Vendor :STMicroelectronics X-CUBE-AZRTOS-H7RS 1.1.0
2026-01-19 17:48:11,640 [INFO] ThirdParty:1030 - CMSIS Pack Vendor :STMicroelectronics STM32_WPAN 1.0.0
2026-01-19 17:48:11,640 [INFO] ThirdParty:1030 - CMSIS Pack Vendor :EmbeddedOffice I-CUBE-FS-RTOS 1.0.1
2026-01-19 17:48:11,640 [INFO] ThirdParty:1030 - CMSIS Pack Vendor :STMicroelectronics lwIP 2.0.3
2026-01-19 17:48:11,640 [INFO] ThirdParty:1030 - CMSIS Pack Vendor :Cesanta I-CUBE-Mongoose 7.13.0
2026-01-19 17:48:11,640 [INFO] ThirdParty:1030 - CMSIS Pack Vendor :STMicroelectronics USB_HOST 1.0.0
2026-01-19 17:48:11,640 [INFO] ThirdParty:1030 - CMSIS Pack Vendor :STMicroelectronics X-CUBE-AZRTOS-G4 2.0.0
2026-01-19 17:48:11,640 [INFO] ThirdParty:1030 - CMSIS Pack Vendor :STMicroelectronics X-CUBE-WB05N 2.0.0
2026-01-19 17:48:11,640 [INFO] ThirdParty:1030 - CMSIS Pack Vendor :STMicroelectronics PDM2PCM 3.1.0
2026-01-19 17:48:11,640 [INFO] ThirdParty:1030 - CMSIS Pack Vendor :wolfSSL I-CUBE-wolfTPM 3.8.0
2026-01-19 17:48:11,640 [INFO] ThirdParty:1030 - CMSIS Pack Vendor :wolfSSL I-CUBE-wolfSSH 1.4.20
2026-01-19 17:48:11,640 [INFO] ThirdParty:1030 - CMSIS Pack Vendor :STMicroelectronics X-CUBE-NFC7 2.0.0
2026-01-19 17:48:11,640 [INFO] ThirdParty:1030 - CMSIS Pack Vendor :STMicroelectronics X-CUBE-TCPP 4.2.0
2026-01-19 17:48:11,640 [INFO] ThirdParty:1030 - CMSIS Pack Vendor :RealThread X-CUBE-RT-Thread_Nano 4.1.1
2026-01-19 17:48:11,640 [INFO] ThirdParty:1030 - CMSIS Pack Vendor :STMicroelectronics FP-ATR-SIGFOX1 3.2.0
2026-01-19 17:48:11,640 [INFO] ThirdParty:1030 - CMSIS Pack Vendor :quantropi X-CUBE-qispace-sdk-base 1.9.3
2026-01-19 17:48:11,640 [INFO] ThirdParty:1030 - CMSIS Pack Vendor :STMicroelectronics X-CUBE-EEPRMA1 5.1.0
2026-01-19 17:48:11,640 [INFO] ThirdParty:1030 - CMSIS Pack Vendor :STMicroelectronics MBEDTLS 2.16.2
2026-01-19 17:48:11,640 [INFO] ThirdParty:1030 - CMSIS Pack Vendor :STMicroelectronics X-CUBE-IPS 3.1.0
2026-01-19 17:48:11,641 [INFO] ThirdParty:1030 - CMSIS Pack Vendor :STMicroelectronics X-CUBE-ALS 1.0.2
2026-01-19 17:48:11,641 [INFO] ThirdParty:1030 - CMSIS Pack Vendor :wolfSSL I-CUBE-wolfSSL 5.7.6
2026-01-19 17:48:11,641 [INFO] ThirdParty:1030 - CMSIS Pack Vendor :ITTIA_DB I-CUBE-ITTIADB 8.9.0
2026-01-19 17:48:11,641 [INFO] ThirdParty:1030 - CMSIS Pack Vendor :STMicroelectronics X-CUBE-TOUCHGFX 4.24.2
2026-01-19 17:48:11,641 [INFO] ThirdParty:1030 - CMSIS Pack Vendor :STMicroelectronics X-CUBE-STSE01 1.0.0
2026-01-19 17:48:11,641 [INFO] ThirdParty:1030 - CMSIS Pack Vendor :wolfSSL I-CUBE-wolfTPM 3.4.0
2026-01-19 17:48:11,641 [INFO] ThirdParty:1030 - CMSIS Pack Vendor :portGmbH I-Cube-SoM-uGOAL 1.1.0
2026-01-19 17:48:11,641 [INFO] ThirdParty:1030 - CMSIS Pack Vendor :STMicroelectronics X-CUBE-ST67W61 1.0.0
2026-01-19 17:48:11,641 [INFO] ThirdParty:1030 - CMSIS Pack Vendor :STMicroelectronics X-CUBE-AI 10.2.0
2026-01-19 17:48:11,641 [INFO] ThirdParty:1030 - CMSIS Pack Vendor :STMicroelectronics ThreadX 1.0.0
2026-01-19 17:48:11,641 [INFO] ThirdParty:1030 - CMSIS Pack Vendor :SEGGER I-CUBE-embOS 1.3.1
2026-01-19 17:48:11,641 [INFO] ThirdParty:1030 - CMSIS Pack Vendor :STMicroelectronics X-CUBE-ALGOBUILD 1.4.0
2026-01-19 17:48:11,641 [INFO] ThirdParty:1030 - CMSIS Pack Vendor :STMicroelectronics X-CUBE-MEMS1 11.3.0
2026-01-19 17:48:11,641 [INFO] ThirdParty:1030 - CMSIS Pack Vendor :STMicroelectronics X-CUBE-AZRTOS-H7RS 1.0.0
2026-01-19 17:48:11,641 [INFO] ThirdParty:1030 - CMSIS Pack Vendor :STMicroelectronics X-CUBE-TOF1 3.4.2
2026-01-19 17:48:11,641 [INFO] ThirdParty:1030 - CMSIS Pack Vendor :STMicroelectronics X-CUBE-TOF1 3.4.3
2026-01-19 17:48:11,641 [INFO] ThirdParty:1030 - CMSIS Pack Vendor :wolfSSL I-CUBE-wolfSSH 1.4.17
2026-01-19 17:48:11,641 [INFO] ThirdParty:841 - exiting critical section [change project]
2026-01-19 17:48:12,419 [INFO] PinOutPanel:1589 - setPackage(No Configuration,No Configuration)
2026-01-19 17:48:12,422 [INFO] PinOutPanel:1589 - setPackage(STM32H753ZITx,LQFP144)
2026-01-19 17:48:13,308 [INFO] UtilMem:75 - Before build in PCC Used Memory: 744725704 Bytes (1073741824)
2026-01-19 17:48:14,472 [INFO] UtilMem:75 - After build in PCC Used Memory: 824417480 Bytes (1073741824)
2026-01-19 17:48:14,539 [INFO] IPUIPlugin:80 - create IPUIPlugin
2026-01-19 17:48:14,539 [INFO] IPUIPlugin:80 - create IPUIPlugin
2026-01-19 17:48:14,539 [INFO] IPUIPlugin:80 - create IPUIPlugin
2026-01-19 17:48:14,540 [INFO] IPUIPlugin:80 - create IPUIPlugin
2026-01-19 17:48:14,540 [INFO] IPUIPlugin:80 - create IPUIPlugin
2026-01-19 17:48:14,540 [INFO] IPUIPlugin:80 - create IPUIPlugin
2026-01-19 17:48:14,540 [INFO] IPUIPlugin:80 - create IPUIPlugin
2026-01-19 17:48:14,541 [INFO] IPUIPlugin:80 - create IPUIPlugin
2026-01-19 17:48:14,541 [INFO] IPUIPlugin:80 - create IPUIPlugin
2026-01-19 17:48:14,541 [INFO] IPUIPlugin:80 - create IPUIPlugin
2026-01-19 17:48:14,541 [INFO] IPUIPlugin:80 - create IPUIPlugin
2026-01-19 17:48:14,541 [INFO] IPUIPlugin:80 - create IPUIPlugin
2026-01-19 17:48:14,541 [INFO] IPUIPlugin:80 - create IPUIPlugin
2026-01-19 17:48:14,541 [INFO] IPUIPlugin:80 - create IPUIPlugin
2026-01-19 17:48:14,541 [INFO] IPUIPlugin:80 - create IPUIPlugin
2026-01-19 17:48:14,542 [INFO] IPUIPlugin:80 - create IPUIPlugin
2026-01-19 17:48:14,542 [INFO] IPUIPlugin:80 - create IPUIPlugin
2026-01-19 17:48:14,542 [INFO] IPUIPlugin:80 - create IPUIPlugin
2026-01-19 17:48:14,542 [INFO] IPUIPlugin:80 - create IPUIPlugin
2026-01-19 17:48:14,542 [INFO] IPUIPlugin:80 - create IPUIPlugin
2026-01-19 17:48:14,542 [INFO] IPUIPlugin:80 - create IPUIPlugin
2026-01-19 17:48:14,542 [INFO] IPUIPlugin:80 - create IPUIPlugin
2026-01-19 17:48:14,542 [INFO] IPUIPlugin:80 - create IPUIPlugin
2026-01-19 17:48:14,542 [INFO] IPUIPlugin:80 - create IPUIPlugin
2026-01-19 17:48:14,543 [INFO] IPUIPlugin:80 - create IPUIPlugin
2026-01-19 17:48:14,543 [INFO] IPUIPlugin:80 - create IPUIPlugin
2026-01-19 17:48:14,543 [INFO] IPUIPlugin:80 - create IPUIPlugin
2026-01-19 17:48:14,543 [INFO] IPUIPlugin:80 - create IPUIPlugin
2026-01-19 17:48:14,543 [INFO] IPUIPlugin:80 - create IPUIPlugin
2026-01-19 17:48:14,543 [INFO] IPUIPlugin:80 - create IPUIPlugin
2026-01-19 17:48:14,543 [INFO] IPUIPlugin:80 - create IPUIPlugin
2026-01-19 17:48:14,543 [INFO] IPUIPlugin:80 - create IPUIPlugin
2026-01-19 17:48:14,544 [INFO] IPUIPlugin:80 - create IPUIPlugin
2026-01-19 17:48:14,544 [INFO] IPUIPlugin:80 - create IPUIPlugin
2026-01-19 17:48:14,544 [INFO] IPUIPlugin:80 - create IPUIPlugin
2026-01-19 17:48:14,544 [INFO] IPUIPlugin:80 - create IPUIPlugin
2026-01-19 17:48:14,544 [INFO] IPUIPlugin:80 - create IPUIPlugin
2026-01-19 17:48:14,544 [INFO] IPUIPlugin:80 - create IPUIPlugin
2026-01-19 17:48:14,545 [INFO] IPUIPlugin:80 - create IPUIPlugin
2026-01-19 17:48:14,545 [INFO] IPUIPlugin:80 - create IPUIPlugin
2026-01-19 17:48:14,546 [INFO] IPUIPlugin:80 - create IPUIPlugin
2026-01-19 17:48:14,546 [INFO] IPUIPlugin:80 - create IPUIPlugin
2026-01-19 17:48:14,546 [INFO] IPUIPlugin:80 - create IPUIPlugin
2026-01-19 17:48:14,547 [INFO] IPUIPlugin:80 - create IPUIPlugin
2026-01-19 17:48:14,547 [INFO] IPUIPlugin:80 - create IPUIPlugin
2026-01-19 17:48:14,547 [INFO] IPUIPlugin:80 - create IPUIPlugin
2026-01-19 17:48:14,547 [INFO] IPUIPlugin:80 - create IPUIPlugin
2026-01-19 17:48:14,548 [INFO] IPUIPlugin:80 - create IPUIPlugin
2026-01-19 17:48:14,548 [INFO] IPUIPlugin:80 - create IPUIPlugin
2026-01-19 17:48:14,548 [INFO] IPUIPlugin:80 - create IPUIPlugin
2026-01-19 17:48:14,548 [INFO] IPUIPlugin:80 - create IPUIPlugin
2026-01-19 17:48:14,548 [INFO] IPUIPlugin:80 - create IPUIPlugin
2026-01-19 17:48:14,549 [INFO] IPUIPlugin:80 - create IPUIPlugin
2026-01-19 17:48:14,549 [INFO] IPUIPlugin:80 - create IPUIPlugin
2026-01-19 17:48:14,549 [INFO] IPUIPlugin:80 - create IPUIPlugin
2026-01-19 17:48:14,549 [INFO] IPUIPlugin:80 - create IPUIPlugin
2026-01-19 17:48:14,549 [INFO] IPUIPlugin:80 - create IPUIPlugin
2026-01-19 17:48:14,550 [INFO] IPUIPlugin:80 - create IPUIPlugin
2026-01-19 17:48:14,550 [INFO] IPUIPlugin:80 - create IPUIPlugin
2026-01-19 17:48:14,550 [INFO] IPUIPlugin:80 - create IPUIPlugin
2026-01-19 17:48:14,550 [INFO] IPUIPlugin:80 - create IPUIPlugin
2026-01-19 17:48:14,550 [INFO] IPUIPlugin:80 - create IPUIPlugin
2026-01-19 17:48:14,551 [INFO] IPUIPlugin:80 - create IPUIPlugin
2026-01-19 17:48:14,551 [INFO] IPUIPlugin:80 - create IPUIPlugin
2026-01-19 17:48:14,551 [INFO] IPUIPlugin:80 - create IPUIPlugin
2026-01-19 17:48:14,551 [INFO] IPUIPlugin:80 - create IPUIPlugin
2026-01-19 17:48:14,552 [INFO] IPUIPlugin:80 - create IPUIPlugin
2026-01-19 17:48:14,553 [INFO] IPUIPlugin:80 - create IPUIPlugin
2026-01-19 17:48:14,553 [INFO] IPUIPlugin:80 - create IPUIPlugin
2026-01-19 17:48:14,553 [INFO] IPUIPlugin:80 - create IPUIPlugin
2026-01-19 17:48:14,554 [INFO] IPUIPlugin:80 - create IPUIPlugin
2026-01-19 17:48:14,554 [INFO] IPUIPlugin:80 - create IPUIPlugin
2026-01-19 17:48:14,554 [INFO] IPUIPlugin:80 - create IPUIPlugin
2026-01-19 17:48:14,554 [INFO] IPUIPlugin:80 - create IPUIPlugin
2026-01-19 17:48:14,555 [INFO] IPUIPlugin:80 - create IPUIPlugin
2026-01-19 17:48:14,555 [INFO] IPUIPlugin:80 - create IPUIPlugin
2026-01-19 17:48:14,555 [INFO] IPUIPlugin:80 - create IPUIPlugin
2026-01-19 17:48:14,555 [INFO] IPUIPlugin:80 - create IPUIPlugin
2026-01-19 17:48:14,555 [INFO] IPUIPlugin:80 - create IPUIPlugin
2026-01-19 17:48:14,556 [INFO] IPUIPlugin:80 - create IPUIPlugin
2026-01-19 17:48:14,556 [INFO] IPUIPlugin:80 - create IPUIPlugin
2026-01-19 17:48:14,556 [INFO] IPUIPlugin:80 - create IPUIPlugin
2026-01-19 17:48:14,556 [INFO] IPUIPlugin:80 - create IPUIPlugin
2026-01-19 17:48:14,557 [INFO] IPUIPlugin:80 - create IPUIPlugin
2026-01-19 17:48:14,557 [INFO] IPUIPlugin:80 - create IPUIPlugin
2026-01-19 17:48:14,557 [INFO] IPUIPlugin:80 - create IPUIPlugin
2026-01-19 17:48:14,557 [INFO] IPUIPlugin:80 - create IPUIPlugin
2026-01-19 17:48:14,558 [INFO] IPUIPlugin:80 - create IPUIPlugin
2026-01-19 17:48:14,558 [INFO] IPUIPlugin:80 - create IPUIPlugin
2026-01-19 17:48:14,558 [INFO] IPUIPlugin:80 - create IPUIPlugin
2026-01-19 17:48:14,558 [INFO] IPUIPlugin:80 - create IPUIPlugin
2026-01-19 17:48:14,559 [INFO] IPUIPlugin:80 - create IPUIPlugin
2026-01-19 17:48:14,559 [INFO] IPUIPlugin:80 - create IPUIPlugin
2026-01-19 17:48:14,560 [INFO] IPUIPlugin:80 - create IPUIPlugin
2026-01-19 17:48:14,560 [INFO] IPUIPlugin:80 - create IPUIPlugin
2026-01-19 17:48:14,560 [INFO] IPUIPlugin:80 - create IPUIPlugin
2026-01-19 17:48:14,561 [INFO] IPUIPlugin:80 - create IPUIPlugin
2026-01-19 17:48:14,561 [INFO] IPUIPlugin:80 - create IPUIPlugin
2026-01-19 17:48:14,561 [INFO] IPUIPlugin:80 - create IPUIPlugin
2026-01-19 17:48:14,562 [INFO] IPUIPlugin:80 - create IPUIPlugin
2026-01-19 17:48:14,562 [INFO] IPUIPlugin:80 - create IPUIPlugin
2026-01-19 17:48:14,610 [INFO] ApiDbMcu:532 - Load IP Config File for PDM2PCM
2026-01-19 17:48:14,845 [INFO] CADModel:165 - CPN selected for project levelSTM32H753ZIT6
2026-01-19 17:48:14,845 [INFO] CADModel:114 - Register for checkConnection events
2026-01-19 17:48:14,907 [INFO] OpenFileManager:386 - Restore cursor
2026-01-19 19:38:34,578 [INFO] NvicIntPanel:101 - NVIC parent = com.st.microxplorer.plugins.ip.nvic.MultiNvicIntPanel[,0,0,597x331,layout=javax.swing.BoxLayout,alignmentX=0.0,alignmentY=0.0,border=,flags=9,maximumSize=,minimumSize=,preferredSize=]
2026-01-19 20:08:31,763 [ERROR] LogOutputStream:75 - [STDERR_REDIRECT] 
2026-01-19 20:08:31,765 [ERROR] LogOutputStream:75 - [STDERR_REDIRECT] 
